expiry,start,end,days,open,ref920,high,low,close,range,move,up,down,range_pct,abs_move,year,expiry_wd
2021-10-07,2021-10-01,2021-10-07,5,17531.9,17487.6,17884.6,17452.9,17797.2,431.6999999999971,309.6000000000022,397.0,34.69999999999709,2.4623685966723348,309.6000000000022,2021,Thu
2021-10-14,2021-10-08,2021-10-14,5,17886.8,17865.8,18350.8,17839.1,18339.1,511.7000000000007,473.2999999999993,485.0,26.700000000000728,2.8607688351186393,473.2999999999993,2021,Thu
2021-10-21,2021-10-18,2021-10-21,4,18500.1,18449.3,18604.4,18048.0,18219.6,556.4000000000015,-229.70000000000073,155.10000000000218,401.2999999999993,3.0075513105334646,229.70000000000073,2021,Thu
2021-10-28,2021-10-22,2021-10-28,5,18230.7,18251.0,18342.1,17799.4,17862.9,542.6999999999971,-388.09999999999854,91.09999999999854,451.59999999999854,2.9768467475192786,388.09999999999854,2021,Thu
2021-11-03,2021-10-29,2021-11-03,4,17833.1,17695.8,18012.2,17613.1,17833.0,399.1000000000022,137.20000000000073,316.40000000000146,82.70000000000073,2.2379732071260867,137.20000000000073,2021,Wed
2021-11-11,2021-11-04,2021-11-11,5,17829.2,17829.2,18112.6,17798.2,17885.7,314.3999999999978,56.5,283.3999999999978,31.0,1.7633993673299857,56.5,2021,Thu
2021-11-18,2021-11-12,2021-11-18,5,17977.6,17979.8,18210.2,17688.5,17745.2,521.7000000000007,-234.59999999999854,230.40000000000146,291.2999999999993,2.9019446422214354,234.59999999999854,2021,Thu
2021-11-25,2021-11-22,2021-11-25,4,17796.2,17682.4,17805.2,17216.1,17547.0,589.1000000000022,-135.40000000000146,8.099999999998545,466.3000000000029,3.310257245928918,135.40000000000146,2021,Thu
2021-12-02,2021-11-26,2021-12-02,5,17338.8,17315.2,17420.3,16782.4,17401.5,637.8999999999978,86.29999999999927,105.09999999999854,532.7999999999993,3.6790319976007444,86.29999999999927,2021,Thu
2021-12-09,2021-12-03,2021-12-09,5,17424.9,17475.5,17543.2,16891.7,17502.7,651.5,27.200000000000728,67.70000000000073,583.7999999999993,3.738902375336443,27.200000000000728,2021,Thu
2021-12-16,2021-12-10,2021-12-16,5,17476.1,17483.4,17639.5,17184.9,17285.6,454.59999999999854,-197.8000000000029,156.09999999999854,298.5,2.6012668730437487,197.8000000000029,2021,Thu
2021-12-23,2021-12-17,2021-12-23,5,17276.0,17202.6,17298.2,16410.2,17051.1,888.0,-151.5,9.600000000002183,792.3999999999978,5.140078721926372,151.5,2021,Thu
2021-12-30,2021-12-24,2021-12-30,5,17149.5,17054.8,17285.9,16833.2,17228.9,452.7000000000007,174.10000000000218,231.10000000000218,221.59999999999854,2.6397271057465277,174.10000000000218,2021,Thu
2022-01-06,2021-12-31,2022-01-06,5,17244.5,17302.2,17944.7,17238.5,17746.0,706.2000000000007,443.7999999999993,642.5,8.299999999999272,4.095218765403466,443.7999999999993,2021,Thu
2022-01-13,2022-01-07,2022-01-13,5,17797.6,17829.6,18272.2,17704.6,18258.6,567.6000000000022,429.0,442.6000000000022,125.0,3.1891940486357835,429.0,2022,Thu
2022-01-20,2022-01-14,2022-01-20,5,18185.0,18132.7,18350.9,17648.4,17782.9,702.5,-349.7999999999993,218.20000000000073,484.2999999999993,3.86307396205664,349.7999999999993,2022,Thu
2022-01-27,2022-01-21,2022-01-27,4,17613.7,17569.0,17707.6,16836.8,17149.3,870.7999999999993,-419.7000000000007,138.59999999999854,732.2000000000007,4.943878912437474,419.7000000000007,2022,Thu
2022-02-03,2022-01-28,2022-02-03,5,17208.3,17284.2,17794.6,17077.1,17520.2,717.5,236.0,510.3999999999978,207.10000000000218,4.169499601936275,236.0,2022,Thu
2022-02-10,2022-02-04,2022-02-10,5,17590.2,17501.8,17639.4,17043.7,17586.9,595.7000000000007,85.10000000000218,137.60000000000218,458.09999999999854,3.3865447806164837,85.10000000000218,2022,Thu
2022-02-17,2022-02-11,2022-02-17,5,17451.0,17435.3,17490.6,16809.7,17280.2,680.8999999999978,-155.09999999999854,55.29999999999927,625.5999999999985,3.9017821328290516,155.09999999999854,2022,Thu
2022-02-24,2022-02-18,2022-02-24,5,17236.1,17264.6,17380.8,16203.2,16217.8,1177.5999999999985,-1046.7999999999993,116.20000000000073,1061.3999999999978,6.8321720110697814,1046.7999999999993,2022,Thu
2022-03-03,2022-02-25,2022-03-03,4,16515.7,16563.7,16815.9,16356.3,16508.8,459.6000000000022,-54.900000000001455,252.20000000000073,207.40000000000146,2.7828066627512134,54.900000000001455,2022,Thu
2022-03-10,2022-03-04,2022-03-10,5,16339.5,16254.4,16757.3,15671.5,16566.3,1085.7999999999993,311.89999999999964,502.89999999999964,582.8999999999996,6.645246182563722,311.89999999999964,2022,Thu
2022-03-17,2022-03-11,2022-03-17,5,16528.8,16539.0,17344.6,16470.9,17299.4,873.6999999999971,760.4000000000015,805.5999999999985,6.200000000000728,5.285925173031298,760.4000000000015,2022,Thu
2022-03-24,2022-03-21,2022-03-24,4,17329.5,17279.8,17442.4,17006.3,17197.3,436.1000000000022,-82.5,162.60000000000218,273.5,2.516518076112999,82.5,2022,Thu
2022-03-31,2022-03-25,2022-03-31,5,17289.0,17215.4,17559.8,17003.9,17468.8,555.8999999999978,253.39999999999782,344.3999999999978,211.5,3.2153392330383355,253.39999999999782,2022,Thu
2022-04-07,2022-04-01,2022-04-07,5,17436.9,17482.8,18114.7,17422.7,17655.2,692.0,172.40000000000146,631.9000000000015,22.5,3.968595335179992,172.40000000000146,2022,Thu
2022-04-13,2022-04-08,2022-04-13,4,17698.2,17691.6,17842.8,17442.3,17467.4,400.5,-224.1999999999971,151.20000000000073,249.29999999999927,2.2629419941010953,224.1999999999971,2022,Wed
2022-04-21,2022-04-18,2022-04-21,4,17183.4,17192.0,17414.7,16824.7,17400.1,590.0,208.09999999999854,222.70000000000073,367.2999999999993,3.433546329597169,208.09999999999854,2022,Thu
2022-04-28,2022-04-22,2022-04-28,5,17242.8,17210.5,17322.5,16888.7,17231.3,433.7999999999993,20.799999999999272,112.0,321.7999999999993,2.515832695385896,20.799999999999272,2022,Thu
2022-05-05,2022-04-29,2022-05-05,4,17329.2,17317.2,17377.7,16623.9,16669.2,753.7999999999993,-648.0,60.5,693.2999999999993,4.349883433741888,648.0,2022,Thu
2022-05-12,2022-05-06,2022-05-12,5,16415.6,16414.7,16484.2,15735.8,15826.5,748.4000000000015,-588.2000000000007,69.5,678.9000000000015,4.559077950242461,588.2000000000007,2022,Thu
2022-05-19,2022-05-13,2022-05-19,5,15977.0,15935.2,16399.8,15739.7,15828.5,660.0999999999985,-106.70000000000073,464.59999999999854,195.5,4.131564123427418,106.70000000000073,2022,Thu
2022-05-26,2022-05-20,2022-05-26,5,16043.8,16072.3,16414.7,15903.7,16201.5,511.0,129.20000000000073,342.40000000000146,168.59999999999854,3.1850309776985504,129.20000000000073,2022,Thu
2022-06-02,2022-05-27,2022-06-02,5,16296.6,16282.1,16695.5,16222.0,16637.4,473.5,355.3000000000011,413.39999999999964,60.100000000000364,2.905514033602101,355.3000000000011,2022,Thu
2022-06-09,2022-06-03,2022-06-09,5,16761.7,16776.2,16793.8,16243.8,16481.8,550.0,-294.40000000000146,17.599999999998545,532.4000000000015,3.281290083941366,294.40000000000146,2022,Thu
2022-06-16,2022-06-10,2022-06-16,5,16284.0,16309.0,16324.7,15335.1,15348.2,989.6000000000004,-960.7999999999993,15.700000000000728,973.8999999999996,6.077130926062395,960.7999999999993,2022,Thu
2022-06-23,2022-06-17,2022-06-23,5,15272.7,15281.6,15707.2,15183.4,15577.5,523.8000000000011,295.89999999999964,425.60000000000036,98.20000000000073,3.429648981516045,295.89999999999964,2022,Thu
2022-06-30,2022-06-24,2022-06-30,5,15657.4,15703.6,15927.5,15619.5,15735.9,308.0,32.29999999999927,223.89999999999964,84.10000000000036,1.9671209779401435,32.29999999999927,2022,Thu
2022-07-07,2022-07-01,2022-07-07,5,15703.7,15690.0,16150.5,15511.0,16138.9,639.5,448.89999999999964,460.5,179.0,4.072288696294503,448.89999999999964,2022,Thu
2022-07-14,2022-07-08,2022-07-14,5,16273.7,16209.6,16275.5,15858.2,15948.0,417.2999999999993,-261.60000000000036,38.899999999999636,351.39999999999964,2.564260125232733,261.60000000000036,2022,Thu
2022-07-21,2022-07-15,2022-07-21,5,16010.8,16022.7,16626.9,15927.3,16609.8,699.6000000000022,587.0999999999985,604.2000000000007,95.40000000000146,4.3695505533764845,587.0999999999985,2022,Thu
2022-07-28,2022-07-22,2022-07-28,5,16661.2,16682.8,16947.7,16438.8,16922.1,508.90000000000146,239.29999999999927,264.90000000000146,244.0,3.0544018438047766,239.29999999999927,2022,Thu
2022-08-04,2022-07-29,2022-08-04,5,17079.5,17095.1,17490.7,17018.2,17364.0,472.5,268.90000000000146,395.6000000000022,76.89999999999782,2.766474428408326,268.90000000000146,2022,Thu
2022-08-11,2022-08-05,2022-08-11,4,17423.7,17392.2,17719.3,17348.8,17638.7,370.5,246.5,327.09999999999854,43.400000000001455,2.126414022279998,246.5,2022,Thu
2022-08-18,2022-08-12,2022-08-18,4,17659.7,17643.3,17968.4,17597.8,17964.4,370.6000000000022,321.1000000000022,325.1000000000022,45.5,2.0985633957541867,321.1000000000022,2022,Thu
2022-08-25,2022-08-19,2022-08-25,5,17966.6,17965.5,17992.2,17345.2,17508.2,647.0,-457.2999999999993,13.599999999998545,620.2999999999993,3.6011265347923374,457.2999999999993,2022,Thu
2022-09-01,2022-08-26,2022-09-01,4,17619.3,17651.8,17777.7,17166.2,17563.2,611.5,-88.59999999999854,125.90000000000146,485.59999999999854,3.470625961303798,88.59999999999854,2022,Thu
2022-09-08,2022-09-02,2022-09-08,5,17598.4,17585.8,17807.7,17476.4,17800.1,331.2999999999993,214.29999999999927,221.90000000000146,109.39999999999782,1.8825575052277437,214.29999999999927,2022,Thu
2022-09-15,2022-09-09,2022-09-15,5,17923.3,17900.5,18096.2,17771.2,17872.3,325.0,-28.200000000000728,195.70000000000073,129.29999999999927,1.8132821522822247,28.200000000000728,2022,Thu
2022-09-22,2022-09-16,2022-09-22,5,17796.8,17791.1,17919.3,17429.7,17635.9,489.59999999999854,-155.1999999999971,128.20000000000073,361.3999999999978,2.7510563696844295,155.1999999999971,2022,Thu
2022-09-29,2022-09-23,2022-09-29,5,17593.8,17569.7,17642.2,16788.6,16842.9,853.6000000000022,-726.7999999999993,15.299999999999272,781.1000000000022,4.851709124805342,726.7999999999993,2022,Thu
2022-10-06,2022-09-30,2022-10-06,4,16798.1,16771.8,17428.8,16747.7,17316.3,681.0999999999985,544.5,657.0,19.599999999998545,4.05462522547192,544.5,2022,Thu
2022-10-13,2022-10-07,2022-10-13,5,17287.2,17312.9,17337.3,16950.3,17017.8,387.0,-295.1000000000022,24.399999999997817,362.6000000000022,2.2386505622657227,295.1000000000022,2022,Thu
2022-10-20,2022-10-14,2022-10-20,5,17322.3,17313.2,17607.6,17098.6,17565.2,509.0,252.0,294.3999999999978,214.60000000000218,2.938408871801089,252.0,2022,Thu
2022-10-27,2022-10-21,2022-10-27,3,17622.8,17628.3,17811.5,17520.8,17758.9,290.7000000000007,130.60000000000218,183.20000000000073,107.5,1.6495676056018382,130.60000000000218,2022,Thu
2022-11-03,2022-10-28,2022-11-03,5,17756.4,17793.9,18178.8,17723.7,18048.1,455.09999999999854,254.1999999999971,384.8999999999978,70.20000000000073,2.563019530986002,254.1999999999971,2022,Thu
2022-11-10,2022-11-04,2022-11-10,4,18053.4,18085.5,18296.4,17969.4,18036.8,327.0,-48.70000000000073,210.90000000000146,116.09999999999854,1.81129316361461,48.70000000000073,2022,Thu
2022-11-17,2022-11-11,2022-11-17,5,18272.3,18270.6,18442.2,18259.3,18333.9,182.90000000000146,63.30000000000291,171.60000000000218,0.0,1.0009686793671375,63.30000000000291,2022,Thu
2022-11-24,2022-11-18,2022-11-24,5,18382.9,18346.2,18529.7,18133.3,18510.8,396.40000000000146,164.59999999999854,183.5,212.90000000000146,2.156351826969637,164.59999999999854,2022,Thu
2022-12-01,2022-11-25,2022-12-01,5,18528.4,18469.2,18887.6,18365.6,18800.9,522.0,331.7000000000007,418.3999999999978,103.60000000000218,2.8172966904859567,331.7000000000007,2022,Thu
2022-12-08,2022-12-02,2022-12-08,5,18752.4,18758.8,18781.9,18528.4,18614.4,253.5,-144.39999999999782,5.400000000001455,230.39999999999782,1.3518269661483329,144.39999999999782,2022,Thu
2022-12-15,2022-12-09,2022-12-15,5,18662.4,18650.8,18696.1,18345.7,18399.8,350.3999999999978,-251.0,45.29999999999927,305.09999999999854,1.8775720164608933,251.0,2022,Thu
2022-12-22,2022-12-16,2022-12-22,5,18319.1,18355.9,18473.3,18068.6,18114.7,404.7000000000007,-241.20000000000073,117.39999999999782,287.3000000000029,2.209169664448585,241.20000000000073,2022,Thu
2022-12-29,2022-12-23,2022-12-29,5,17977.7,18006.3,18229.7,17774.2,18210.4,455.5,204.10000000000218,223.40000000000146,232.09999999999854,2.533694521546138,204.10000000000218,2022,Thu
2023-01-05,2022-12-30,2023-01-05,5,18259.1,18219.1,18265.2,17892.6,17999.8,372.6000000000022,-219.29999999999927,46.10000000000218,326.5,2.04062631783605,219.29999999999927,2022,Thu
2023-01-12,2023-01-06,2023-01-12,5,18008.1,17979.4,18141.4,17761.7,17866.0,379.7000000000007,-113.40000000000146,162.0,217.70000000000073,2.108495621414812,113.40000000000146,2023,Thu
2023-01-19,2023-01-13,2023-01-19,5,17867.5,17816.3,18183.8,17774.2,18089.1,409.59999999999854,272.7999999999993,367.5,42.099999999998545,2.292430390373575,272.7999999999993,2023,Thu
2023-01-25,2023-01-20,2023-01-25,4,18115.6,18094.1,18201.2,17846.2,17910.1,355.0,-184.0,107.10000000000218,247.89999999999782,1.9596369979465214,184.0,2023,Wed
2023-02-02,2023-01-27,2023-02-02,5,17877.2,17820.9,17972.2,17353.4,17611.8,618.7999999999993,-209.10000000000218,151.29999999999927,467.5,3.46139216432103,209.10000000000218,2023,Thu
2023-02-09,2023-02-03,2023-02-09,5,17721.8,17700.6,17916.9,17584.2,17897.1,332.7000000000007,196.5,216.3000000000029,116.39999999999782,1.877348802040429,196.5,2023,Thu
2023-02-16,2023-02-10,2023-02-16,5,17847.6,17845.4,18134.8,17719.8,18015.2,415.0,169.79999999999927,289.3999999999978,125.60000000000218,2.3252426096505974,169.79999999999927,2023,Thu
2023-02-23,2023-02-17,2023-02-23,5,17974.8,17968.7,18034.2,17455.4,17523.8,578.7999999999993,-444.90000000000146,65.5,513.2999999999993,3.220063644658073,444.90000000000146,2023,Thu
2023-03-02,2023-02-24,2023-03-02,5,17591.3,17587.5,17599.8,17255.2,17318.7,344.59999999999854,-268.7999999999993,12.299999999999272,332.2999999999993,1.9589228766492446,268.7999999999993,2023,Thu
2023-03-09,2023-03-03,2023-03-09,4,17451.2,17457.1,17799.9,17427.7,17582.8,372.2000000000007,125.70000000000073,342.8000000000029,4.0,2.1328046208856737,125.70000000000073,2023,Thu
2023-03-16,2023-03-10,2023-03-16,5,17443.8,17397.7,17529.9,16850.2,17010.4,679.7000000000007,-387.2999999999993,132.20000000000073,547.5,3.89651337437944,387.2999999999993,2023,Thu
2023-03-23,2023-03-17,2023-03-23,5,17111.8,17101.2,17207.2,16828.3,17068.4,378.90000000000146,-32.79999999999927,106.0,272.90000000000146,2.2142615037576494,32.79999999999927,2023,Thu
2023-03-29,2023-03-24,2023-03-29,4,17076.2,17087.8,17126.2,16913.8,17115.6,212.40000000000146,27.799999999999272,38.400000000001455,174.0,1.243836450732607,27.799999999999272,2023,Wed
2023-04-06,2023-03-31,2023-04-06,4,17210.3,17246.2,17638.7,17204.7,17602.0,434.0,355.7999999999993,392.5,12.5,2.521745698796651,355.7999999999993,2023,Thu
2023-04-13,2023-04-10,2023-04-13,4,17634.9,17636.4,17842.2,17597.9,17828.2,244.29999999999927,191.79999999999927,205.79999999999927,38.5,1.3853211529410387,191.79999999999927,2023,Thu
2023-04-20,2023-04-17,2023-04-20,4,17863.0,17673.2,17863.0,17574.1,17623.9,288.90000000000146,-49.29999999999927,82.59999999999854,99.10000000000218,1.6173095224766356,49.29999999999927,2023,Thu
2023-04-27,2023-04-21,2023-04-27,5,17639.8,17644.2,17931.6,17553.9,17923.2,377.6999999999971,279.0,287.3999999999978,90.29999999999927,2.14118073901063,279.0,2023,Thu
2023-05-04,2023-04-28,2023-05-04,4,17950.4,17928.1,18267.4,17885.3,18238.6,382.1000000000022,310.5,339.3000000000029,42.79999999999927,2.128643372849642,310.5,2023,Thu
2023-05-11,2023-05-05,2023-05-11,5,18117.3,18158.5,18389.7,18055.4,18304.5,334.2999999999993,146.0,231.20000000000073,103.09999999999854,1.8451976839816049,146.0,2023,Thu
2023-05-18,2023-05-12,2023-05-18,5,18273.8,18257.8,18458.9,18104.8,18134.7,354.1000000000022,-123.09999999999854,201.10000000000218,153.0,1.9377469382394585,123.09999999999854,2023,Thu
2023-05-25,2023-05-19,2023-05-25,5,18186.2,18146.8,18419.8,18060.4,18335.9,359.3999999999978,189.10000000000218,273.0,86.39999999999782,1.9762237300810386,189.10000000000218,2023,Thu
2023-06-01,2023-05-26,2023-06-01,5,18368.3,18349.4,18662.4,18333.2,18486.1,329.2000000000007,136.6999999999971,313.0,16.200000000000728,1.7922181149044862,136.6999999999971,2023,Thu
2023-06-08,2023-06-02,2023-06-08,5,18550.8,18568.3,18777.9,18478.4,18646.9,299.5,78.60000000000218,209.60000000000218,89.89999999999782,1.6144856286521336,78.60000000000218,2023,Thu
2023-06-15,2023-06-09,2023-06-15,5,18655.9,18665.1,18794.1,18555.4,18682.2,238.6999999999971,17.100000000002183,129.0,109.69999999999709,1.279487990394444,17.100000000002183,2023,Thu
2023-06-22,2023-06-16,2023-06-22,5,18723.3,18746.1,18886.6,18660.7,18779.3,225.89999999999782,33.20000000000073,140.5,85.39999999999782,1.2065180817483983,33.20000000000073,2023,Thu
2023-06-28,2023-06-23,2023-06-28,4,18741.8,18702.3,19011.2,18646.7,18993.0,364.5,290.7000000000007,308.90000000000146,55.599999999998545,1.9448505479729803,290.7000000000007,2023,Wed
2023-07-06,2023-06-30,2023-07-06,5,19076.8,19071.6,19512.2,19024.6,19486.2,487.6000000000022,414.6000000000022,440.6000000000022,3.7999999999992724,2.555984232156348,414.6000000000022,2023,Thu
2023-07-13,2023-07-07,2023-07-13,5,19422.8,19450.6,19567.0,19303.6,19443.2,263.40000000000146,-7.399999999997817,116.40000000000146,147.0,1.3561381469201221,7.399999999997817,2023,Thu
2023-07-20,2023-07-14,2023-07-20,5,19493.4,19492.8,19991.8,19433.5,19969.9,558.2999999999993,477.1000000000022,499.0,59.29999999999927,2.864046292591335,477.1000000000022,2023,Thu
2023-07-27,2023-07-21,2023-07-27,5,19800.4,19824.5,19887.4,19603.6,19700.2,283.8000000000029,-124.29999999999927,62.900000000001455,220.90000000000146,1.4333043776893544,124.29999999999927,2023,Thu
2023-08-03,2023-07-28,2023-08-03,5,19659.8,19630.4,19795.6,19296.4,19394.4,499.1999999999971,-236.0,165.1999999999971,334.0,2.5391916499659057,236.0,2023,Thu
2023-08-10,2023-08-04,2023-08-10,5,19462.8,19483.3,19645.5,19436.4,19549.2,209.09999999999854,65.90000000000146,162.20000000000073,46.89999999999782,1.074357235341259,65.90000000000146,2023,Thu
2023-08-17,2023-08-11,2023-08-17,4,19554.2,19494.8,19557.8,19257.9,19346.2,299.8999999999978,-148.59999999999854,6.0,236.89999999999782,1.5336858577696753,148.59999999999854,2023,Thu
2023-08-24,2023-08-18,2023-08-24,5,19301.8,19306.8,19584.4,19253.6,19380.4,330.8000000000029,73.60000000000218,277.6000000000022,53.20000000000073,1.7138297982571726,73.60000000000218,2023,Thu
2023-08-31,2023-08-25,2023-08-31,5,19297.4,19272.4,19452.8,19223.7,19279.6,229.09999999999854,7.19999999999709,180.39999999999782,48.70000000000073,1.1872065666877327,7.19999999999709,2023,Thu
2023-09-07,2023-09-01,2023-09-07,5,19258.2,19295.2,19737.0,19255.7,19723.2,481.2999999999993,428.0,441.7999999999993,10.200000000000728,2.4991951480408305,428.0,2023,Thu
2023-09-14,2023-09-08,2023-09-14,5,19774.8,19764.3,20167.7,19727.1,20101.8,440.6000000000022,337.5,403.40000000000146,35.599999999998545,2.2280882739648553,337.5,2023,Thu
2023-09-21,2023-09-15,2023-09-21,4,20156.4,20155.8,20222.4,19711.0,19748.8,511.40000000000146,-407.0,66.60000000000218,444.7999999999993,2.5371594133873185,407.0,2023,Thu
2023-09-28,2023-09-22,2023-09-28,5,19744.8,19776.3,19798.7,19492.1,19553.3,306.6000000000022,-223.0,22.400000000001455,284.2000000000007,1.5528139054333403,223.0,2023,Thu
2023-10-05,2023-09-29,2023-10-05,4,19581.2,19581.8,19726.2,19333.6,19546.6,392.6000000000022,-35.20000000000073,144.40000000000146,248.20000000000073,2.0049843727657253,35.20000000000073,2023,Thu
2023-10-12,2023-10-06,2023-10-12,5,19621.2,19604.1,19843.3,19480.5,19782.9,362.7999999999993,178.8000000000029,239.20000000000073,123.59999999999854,1.849020447271315,178.8000000000029,2023,Thu
2023-10-19,2023-10-13,2023-10-19,5,19654.6,19714.6,19849.8,19512.3,19611.9,337.5,-102.69999999999709,135.20000000000073,202.29999999999927,1.717155271539487,102.69999999999709,2023,Thu
2023-10-26,2023-10-20,2023-10-26,4,19542.2,19562.9,19593.8,18837.8,18848.5,756.0,-714.4000000000015,30.899999999997817,725.1000000000022,3.8685511354913977,714.4000000000015,2023,Thu
2023-11-02,2023-10-27,2023-11-02,5,18928.8,18937.1,19233.7,18926.7,19144.8,307.0,207.70000000000073,296.6000000000022,6.5,1.6218672076412664,207.70000000000073,2023,Thu
2023-11-09,2023-11-03,2023-11-09,5,19241.0,19248.3,19464.3,19210.9,19404.0,253.39999999999782,155.70000000000073,216.0,37.39999999999782,1.316979366976757,155.70000000000073,2023,Thu
2023-11-16,2023-11-10,2023-11-16,4,19356.8,19353.8,19874.8,19331.2,19761.2,543.5999999999985,407.40000000000146,521.0,19.899999999997817,2.8083154240370236,407.40000000000146,2023,Thu
2023-11-23,2023-11-17,2023-11-23,5,19674.8,19739.2,19874.6,19667.4,19811.0,207.1999999999971,71.79999999999927,135.39999999999782,68.0,1.0531237928720856,71.79999999999927,2023,Thu
2023-11-30,2023-11-24,2023-11-30,4,19809.6,19816.1,20157.3,19769.2,20127.2,388.09999999999854,311.1000000000022,341.2000000000007,46.89999999999782,1.9591511186495363,311.1000000000022,2023,Thu
2023-12-07,2023-12-01,2023-12-07,5,20194.1,20219.8,20961.4,20183.7,20916.1,777.7000000000007,696.2999999999993,741.6000000000022,7.599999999998545,3.8511248334909736,696.2999999999993,2023,Thu
2023-12-14,2023-12-08,2023-12-14,5,20934.1,20946.4,21210.8,20769.8,21195.2,441.0,248.79999999999927,264.3999999999978,176.60000000000218,2.1066107451478686,248.79999999999927,2023,Thu
2023-12-21,2023-12-15,2023-12-21,5,21287.4,21266.8,21592.1,20976.8,21283.0,615.2999999999993,16.200000000000728,325.2999999999993,290.0,2.8904422334338586,16.200000000000728,2023,Thu
2023-12-28,2023-12-22,2023-12-28,4,21295.8,21290.8,21798.6,21233.5,21773.7,565.0999999999985,482.90000000000146,507.7999999999993,57.29999999999927,2.6535748833103177,482.90000000000146,2023,Thu
2024-01-04,2023-12-29,2024-01-04,5,21737.7,21714.2,21834.3,21500.3,21669.6,334.0,-44.60000000000218,120.09999999999854,213.90000000000146,1.5365011017724965,44.60000000000218,2023,Thu
2024-01-11,2024-01-05,2024-01-11,5,21705.8,21742.2,21763.9,21448.7,21669.4,315.2000000000007,-72.79999999999927,21.700000000000728,293.5,1.4521464309078713,72.79999999999927,2024,Thu
2024-01-18,2024-01-12,2024-01-18,5,21773.6,21734.3,22124.2,21285.6,21477.2,838.6000000000022,-257.09999999999854,389.90000000000146,448.7000000000007,3.8514531359077147,257.09999999999854,2024,Thu
2024-01-25,2024-01-19,2024-01-25,5,21615.2,21645.6,21750.2,21137.2,21370.8,613.0,-274.7999999999993,104.60000000000218,508.3999999999978,2.835967282282838,274.7999999999993,2024,Thu
2024-02-01,2024-01-29,2024-02-01,4,21433.1,21476.8,21832.9,21429.6,21690.3,403.3000000000029,213.5,356.1000000000022,28.0,1.8816690072831412,213.5,2024,Thu
2024-02-08,2024-02-02,2024-02-08,5,21812.8,21918.6,22126.8,21665.3,21759.7,461.5,-158.89999999999782,208.20000000000073,253.29999999999927,2.1157302134526517,158.89999999999782,2024,Thu
2024-02-15,2024-02-09,2024-02-15,5,21727.0,21681.4,21953.8,21530.2,21927.1,423.59999999999854,245.6999999999971,272.3999999999978,151.20000000000073,1.949647903530163,245.6999999999971,2024,Thu
2024-02-22,2024-02-16,2024-02-22,5,22020.3,22004.9,22252.5,21875.25,22216.9,377.25,212.0,247.59999999999854,129.65000000000146,1.7131919183662347,212.0,2024,Thu
2024-02-29,2024-02-23,2024-02-29,5,22290.0,22259.2,22297.5,21860.65,22042.05,436.84999999999854,-217.15000000000146,21.549999999999272,398.5499999999993,1.9598474652310387,217.15000000000146,2024,Thu
2024-03-07,2024-03-01,2024-03-07,6,22061.6,22115.1,22525.65,22047.75,22483.5,477.90000000000146,368.40000000000146,410.5500000000029,9.349999999998545,2.1662073467019685,368.40000000000146,2024,Thu
2024-03-14,2024-03-11,2024-03-14,4,22517.5,22496.5,22526.6,21905.65,22153.05,620.9499999999971,-343.4500000000007,5.099999999998545,590.8499999999985,2.7576329521483163,343.4500000000007,2024,Thu
2024-03-21,2024-03-15,2024-03-21,5,22064.85,22089.5,22123.7,21710.2,22014.6,413.5,-74.90000000000146,34.20000000000073,379.2999999999993,1.8740213507003223,74.90000000000146,2024,Thu
2024-03-28,2024-03-22,2024-03-28,4,21932.2,21966.15,22516.0,21883.3,22343.1,632.7000000000007,376.9499999999971,549.8499999999985,82.85000000000218,2.8847995185161577,376.9499999999971,2024,Thu
2024-04-04,2024-04-01,2024-04-04,4,22455.0,22512.55,22619.0,22303.8,22541.2,315.2000000000007,28.650000000001455,106.45000000000073,208.75,1.4036962814517957,28.650000000001455,2024,Thu
2024-04-10,2024-04-05,2024-04-10,4,22486.4,22464.3,22775.7,22427.6,22735.05,348.1000000000022,270.75,311.40000000000146,36.70000000000073,1.5480468194108536,270.75,2024,Wed
2024-04-18,2024-04-12,2024-04-18,4,22677.4,22704.2,22726.45,21961.7,22045.75,764.75,-658.4500000000007,22.25,742.5,3.3723001755051283,658.4500000000007,2024,Thu
2024-04-25,2024-04-19,2024-04-25,5,21861.5,21811.4,22625.95,21777.65,22559.25,848.2999999999993,747.8499999999985,814.5499999999993,33.75,3.880337579763508,747.8499999999985,2024,Thu
2024-05-02,2024-04-26,2024-05-02,4,22620.4,22583.6,22783.35,22385.55,22656.75,397.7999999999993,73.15000000000146,199.75,198.04999999999927,1.758589591695988,73.15000000000146,2024,Thu
2024-05-09,2024-05-03,2024-05-09,5,22766.35,22769.6,22794.7,21932.4,21968.15,862.2999999999993,-801.4499999999971,25.100000000002183,837.1999999999971,3.7876075875140254,801.4499999999971,2024,Thu
2024-05-16,2024-05-10,2024-05-16,5,21990.95,21970.45,22432.25,21821.05,22392.35,611.2000000000007,421.8999999999978,461.7999999999993,149.40000000000146,2.7793251314745415,421.8999999999978,2024,Thu
2024-05-23,2024-05-17,2024-05-23,5,22415.25,22393.25,22993.6,22345.65,22951.0,647.9499999999971,557.75,600.3499999999985,47.599999999998545,2.8906659528668968,557.75,2024,Thu
2024-05-30,2024-05-24,2024-05-30,5,22930.75,22960.35,23110.8,22417.0,22557.1,693.7999999999993,-403.25,150.45000000000073,543.3499999999985,3.0256315209925506,403.25,2024,Thu
2024-06-06,2024-05-31,2024-06-06,5,22568.1,22594.55,23338.7,21281.45,22849.05,2057.25,254.5,744.1500000000015,1313.0999999999985,9.11574301779946,254.5,2024,Thu
2024-06-13,2024-06-07,2024-06-13,5,22821.85,22823.35,23481.05,22789.05,23399.35,692.0,576.0,657.7000000000007,0.0,3.0321818783315115,576.0,2024,Thu
2024-06-20,2024-06-14,2024-06-20,4,23464.95,23417.15,23664.0,23334.25,23579.15,329.75,162.0,246.84999999999854,82.90000000000146,1.405287460659409,162.0,2024,Thu
2024-06-27,2024-06-21,2024-06-27,5,23661.15,23614.1,24087.45,23350.0,24036.1,737.4500000000007,422.0,473.3500000000022,264.09999999999854,3.116712416767573,422.0,2024,Thu
2024-07-04,2024-06-28,2024-07-04,5,24085.9,24110.15,24401.0,23985.8,24304.65,415.2000000000007,194.5,290.84999999999854,124.35000000000218,1.7238301246787566,194.5,2024,Thu
2024-07-11,2024-07-05,2024-07-11,5,24213.35,24202.45,24461.05,24141.8,24338.5,319.25,136.04999999999927,258.59999999999854,60.650000000001455,1.318487528574113,136.04999999999927,2024,Thu
2024-07-18,2024-07-12,2024-07-18,4,24387.95,24354.6,24837.75,24331.15,24779.35,506.59999999999854,424.75,483.15000000000146,23.44999999999709,2.0772553658671535,424.75,2024,Thu
2024-07-25,2024-07-19,2024-07-25,5,24853.8,24742.25,24854.8,24074.2,24415.0,780.5999999999985,-327.25,31.450000000000728,668.0499999999993,3.1407672066243335,327.25,2024,Thu
2024-08-01,2024-07-26,2024-08-01,5,24423.35,24463.95,25078.3,24410.9,25006.0,667.3999999999978,542.0499999999993,614.3499999999985,4.450000000000728,2.732630863497423,542.0499999999993,2024,Thu
2024-08-08,2024-08-02,2024-08-08,5,24789.0,24829.9,24851.9,23893.7,24098.7,958.2000000000007,-731.2000000000007,22.0,936.2000000000007,3.865424180079877,731.2000000000007,2024,Thu
2024-08-14,2024-08-09,2024-08-14,4,24386.85,24345.8,24472.8,24099.7,24144.5,373.09999999999854,-201.29999999999927,127.0,246.09999999999854,1.5299228887699665,201.29999999999927,2024,Wed
2024-08-22,2024-08-16,2024-08-22,5,24334.85,24342.45,24867.35,24204.5,24810.9,662.8499999999985,468.4500000000007,524.8999999999978,137.95000000000073,2.7238713203492053,468.4500000000007,2024,Thu
2024-08-29,2024-08-23,2024-08-29,5,24845.4,24805.15,25192.9,24771.65,25156.75,421.25,351.59999999999854,387.75,33.5,1.695484878488573,351.59999999999854,2024,Thu
2024-09-05,2024-08-30,2024-09-05,5,25249.7,25239.6,25333.65,25083.8,25144.8,249.85000000000218,-94.79999999999927,94.05000000000291,155.79999999999927,0.9895167071292023,94.79999999999927,2024,Thu
2024-09-12,2024-09-06,2024-09-12,5,25093.7,25089.1,25433.35,24753.15,25314.95,680.1999999999971,225.85000000000218,344.25,335.9499999999971,2.710640519333526,225.85000000000218,2024,Thu
2024-09-19,2024-09-13,2024-09-19,5,25430.45,25343.3,25611.95,25285.55,25445.0,326.40000000000146,101.70000000000073,268.65000000000146,57.75,1.2835006852021944,101.70000000000073,2024,Thu
2024-09-26,2024-09-20,2024-09-26,5,25525.95,25493.15,26250.9,25426.6,26184.65,824.3000000000029,691.5,757.75,66.55000000000291,3.22926276984795,691.5,2024,Thu
2024-10-03,2024-09-27,2024-10-03,4,26248.25,26225.0,26277.35,25230.3,25266.0,1047.0499999999993,-959.0,52.349999999998545,994.7000000000007,3.9890278399512322,959.0,2024,Thu
2024-10-10,2024-10-04,2024-10-10,5,25181.9,25168.55,25485.05,24694.35,25007.55,790.7000000000007,-161.0,316.5,474.2000000000007,3.1399536969013484,161.0,2024,Thu
2024-10-17,2024-10-11,2024-10-17,5,24985.3,24953.2,25212.05,24728.9,24750.2,483.1499999999978,-203.0,258.84999999999854,224.29999999999927,1.9337370373779694,203.0,2024,Thu
2024-10-24,2024-10-18,2024-10-24,5,24664.95,24607.35,24978.3,24341.2,24414.6,637.0999999999985,-192.75,370.9500000000007,266.1499999999978,2.583017601900667,192.75,2024,Thu
2024-10-31,2024-10-25,2024-10-31,5,24418.05,24410.6,24498.2,24073.9,24238.5,424.2999999999993,-172.09999999999854,87.60000000000218,336.6999999999971,1.7376489932652248,172.09999999999854,2024,Thu
2024-11-07,2024-11-04,2024-11-07,4,24315.75,24115.1,24537.6,23816.15,24194.6,721.4499999999971,79.5,422.5,298.9499999999971,2.967006981071927,79.5,2024,Thu
2024-11-14,2024-11-08,2024-11-14,5,24207.7,24085.9,24336.8,23484.15,23559.6,852.6499999999978,-526.3000000000029,250.89999999999782,601.75,3.5222263990383134,526.3000000000029,2024,Thu
2024-11-21,2024-11-18,2024-11-21,3,23605.3,23531.6,23780.65,23263.15,23346.75,517.5,-184.84999999999854,249.0500000000029,268.4499999999971,2.1923042706510825,184.84999999999854,2024,Thu
2024-11-28,2024-11-22,2024-11-28,5,23411.8,23420.25,24354.55,23359.0,23957.45,995.5499999999993,537.2000000000007,934.2999999999993,11.849999999998545,4.252342835664064,537.2000000000007,2024,Thu
2024-12-05,2024-11-29,2024-12-05,5,23927.15,23969.55,24857.75,23927.15,24701.55,930.5999999999985,732.0,888.2000000000007,22.200000000000728,3.889305663231929,732.0,2024,Thu
2024-12-12,2024-12-06,2024-12-12,5,24729.45,24689.05,24751.05,24510.65,24539.5,240.39999999999782,-149.54999999999927,62.0,178.39999999999782,0.9721202857321849,149.54999999999927,2024,Thu
2024-12-19,2024-12-13,2024-12-19,5,24498.35,24470.0,24792.3,23870.3,23961.95,922.0,-508.0499999999993,322.2999999999993,599.7000000000007,3.7635187675904707,508.0499999999993,2024,Thu
2024-12-26,2024-12-20,2024-12-26,4,23960.7,23925.5,24065.8,23537.35,23760.3,528.4500000000007,-165.20000000000073,140.29999999999927,388.15000000000146,2.205486484117746,165.20000000000073,2024,Thu
2025-01-02,2024-12-27,2025-01-02,5,23801.4,23822.9,24226.7,23460.45,24167.95,766.25,345.0499999999993,403.7999999999993,362.4500000000007,3.219348441688304,345.0499999999993,2024,Thu
2025-01-09,2025-01-03,2025-01-09,5,24196.4,24176.05,24196.45,23496.15,23557.2,700.2999999999993,-618.8499999999985,3.25,679.8999999999978,2.894232199831377,618.8499999999985,2025,Thu
2025-01-16,2025-01-10,2025-01-16,5,23551.9,23561.2,23596.6,23047.25,23350.8,549.3499999999985,-210.40000000000146,35.39999999999782,513.9500000000007,2.3325082052827946,210.40000000000146,2025,Thu
2025-01-23,2025-01-17,2025-01-23,5,23277.1,23178.2,23426.3,22976.85,23216.3,449.4500000000007,38.099999999998545,248.09999999999854,201.35000000000218,1.930867676815414,38.099999999998545,2025,Thu
2025-01-30,2025-01-24,2025-01-30,5,23183.9,23275.8,23347.3,22786.9,23297.95,560.3999999999978,22.150000000001455,71.5,488.8999999999978,2.4171946911434135,22.150000000001455,2025,Thu
2025-02-06,2025-01-31,2025-02-06,6,23296.75,23301.2,23807.3,23222.0,23628.05,585.2999999999993,326.84999999999854,506.09999999999854,79.20000000000073,2.5123676049234307,326.84999999999854,2025,Thu
2025-02-13,2025-02-07,2025-02-13,5,23649.5,23583.1,23694.5,22798.35,23019.4,896.1500000000015,-563.6999999999971,111.40000000000146,784.75,3.789297870990936,563.6999999999971,2025,Thu
2025-02-20,2025-02-14,2025-02-20,5,23096.45,23092.05,23133.7,22725.45,22906.25,408.25,-185.79999999999927,8.450000000000728,366.59999999999854,1.767587659575389,185.79999999999927,2025,Thu
2025-02-27,2025-02-21,2025-02-27,4,22857.2,22906.7,22921.0,22508.4,22510.85,412.59999999999854,-395.8500000000022,14.299999999999272,398.2999999999993,1.8051204871987754,395.8500000000022,2025,Thu
2025-03-06,2025-02-28,2025-03-06,5,22433.4,22320.05,22556.45,21964.6,22529.2,591.8500000000022,209.15000000000146,236.40000000000146,355.4500000000007,2.638253675323411,209.15000000000146,2025,Thu
2025-03-13,2025-03-07,2025-03-13,5,22508.65,22560.35,22676.75,22314.7,22383.3,362.0499999999993,-177.04999999999927,116.40000000000146,245.64999999999782,1.608492735015202,177.04999999999927,2025,Thu
2025-03-20,2025-03-17,2025-03-20,4,22353.15,22504.2,23216.7,22353.15,23165.7,863.5499999999993,661.5,712.5,62.20000000000073,3.863213909449,661.5,2025,Thu
2025-03-27,2025-03-21,2025-03-27,5,23168.25,23195.0,23869.6,23132.8,23601.05,736.7999999999993,406.0499999999993,674.5999999999985,39.900000000001455,3.180214301900227,406.0499999999993,2025,Thu
2025-04-03,2025-03-28,2025-04-03,4,23600.4,23604.9,23649.2,23136.4,23241.6,512.7999999999993,-363.3000000000029,44.29999999999927,468.5,2.1728445280588433,363.3000000000029,2025,Thu
2025-04-09,2025-04-04,2025-04-09,4,23190.4,23094.65,23214.7,21743.65,22420.4,1471.0499999999993,-674.25,42.29999999999927,1351.0,6.34335759624672,674.25,2025,Wed
2025-04-17,2025-04-11,2025-04-17,4,22695.4,22766.05,23872.35,22695.4,23837.75,1176.949999999997,1071.7000000000007,1106.2999999999993,30.0,5.185852639741961,1071.7000000000007,2025,Thu
2025-04-24,2025-04-21,2025-04-24,4,23949.15,23959.4,24359.3,23903.65,24245.05,455.6499999999978,285.6499999999978,399.8999999999978,55.75,1.9025727426651793,285.6499999999978,2025,Thu
2025-04-30,2025-04-25,2025-04-30,4,24289.0,24327.35,24457.65,23847.85,24246.25,609.8000000000029,-81.09999999999854,130.3000000000029,479.5,2.5106015068549667,81.09999999999854,2025,Wed
2025-05-08,2025-05-02,2025-05-08,5,24311.9,24410.3,24589.15,24150.2,24154.1,438.9500000000007,-256.2000000000007,178.85000000000218,260.09999999999854,1.8054944286542836,256.2000000000007,2025,Thu
2025-05-15,2025-05-09,2025-05-15,5,23935.75,24113.5,25116.25,23935.75,25035.3,1180.5,921.7999999999993,1002.75,164.29999999999927,4.931953249845942,921.7999999999993,2025,Thu
2025-05-22,2025-05-16,2025-05-22,5,25064.65,25003.5,25070.0,24462.4,24637.0,607.5999999999985,-366.5,66.5,541.0999999999985,2.424131196725263,366.5,2025,Thu
2025-05-29,2025-05-23,2025-05-29,5,24639.5,24626.5,25079.2,24614.05,24880.85,465.15000000000146,254.34999999999854,452.7000000000007,0.6500000000014552,1.887822398993492,254.34999999999854,2025,Thu
2025-06-05,2025-05-30,2025-06-05,5,24812.6,24805.55,24899.85,24502.15,24761.1,397.6999999999971,-44.45000000000073,94.29999999999927,303.3999999999978,1.6028146989835692,44.45000000000073,2025,Thu
2025-06-12,2025-06-06,2025-06-12,5,24748.7,24749.65,25222.4,24671.45,24856.0,550.9500000000007,106.34999999999854,472.75,78.20000000000073,2.226177536597885,106.34999999999854,2025,Thu
2025-06-19,2025-06-13,2025-06-19,5,24473.0,24604.6,24982.05,24473.0,24744.7,509.0499999999993,140.10000000000218,377.4500000000007,22.349999999998545,2.080047399174598,140.10000000000218,2025,Thu
2025-06-26,2025-06-20,2025-06-26,5,24787.65,24861.15,25565.3,24783.65,25530.4,781.6499999999978,669.25,704.1499999999978,46.30000000000291,3.153384850923737,669.25,2025,Thu
2025-07-03,2025-06-27,2025-07-03,5,25576.65,25597.8,25669.35,25378.75,25397.4,290.59999999999854,-200.39999999999782,71.54999999999927,219.04999999999927,1.136192581905756,200.39999999999782,2025,Thu
2025-07-10,2025-07-04,2025-07-10,5,25428.85,25411.95,25548.7,25331.65,25348.15,217.04999999999927,-63.79999999999927,136.75,80.29999999999927,0.85355806495378,63.79999999999927,2025,Thu
2025-07-17,2025-07-11,2025-07-17,5,25255.5,25288.45,25322.45,25001.95,25109.5,320.5,-178.95000000000073,34.0,286.5,1.2690305082061333,178.95000000000073,2025,Thu
2025-07-24,2025-07-18,2025-07-24,5,25108.55,25087.3,25246.25,24882.3,25051.9,363.9500000000007,-35.39999999999782,158.95000000000073,205.0,1.4495062438890367,35.39999999999782,2025,Thu
2025-07-31,2025-07-25,2025-07-31,5,24994.85,24935.05,24994.85,24608.3,24765.6,386.5499999999993,-169.45000000000073,58.79999999999927,326.75,1.5465185828280599,169.45000000000073,2025,Thu
2025-08-07,2025-08-01,2025-08-07,5,24734.9,24725.9,24784.15,24344.15,24626.65,440.0,-99.25,58.25,381.75,1.7788630639299128,99.25,2025,Thu
2025-08-14,2025-08-08,2025-08-14,5,24544.25,24573.0,24702.6,24337.5,24616.05,365.09999999999854,43.04999999999927,129.59999999999854,235.5,1.4875174429856222,43.04999999999927,2025,Thu
2025-08-21,2025-08-18,2025-08-21,4,24938.2,24945.05,25153.65,24852.85,25076.95,300.8000000000029,131.90000000000146,208.60000000000218,92.20000000000073,1.2061816811157298,131.90000000000146,2025,Thu
2025-08-28,2025-08-22,2025-08-28,4,25064.15,25022.25,25084.85,24481.6,24533.1,603.25,-489.15000000000146,0.8499999999985448,540.6500000000015,2.4068240893866335,489.15000000000146,2025,Thu
2025-09-02,2025-08-29,2025-09-02,3,24466.7,24508.7,24756.1,24404.7,24575.0,351.3999999999978,66.29999999999927,247.39999999999782,104.0,1.4362378252890573,66.29999999999927,2025,Tue
2025-09-09,2025-09-03,2025-09-09,5,24616.5,24541.2,24980.75,24533.2,24878.8,447.5499999999993,337.59999999999854,439.5499999999993,2.7000000000007276,1.8180894928198534,337.59999999999854,2025,Tue
2025-09-16,2025-09-10,2025-09-16,5,24991.0,24963.0,25261.4,24915.05,25254.45,346.3500000000022,291.4500000000007,298.40000000000146,47.95000000000073,1.3858989236125092,291.4500000000007,2025,Tue
2025-09-23,2025-09-17,2025-09-23,5,25276.6,25296.45,25448.95,25084.65,25185.8,364.2999999999993,-110.65000000000146,152.5,211.79999999999927,1.4412539661188581,110.65000000000146,2025,Tue
2025-09-30,2025-09-24,2025-09-30,5,25108.75,25092.5,25149.85,24587.7,24633.6,562.1499999999978,-458.90000000000146,49.54999999999927,504.7999999999993,2.2388609548464093,458.90000000000146,2025,Tue
2025-10-07,2025-10-01,2025-10-07,4,24620.55,24621.8,25220.9,24605.95,25112.8,614.9500000000007,491.0,599.1000000000022,15.849999999998545,2.497710246115545,491.0,2025,Tue
2025-10-14,2025-10-08,2025-10-14,5,25079.75,25147.0,25330.75,25008.5,25123.35,322.25,-23.650000000001455,183.75,138.5,1.284901165282748,23.650000000001455,2025,Tue
2025-10-20,2025-10-15,2025-10-20,4,25181.95,25242.0,25926.2,25159.35,25850.7,766.8500000000022,608.7000000000007,684.2000000000007,32.900000000001455,3.045236766811157,608.7000000000007,2025,Mon
2025-10-28,2025-10-21,2025-10-28,5,25901.2,25901.2,26104.2,25718.2,25965.4,386.0,64.20000000000073,203.0,183.0,1.4902784426976357,64.20000000000073,2025,Tue
2025-11-04,2025-10-29,2025-11-04,5,25982.0,25980.55,26097.85,25578.4,25586.25,519.4499999999971,-394.2999999999993,117.29999999999927,402.1499999999978,1.999268724501567,394.2999999999993,2025,Tue
2025-11-11,2025-11-06,2025-11-11,4,25593.35,25664.1,25715.8,25318.45,25705.55,397.34999999999854,41.45000000000073,51.70000000000073,345.6499999999978,1.5525517370723199,41.45000000000073,2025,Tue
2025-11-18,2025-11-12,2025-11-18,5,25834.3,25808.6,26029.85,25740.8,25894.7,289.0499999999993,86.10000000000218,221.25,67.79999999999927,1.118861358736251,86.10000000000218,2025,Tue
2025-11-25,2025-11-19,2025-11-25,5,25918.1,25858.6,26246.65,25856.2,25860.3,390.4500000000007,1.7000000000007276,388.0500000000029,2.399999999997817,1.5064761691636377,1.7000000000007276,2025,Tue
2025-12-02,2025-11-26,2025-12-02,5,25842.95,25969.85,26325.8,25842.95,26057.0,482.84999999999854,87.15000000000146,355.9500000000007,4.75,1.8684012467616837,87.15000000000146,2025,Tue
2025-12-09,2025-12-03,2025-12-09,5,26004.9,26029.75,26202.6,25728.0,25841.75,474.59999999999854,-188.0,172.84999999999854,301.75,1.825040665413051,188.0,2025,Tue
2025-12-16,2025-12-10,2025-12-16,5,25864.05,25880.4,26057.6,25693.25,25851.35,364.34999999999854,-29.05000000000291,177.1999999999971,187.15000000000146,1.4087120926536971,29.05000000000291,2025,Tue
2025-12-23,2025-12-17,2025-12-23,5,25902.4,25873.45,26233.55,25726.3,26165.95,507.25,292.5,360.09999999999854,147.15000000000146,1.9583127432207053,292.5,2025,Tue
2025-12-30,2025-12-24,2025-12-30,4,26170.65,26200.65,26236.4,25878.0,25970.55,358.40000000000146,-230.10000000000218,35.75,322.65000000000146,1.3694730547388063,230.10000000000218,2025,Tue
2026-01-06,2025-12-31,2026-01-06,5,25971.05,26012.55,26373.2,25969.0,26174.65,404.2000000000007,162.10000000000218,360.65000000000146,43.54999999999927,1.5563483186086076,162.10000000000218,2025,Tue
2026-01-13,2026-01-07,2026-01-13,5,26143.1,26128.5,26187.15,25473.4,25714.2,713.75,-414.2999999999993,58.650000000001455,655.0999999999985,2.7301658946337657,414.2999999999993,2026,Tue
2026-01-20,2026-01-14,2026-01-20,4,25648.55,25684.2,25873.5,25171.35,25225.35,702.1500000000015,-458.8500000000022,189.29999999999927,512.8500000000022,2.7375816566628584,458.8500000000022,2026,Tue
2026-01-27,2026-01-21,2026-01-27,4,25141.0,25239.2,25435.75,24919.8,25234.1,515.9500000000007,-5.100000000002183,196.54999999999927,319.40000000000146,2.0522254484706286,5.100000000002183,2026,Tue
2026-02-03,2026-01-28,2026-02-03,6,25258.85,25335.45,26341.2,24571.75,25714.8,1769.4500000000007,379.34999999999854,1005.75,763.7000000000007,7.005267460711793,379.34999999999854,2026,Tue
2026-02-10,2026-02-04,2026-02-10,5,25675.05,25712.55,25989.45,25491.9,25916.8,497.5499999999993,204.25,276.90000000000146,220.64999999999782,1.937873538707809,204.25,2026,Tue
2026-02-17,2026-02-11,2026-02-17,5,25997.45,25984.95,26009.4,25372.7,25716.0,636.7000000000007,-268.9500000000007,8.25,612.25,2.449086352699979,268.9500000000007,2026,Tue
2026-02-24,2026-02-18,2026-02-24,5,25752.65,25742.0,25885.3,25327.6,25460.25,557.7000000000007,-281.75,143.29999999999927,414.40000000000146,2.1656023749012263,281.75,2026,Tue
2026-03-02,2026-02-25,2026-03-02,4,25512.6,25562.2,25652.6,24603.5,24849.75,1049.0999999999985,-712.4500000000007,90.39999999999782,958.7000000000007,4.112085792902325,712.4500000000007,2026,Mon
2026-03-10,2026-03-04,2026-03-10,5,24388.8,24387.9,24854.2,23697.8,24286.15,1156.4000000000015,-101.75,466.2999999999993,690.1000000000022,4.741520698025329,101.75,2026,Tue
2026-03-17,2026-03-11,2026-03-17,5,24231.85,24288.8,24299.0,22955.25,23558.8,1343.75,-730.0,10.200000000000728,1333.5499999999993,5.545387578744504,730.0,2026,Tue
2026-03-24,2026-03-18,2026-03-24,5,23632.9,23721.6,23862.25,22471.25,22958.4,1391.0,-763.1999999999971,140.65000000000146,1250.3499999999985,5.885862505236344,763.1999999999971,2026,Tue
2026-03-30,2026-03-25,2026-03-30,3,23064.4,23162.2,23465.35,22283.85,22379.2,1181.5,-783.0,303.1499999999978,878.3500000000022,5.122613204765786,783.0,2026,Mon
2026-04-07,2026-04-01,2026-04-07,4,22899.0,22888.6,23153.85,22182.55,23129.95,971.2999999999993,241.35000000000218,265.25,706.0499999999993,4.241669941918858,241.35000000000218,2026,Tue
2026-04-13,2026-04-08,2026-04-13,4,23855.15,23898.0,24074.05,23555.6,23818.9,518.4500000000007,-79.09999999999854,176.04999999999927,342.40000000000146,2.173325256810377,79.09999999999854,2026,Mon
2026-04-21,2026-04-15,2026-04-21,5,24163.8,24231.6,24601.7,24096.05,24580.6,505.65000000000146,349.0,370.1000000000022,135.54999999999927,2.0925930524172585,349.0,2026,Tue
2026-04-28,2026-04-22,2026-04-28,5,24470.85,24477.45,24515.95,23813.65,24016.5,702.2999999999993,-460.9500000000007,18.649999999997817,663.7999999999993,2.86994526140285,460.9500000000007,2026,Tue
2026-05-05,2026-04-29,2026-05-05,4,24096.9,24091.0,24334.7,23796.85,24052.15,537.8500000000022,-38.849999999998545,243.70000000000073,294.15000000000146,2.2320298461627934,38.849999999998545,2026,Tue
2026-05-12,2026-05-06,2026-05-12,5,24171.0,24179.2,24482.1,23348.4,23430.55,1133.699999999997,-748.6500000000015,302.8999999999978,830.7999999999993,4.690331388854401,748.6500000000015,2026,Tue
2026-05-19,2026-05-13,2026-05-19,5,23362.45,23405.45,23839.3,23262.55,23606.2,576.75,200.75,433.84999999999854,142.90000000000146,2.468705122964415,200.75,2026,Tue
2026-05-26,2026-05-20,2026-05-26,5,23457.25,23461.45,24089.8,23397.3,23933.75,692.5,472.2999999999993,628.3499999999985,19.0,2.9521789638597875,472.2999999999993,2026,Tue
2026-06-02,2026-05-27,2026-06-02,4,23880.35,23928.55,24002.8,23229.15,23523.3,773.6499999999978,-405.25,74.25,699.3999999999978,3.2396928855732763,405.25,2026,Tue
2026-06-09,2026-06-03,2026-06-09,5,23415.95,23299.9,23516.35,23070.15,23257.75,446.1999999999971,-42.150000000001455,216.4499999999971,229.75,1.9055387460256665,42.150000000001455,2026,Tue
2026-06-16,2026-06-10,2026-06-16,5,23233.95,23326.8,24011.4,23072.05,23995.0,939.3500000000022,668.2000000000007,684.6000000000022,254.75,4.0430060321211085,668.2000000000007,2026,Tue
2026-06-23,2026-06-17,2026-06-23,5,24044.5,23982.3,24189.25,23784.95,23795.25,404.2999999999993,-187.04999999999927,206.95000000000073,197.34999999999854,1.6814656158372985,187.04999999999927,2026,Tue
2026-06-30,2026-06-24,2026-06-30,4,23795.8,23848.65,24261.6,23789.25,23917.75,472.34999999999854,69.09999999999854,412.9499999999971,38.0,1.9850141621630648,69.09999999999854,2026,Tue
2026-07-07,2026-07-01,2026-07-07,5,23897.65,23917.65,24530.9,23895.1,24355.1,635.8000000000029,437.4499999999971,613.25,12.75,2.660512644548744,437.4499999999971,2026,Tue
2026-07-14,2026-07-08,2026-07-14,5,24259.55,24284.45,24300.0,23805.2,24035.15,494.7999999999993,-249.29999999999927,15.549999999999272,479.25,2.039609143615604,249.29999999999927,2026,Tue
2026-07-21,2026-07-15,2026-07-21,5,24085.85,24147.65,24367.3,24010.55,24193.05,356.75,45.39999999999782,219.64999999999782,137.10000000000218,1.481160100224821,45.39999999999782,2026,Tue
2026-07-28,2026-07-22,2026-07-28,5,24150.45,24096.6,24166.3,23606.3,23987.8,560.0,-108.79999999999927,14.75,490.2999999999993,2.318797372305692,108.79999999999927,2026,Tue
2026-08-04,2026-07-29,2026-08-04,5,24176.65,24187.15,24774.3,24136.75,24614.9,637.5499999999993,427.75,587.1499999999978,25.150000000001455,2.6370485571822364,427.75,2026,Tue
2026-08-11,2026-08-05,2026-08-11,5,24669.2,24636.2,24677.6,24429.25,24471.7,248.34999999999854,-164.5,40.849999999998545,206.95000000000073,1.0067209313638,164.5,2026,Tue
2026-08-18,2026-08-12,2026-08-18,5,24472.45,24409.9,24473.3,24154.9,24154.9,318.3999999999978,-255.0,53.599999999998545,255.0,1.3010548596482894,255.0,2026,Tue
2026-08-25,2026-08-19,2026-08-25,5,24152.05,24119.75,24334.55,24025.65,24334.55,308.8999999999978,214.79999999999927,214.79999999999927,94.09999999999854,1.2789804592156684,214.79999999999927,2026,Tue
2026-09-01,2026-08-26,2026-09-01,5,24341.95,24316.95,24378.6,23952.55,24055.8,426.0499999999993,-261.15000000000146,61.64999999999782,364.40000000000146,1.7502706233477567,261.15000000000146,2026,Tue
2026-09-08,2026-09-02,2026-09-08,5,23858.0,23824.35,24025.4,23623.1,23635.1,402.3000000000029,-189.25,201.0500000000029,201.25,1.686226842149396,189.25,2026,Tue
2026-09-15,2026-09-09,2026-09-15,4,23522.05,23500.45,23592.85,23118.6,23118.6,474.25,-381.8500000000022,92.39999999999782,381.8500000000022,2.016193316483895,381.8500000000022,2026,Tue
2026-09-22,2026-09-16,2026-09-22,5,23201.6,23247.65,23489.0,23116.1,23329.0,372.90000000000146,81.34999999999854,241.34999999999854,131.5500000000029,1.6072167436728564,81.34999999999854,2026,Tue
