week,start,end,days,open,ref920,high,low,close,range,move,up,down,range_pct,abs_move,year
2021-09-13/2021-09-19,2021-09-16,2021-09-17,2,17539.2,17567.8,17792.9,17510.4,17602.2,282.5,34.400000000001455,225.10000000000218,57.39999999999782,1.6106777960226235,34.400000000001455,2021
2021-09-20/2021-09-26,2021-09-20,2021-09-24,5,17443.8,17462.6,17947.7,17326.1,17841.6,621.6000000000022,379.0,485.1000000000022,136.5,3.5634437450555625,379.0,2021
2021-09-27/2021-10-03,2021-09-27,2021-10-01,5,17932.2,17909.8,17943.5,17452.9,17526.3,490.59999999999854,-383.5,33.70000000000073,456.8999999999978,2.7358606305974646,383.5,2021
2021-10-04/2021-10-10,2021-10-04,2021-10-08,5,17615.6,17630.2,17941.8,17581.3,17907.5,360.5,277.2999999999993,311.59999999999854,17.0,2.0464815277367787,277.2999999999993,2021
2021-10-11/2021-10-17,2021-10-11,2021-10-14,4,17867.6,17899.2,18350.8,17839.1,18339.1,511.7000000000007,439.8999999999978,451.59999999999854,34.29999999999927,2.863842933578101,439.8999999999978,2021
2021-10-18/2021-10-24,2021-10-18,2021-10-22,5,18500.1,18449.3,18604.4,18034.3,18111.5,570.1000000000022,-337.7999999999993,155.10000000000218,415.0,3.0816049642975023,337.7999999999993,2021
2021-10-25/2021-10-31,2021-10-25,2021-10-29,5,18229.5,18109.4,18342.1,17613.1,17708.8,729.0,-400.6000000000022,232.6999999999971,496.3000000000029,3.999012589484078,400.6000000000022,2021
2021-11-01/2021-11-07,2021-11-01,2021-11-04,4,17783.2,17812.3,18012.2,17697.1,17829.2,315.1000000000022,16.900000000001455,199.90000000000146,115.20000000000073,1.7718970713932372,16.900000000001455,2021
2021-11-08/2021-11-14,2021-11-08,2021-11-12,5,18040.2,17943.1,18123.0,17798.2,18098.7,324.7999999999993,155.60000000000218,179.90000000000146,144.89999999999782,1.8004234986308314,155.60000000000218,2021
2021-11-15/2021-11-21,2021-11-15,2021-11-18,4,18140.9,18197.8,18210.2,17688.5,17745.2,521.7000000000007,-452.59999999999854,12.400000000001455,509.2999999999993,2.875822037495387,452.59999999999854,2021
2021-11-22/2021-11-28,2021-11-22,2021-11-26,5,17796.2,17682.4,17805.2,16985.7,17006.6,819.5,-675.8000000000029,8.099999999998545,696.7000000000007,4.604915656151313,675.8000000000029,2021
2021-11-29/2021-12-05,2021-11-29,2021-12-03,5,17055.8,16838.1,17489.8,16782.4,17210.3,707.3999999999978,372.2000000000007,651.7000000000007,55.69999999999709,4.147562705941661,372.2000000000007,2021
2021-12-06/2021-12-12,2021-12-06,2021-12-10,5,17209.1,17147.6,17543.2,16891.7,17499.2,651.5,351.6000000000022,395.6000000000022,255.89999999999782,3.785787751828974,351.6000000000022,2021
2021-12-13/2021-12-19,2021-12-13,2021-12-17,5,17619.1,17627.9,17639.5,16966.4,16994.1,673.0999999999985,-633.8000000000029,11.599999999998545,661.5,3.8202859396904416,633.8000000000029,2021
2021-12-20/2021-12-26,2021-12-20,2021-12-24,5,16824.2,16726.9,17155.6,16410.2,16999.9,745.3999999999978,273.0,428.6999999999971,316.7000000000007,4.430522699444834,273.0,2021
2021-12-27/2022-01-02,2021-12-27,2021-12-31,5,16937.8,16871.7,17400.8,16833.2,17364.2,567.5999999999985,492.5,529.0999999999985,38.5,3.3510845564358926,492.5,2021
2022-01-03/2022-01-09,2022-01-03,2022-01-07,5,17387.2,17470.9,17944.7,17383.3,17818.2,561.4000000000015,347.2999999999993,473.7999999999993,34.60000000000218,3.228811999631921,347.2999999999993,2022
2022-01-10/2022-01-16,2022-01-10,2022-01-14,5,17913.3,17932.0,18286.9,17879.2,18235.5,407.7000000000007,303.5,354.90000000000146,52.79999999999927,2.2759625529634446,303.5,2022
2022-01-17/2022-01-23,2022-01-17,2022-01-21,5,18235.7,18295.6,18350.9,17485.8,17650.4,865.1000000000022,-645.1999999999971,55.30000000000291,809.7999999999993,4.743991182131764,645.1999999999971,2022
2022-01-24/2022-01-30,2022-01-24,2022-01-28,4,17575.2,17585.4,17599.4,16836.8,17106.3,762.6000000000022,-479.1000000000022,14.0,748.6000000000022,4.339068687696312,479.1000000000022,2022
2022-01-31/2022-02-06,2022-01-31,2022-02-04,5,17301.1,17312.1,17794.6,17244.6,17503.0,550.0,190.90000000000146,482.5,67.5,3.1789886192207435,190.90000000000146,2022
2022-02-07/2022-02-13,2022-02-07,2022-02-11,5,17456.3,17528.1,17639.4,17043.7,17345.6,595.7000000000007,-182.5,111.30000000000291,484.3999999999978,3.4125215538229794,182.5,2022
2022-02-14/2022-02-20,2022-02-14,2022-02-18,5,17076.2,16946.7,17490.6,16809.7,17268.8,680.8999999999978,322.09999999999854,543.8999999999978,137.0,3.987421089001053,322.09999999999854,2022
2022-02-21/2022-02-27,2022-02-21,2022-02-25,5,17192.2,17158.3,17351.1,16203.2,16668.8,1147.8999999999978,-489.5,192.79999999999927,955.0999999999985,6.676865089982654,489.5,2022
2022-02-28/2022-03-06,2022-02-28,2022-03-04,4,16481.6,16462.2,16815.9,16133.8,16243.5,682.1000000000022,-218.70000000000073,353.7000000000007,328.40000000000146,4.138554509270958,218.70000000000073,2022
2022-03-07/2022-03-13,2022-03-07,2022-03-11,5,15868.0,15853.3,16757.3,15671.5,16620.5,1085.7999999999993,767.2000000000007,904.0,181.79999999999927,6.842702293924876,767.2000000000007,2022
2022-03-14/2022-03-20,2022-03-14,2022-03-17,4,16633.7,16664.0,17344.6,16555.0,17299.4,789.5999999999985,635.4000000000015,680.5999999999985,109.0,4.746989545320635,635.4000000000015,2022
2022-03-21/2022-03-27,2022-03-21,2022-03-25,5,17329.5,17279.8,17442.4,17006.3,17177.9,436.1000000000022,-101.89999999999782,162.60000000000218,273.5,2.516518076112999,101.89999999999782,2022
2022-03-28/2022-04-03,2022-03-28,2022-04-01,5,17181.8,17158.2,17703.7,17003.9,17688.3,699.7999999999993,530.0999999999985,545.5,154.29999999999927,4.072914362872337,530.0999999999985,2022
2022-04-04/2022-04-10,2022-04-04,2022-04-08,5,17809.1,17839.9,18114.7,17600.6,17800.3,514.1000000000022,-39.60000000000218,274.7999999999993,239.3000000000029,2.886726448837966,39.60000000000218,2022
2022-04-11/2022-04-17,2022-04-11,2022-04-13,3,17740.9,17714.3,17779.1,17442.3,17467.4,336.7999999999993,-246.89999999999782,64.79999999999927,272.0,1.8984380724765895,246.89999999999782,2022
2022-04-18/2022-04-24,2022-04-18,2022-04-22,5,17183.4,17192.0,17414.7,16824.7,17172.1,590.0,-19.900000000001455,222.70000000000073,367.2999999999993,3.433546329597169,19.900000000001455,2022
2022-04-25/2022-05-01,2022-04-25,2022-04-29,5,17009.1,16963.2,17377.7,16888.7,17111.6,489.0,148.39999999999782,414.5,74.5,2.874931654232147,148.39999999999782,2022
2022-05-02/2022-05-08,2022-05-02,2022-05-06,4,16924.4,16986.4,17132.8,16340.9,16438.2,791.8999999999996,-548.2000000000007,146.39999999999782,645.5000000000018,4.679043274798513,548.2000000000007,2022
2022-05-09/2022-05-15,2022-05-09,2022-05-13,5,16227.7,16184.0,16404.6,15735.8,15767.2,668.7999999999993,-416.7999999999993,220.59999999999854,448.2000000000007,4.121348065345053,416.7999999999993,2022
2022-05-16/2022-05-22,2022-05-16,2022-05-20,5,15845.1,15781.1,16399.8,15739.7,16278.7,660.0999999999985,497.60000000000036,618.6999999999989,13.5,4.165956667991988,497.60000000000036,2022
2022-05-23/2022-05-29,2022-05-23,2022-05-27,5,16291.0,16249.5,16414.7,15903.7,16356.1,511.0,106.60000000000036,165.20000000000073,345.7999999999993,3.1367012460867962,106.60000000000036,2022
2022-05-30/2022-06-05,2022-05-30,2022-06-03,5,16527.9,16541.1,16793.8,16438.8,16583.6,355.0,42.5,252.70000000000073,102.29999999999927,2.1478832761572852,42.5,2022
2022-06-06/2022-06-12,2022-06-06,2022-06-10,5,16530.7,16564.9,16610.9,16172.6,16191.5,438.3000000000011,-373.40000000000146,46.0,392.3000000000011,2.6514303689498995,373.40000000000146,2022
2022-06-13/2022-06-19,2022-06-13,2022-06-17,5,15877.5,15818.3,15886.2,15183.4,15335.6,702.8000000000011,-482.6999999999989,44.900000000001455,634.8999999999996,4.426389544953557,482.6999999999989,2022
2022-06-20/2022-06-26,2022-06-20,2022-06-24,5,15334.5,15326.4,15749.2,15191.1,15699.0,558.1000000000004,372.60000000000036,422.8000000000011,135.29999999999927,3.639505689784475,372.60000000000036,2022
2022-06-27/2022-07-03,2022-06-27,2022-07-01,5,15926.2,15866.2,15927.5,15511.0,15764.0,416.5,-102.20000000000073,60.29999999999927,355.2000000000007,2.6151875525863044,102.20000000000073,2022
2022-07-04/2022-07-10,2022-07-04,2022-07-08,5,15710.5,15706.8,16275.5,15661.8,16217.5,613.7000000000007,510.7000000000007,568.7000000000007,45.0,3.906304700677895,510.7000000000007,2022
2022-07-11/2022-07-17,2022-07-11,2022-07-15,5,16136.2,16160.2,16248.5,15858.2,16052.8,390.2999999999993,-107.40000000000146,88.29999999999927,302.0,2.4187850919051526,107.40000000000146,2022
2022-07-18/2022-07-24,2022-07-18,2022-07-22,5,16152.3,16181.2,16752.2,16142.2,16714.3,610.0,533.0999999999985,571.0,20.600000000000364,3.776551946162466,533.0999999999985,2022
2022-07-25/2022-07-31,2022-07-25,2022-07-29,5,16662.6,16684.7,17172.8,16438.8,17157.9,734.0,473.2000000000007,488.09999999999854,245.90000000000146,4.405074838260536,473.2000000000007,2022
2022-08-01/2022-08-07,2022-08-01,2022-08-05,5,17243.2,17180.7,17490.7,17154.8,17389.1,335.90000000000146,208.39999999999782,310.0,25.900000000001455,1.948014289691017,208.39999999999782,2022
2022-08-08/2022-08-14,2022-08-08,2022-08-12,4,17401.5,17368.8,17724.7,17359.8,17698.7,364.90000000000146,329.90000000000146,355.90000000000146,1.5,2.0969456656035486,329.90000000000146,2022
2022-08-15/2022-08-21,2022-08-16,2022-08-19,4,17797.2,17776.2,17992.2,17710.8,17726.9,281.40000000000146,-49.29999999999927,216.0,65.40000000000146,1.581147596251104,49.29999999999927,2022
2022-08-22/2022-08-28,2022-08-22,2022-08-26,5,17682.9,17671.4,17726.5,17345.2,17582.9,381.2999999999993,-88.5,55.099999999998545,326.2000000000007,2.1563205130380156,88.5,2022
2022-08-29/2022-09-04,2022-08-29,2022-09-02,4,17188.7,17192.4,17777.7,17166.2,17527.8,611.5,335.3999999999978,585.2999999999993,11.100000000002183,3.557569798763141,335.3999999999978,2022
2022-09-05/2022-09-11,2022-09-05,2022-09-09,5,17546.4,17613.3,17925.9,17484.3,17829.3,441.6000000000022,216.0,312.6000000000022,129.0,2.5167555737929272,216.0,2022
2022-09-12/2022-09-18,2022-09-12,2022-09-16,5,17890.8,17920.3,18096.2,17497.2,17550.1,599.0,-370.2000000000007,175.90000000000146,423.09999999999854,3.348089520871062,370.2000000000007,2022
2022-09-19/2022-09-25,2022-09-19,2022-09-23,5,17540.7,17522.2,17919.3,17291.7,17332.2,627.5999999999985,-190.0,397.09999999999854,230.5,3.57796439138688,190.0,2022
2022-09-26/2022-10-02,2022-09-26,2022-09-30,5,17156.3,17082.8,17196.4,16747.7,17107.2,448.7000000000007,24.400000000001455,113.60000000000218,335.09999999999854,2.61536578399772,24.400000000001455,2022
2022-10-03/2022-10-09,2022-10-03,2022-10-07,4,17102.1,17072.5,17428.8,16855.6,17316.2,573.2000000000007,243.70000000000073,356.2999999999993,216.90000000000146,3.35163517930547,243.70000000000073,2022
2022-10-10/2022-10-16,2022-10-10,2022-10-14,5,17094.3,17093.6,17348.6,16950.3,17200.3,398.2999999999993,106.70000000000073,255.0,143.29999999999927,2.3300164382279434,106.70000000000073,2022
2022-10-17/2022-10-23,2022-10-17,2022-10-21,5,17144.8,17146.8,17670.2,17098.6,17583.8,571.6000000000022,437.0,523.4000000000015,48.20000000000073,3.333955485045041,437.0,2022
2022-10-24/2022-10-30,2022-10-25,2022-10-28,3,17808.3,17739.0,17838.9,17637.0,17795.9,201.90000000000146,56.900000000001455,99.90000000000146,102.0,1.1337410084062007,56.900000000001455,2022
2022-10-31/2022-11-06,2022-10-31,2022-11-04,5,17910.2,17943.5,18178.8,17899.9,18127.9,278.8999999999978,184.40000000000146,235.29999999999927,23.400000000001455,1.5572132081160335,184.40000000000146,2022
2022-11-07/2022-11-13,2022-11-07,2022-11-11,4,18211.8,18215.4,18362.3,17969.4,18355.3,392.8999999999978,139.89999999999782,146.89999999999782,246.0,2.157392459833722,139.89999999999782,2022
2022-11-14/2022-11-20,2022-11-14,2022-11-18,5,18376.4,18380.8,18442.2,18209.8,18304.3,232.40000000000146,-76.5,61.400000000001455,171.0,1.2646655492914902,76.5,2022
2022-11-21/2022-11-27,2022-11-21,2022-11-25,5,18246.4,18210.6,18534.9,18133.3,18498.4,401.6000000000022,287.8000000000029,324.3000000000029,77.29999999999927,2.2009821115398225,287.8000000000029,2022
2022-11-28/2022-12-04,2022-11-28,2022-12-02,5,18430.6,18500.1,18887.6,18365.6,18705.2,522.0,205.10000000000218,387.5,3.2999999999992724,2.832246372879885,205.10000000000218,2022
2022-12-05/2022-12-11,2022-12-05,2022-12-09,5,18719.6,18667.6,18728.6,18410.1,18493.2,318.5,-174.39999999999782,56.0,257.5,1.7014252441291484,174.39999999999782,2022
2022-12-12/2022-12-18,2022-12-12,2022-12-16,5,18402.2,18377.7,18696.1,18255.2,18270.1,440.8999999999978,-107.60000000000218,318.3999999999978,122.5,2.3959091847713743,107.60000000000218,2022
2022-12-19/2022-12-25,2022-12-19,2022-12-23,5,18288.1,18270.7,18473.3,17779.5,17824.1,693.7999999999993,-446.6000000000022,202.59999999999854,491.2000000000007,3.793723787599583,446.6000000000022,2022
2022-12-26/2023-01-01,2022-12-26,2022-12-30,5,17830.4,17836.2,18265.2,17774.2,18117.1,491.0,280.8999999999978,429.0,7.5,2.753723977027997,280.8999999999978,2022
2023-01-02/2023-01-08,2023-01-02,2023-01-06,5,18131.7,18115.8,18251.9,17795.6,17865.8,456.3000000000029,-250.0,136.10000000000218,320.2000000000007,2.5165869719883016,250.0,2023
2023-01-09/2023-01-15,2023-01-09,2023-01-13,5,17952.6,17968.1,18141.4,17761.7,17950.5,379.7000000000007,-17.599999999998545,173.3000000000029,206.39999999999782,2.1150139812617716,17.599999999998545,2023
2023-01-16/2023-01-22,2023-01-16,2023-01-20,5,18033.2,18029.3,18183.8,17853.7,18027.3,330.09999999999854,-2.0,154.5,175.59999999999854,1.8305126100747429,2.0,2023
2023-01-23/2023-01-29,2023-01-23,2023-01-27,4,18118.4,18102.9,18201.2,17493.6,17607.9,707.6000000000022,-495.0,98.29999999999927,609.3000000000029,3.905422112327811,495.0,2023
2023-01-30/2023-02-05,2023-01-30,2023-02-03,5,17541.9,17466.3,17972.2,17353.4,17830.8,618.7999999999993,364.5,505.90000000000146,112.89999999999782,3.5275540277848987,364.5,2023
2023-02-06/2023-02-12,2023-02-06,2023-02-10,5,17818.6,17780.8,17916.9,17652.6,17843.3,264.3000000000029,62.5,136.10000000000218,128.20000000000073,1.4832815148216074,62.5,2023
2023-02-13/2023-02-19,2023-02-13,2023-02-17,5,17859.1,17872.3,18134.8,17719.8,17942.6,415.0,70.29999999999927,262.5,152.5,2.323745317513201,70.29999999999927,2023
2023-02-20/2023-02-26,2023-02-20,2023-02-24,5,17965.6,17957.9,18004.3,17421.8,17465.4,582.5,-492.5,46.39999999999782,536.1000000000022,3.24230752104021,492.5,2023
2023-02-27/2023-03-05,2023-02-27,2023-03-03,5,17428.6,17364.2,17644.8,17255.2,17592.3,389.59999999999854,228.09999999999854,280.59999999999854,109.0,2.2354061714652844,228.09999999999854,2023
2023-03-06/2023-03-12,2023-03-06,2023-03-10,4,17680.3,17728.0,17799.9,17324.3,17418.6,475.6000000000022,-309.40000000000146,71.90000000000146,403.7000000000007,2.6899996040791287,309.40000000000146,2023
2023-03-13/2023-03-19,2023-03-13,2023-03-17,5,17421.9,17505.2,17529.9,16850.2,17123.7,679.7000000000007,-381.5,24.700000000000728,655.0,3.9014114419208044,381.5,2023
2023-03-20/2023-03-26,2023-03-20,2023-03-24,5,17066.6,16983.3,17207.2,16828.3,16932.6,378.90000000000146,-50.70000000000073,223.90000000000146,155.0,2.220125859866649,50.70000000000073,2023
2023-03-27/2023-04-02,2023-03-27,2023-03-31,4,16984.3,16962.8,17381.6,16913.8,17356.8,467.7999999999993,394.0,418.7999999999993,49.0,2.7543083906902215,394.0,2023
2023-04-03/2023-04-09,2023-04-03,2023-04-06,3,17427.9,17377.4,17638.7,17312.8,17602.0,325.90000000000146,224.59999999999854,261.2999999999993,64.60000000000218,1.8699900733880812,224.59999999999854,2023
2023-04-10/2023-04-16,2023-04-10,2023-04-13,4,17634.9,17636.4,17842.2,17597.9,17828.2,244.29999999999927,191.79999999999927,205.79999999999927,38.5,1.3853211529410387,191.79999999999927,2023
2023-04-17/2023-04-23,2023-04-17,2023-04-21,5,17863.0,17673.2,17863.0,17553.9,17618.9,309.09999999999854,-54.29999999999927,82.59999999999854,119.29999999999927,1.7303924312825312,54.29999999999927,2023
2023-04-24/2023-04-30,2023-04-24,2023-04-28,5,17707.6,17668.7,18089.2,17612.5,18049.6,476.7000000000007,380.8999999999978,420.5,56.20000000000073,2.6920644243149874,380.8999999999978,2023
2023-05-01/2023-05-07,2023-05-02,2023-05-05,4,18124.8,18135.2,18267.4,18042.4,18069.9,225.0,-65.29999999999927,132.20000000000073,92.79999999999927,1.2413930084745763,65.29999999999927,2023
2023-05-08/2023-05-14,2023-05-08,2023-05-12,5,18120.6,18159.4,18389.7,18100.3,18312.2,289.40000000000146,152.79999999999927,230.29999999999927,0.0,1.5970773594693413,152.79999999999927,2023
2023-05-15/2023-05-21,2023-05-15,2023-05-19,5,18339.3,18346.9,18458.9,18060.4,18205.4,398.5,-141.5,112.0,286.5,2.172929173959748,141.5,2023
2023-05-22/2023-05-28,2023-05-22,2023-05-26,5,18201.1,18199.4,18508.6,18178.8,18491.9,329.7999999999993,292.5,309.1999999999971,9.200000000000728,1.8119783969100731,292.5,2023
2023-05-29/2023-06-04,2023-05-29,2023-06-02,5,18619.2,18622.4,18662.4,18464.6,18525.8,197.8000000000029,-96.60000000000218,40.0,157.8000000000029,1.0623442467990187,96.60000000000218,2023
2023-06-05/2023-06-11,2023-06-05,2023-06-09,5,18612.0,18617.8,18777.9,18531.6,18567.3,246.3000000000029,-50.5,160.10000000000218,86.20000000000073,1.323339780786605,50.5,2023
2023-06-12/2023-06-18,2023-06-12,2023-06-16,5,18595.1,18578.7,18864.7,18559.8,18823.6,304.90000000000146,244.89999999999782,286.0,18.900000000001455,1.6396792703454215,244.89999999999782,2023
2023-06-19/2023-06-25,2023-06-19,2023-06-23,5,18873.3,18873.8,18886.6,18647.1,18668.6,239.5,-205.20000000000073,12.799999999999272,226.70000000000073,1.2689884651862686,205.20000000000073,2023
2023-06-26/2023-07-02,2023-06-26,2023-06-30,4,18682.3,18668.7,19201.7,18646.7,19183.2,555.0,514.5,533.0,22.0,2.970726302435996,514.5,2023
2023-07-03/2023-07-09,2023-07-03,2023-07-07,5,19246.5,19275.8,19523.6,19234.4,19324.7,289.1999999999971,48.900000000001455,247.79999999999927,22.200000000000728,1.5026108643129767,48.900000000001455,2023
2023-07-10/2023-07-16,2023-07-10,2023-07-14,5,19400.3,19383.3,19595.3,19327.1,19587.3,268.2000000000007,204.0,212.0,56.20000000000073,1.3824528486672925,204.0,2023
2023-07-17/2023-07-23,2023-07-17,2023-07-21,5,19612.2,19580.3,19991.8,19562.9,19780.9,428.8999999999978,200.60000000000218,411.5,17.399999999997817,2.1869040699156534,200.60000000000218,2023
2023-07-24/2023-07-30,2023-07-24,2023-07-28,5,19748.4,19723.4,19867.6,19563.1,19638.0,304.5,-85.40000000000146,144.1999999999971,160.3000000000029,1.5418970650786898,85.40000000000146,2023
2023-07-31/2023-08-06,2023-07-31,2023-08-04,5,19666.3,19614.5,19795.6,19296.4,19510.1,499.1999999999971,-104.40000000000146,181.09999999999854,318.09999999999854,2.538352409960171,104.40000000000146,2023
2023-08-07/2023-08-13,2023-08-07,2023-08-11,5,19576.8,19570.7,19645.5,19412.8,19424.2,232.70000000000073,-146.5,74.79999999999927,157.90000000000146,1.1886518736463607,146.5,2023
2023-08-14/2023-08-20,2023-08-14,2023-08-18,4,19383.9,19302.7,19482.8,19253.6,19281.5,229.20000000000073,-21.200000000000728,180.09999999999854,49.10000000000218,1.1824245894789012,21.200000000000728,2023
2023-08-21/2023-08-27,2023-08-21,2023-08-25,5,19320.7,19345.8,19584.4,19229.7,19244.3,354.7000000000007,-101.5,238.60000000000218,116.09999999999854,1.835854808573192,101.5,2023
2023-08-28/2023-09-03,2023-08-28,2023-09-01,5,19298.3,19294.2,19458.6,19223.7,19423.3,234.89999999999782,129.09999999999854,164.39999999999782,70.5,1.217205660602218,129.09999999999854,2023
2023-09-04/2023-09-10,2023-09-04,2023-09-08,5,19525.1,19508.8,19867.2,19432.8,19820.5,434.40000000000146,311.7000000000007,358.40000000000146,76.0,2.2248285540150956,311.7000000000007,2023
2023-09-11/2023-09-17,2023-09-11,2023-09-15,5,19890.0,19899.2,20222.4,19865.3,20169.0,357.1000000000022,269.7999999999993,323.2000000000007,14.5,1.7953745600804534,269.7999999999993,2023
2023-09-18/2023-09-24,2023-09-18,2023-09-22,4,20155.9,20140.3,20195.3,19657.5,19684.6,537.7999999999993,-455.7000000000007,55.0,482.7999999999993,2.6682013703183642,455.7000000000007,2023
2023-09-25/2023-10-01,2023-09-25,2023-09-29,5,19678.2,19642.8,19766.7,19492.1,19638.2,274.6000000000022,-4.599999999998545,123.90000000000146,150.70000000000073,1.3954528361333973,4.599999999998545,2023
2023-10-02/2023-10-08,2023-10-03,2023-10-06,4,19622.4,19532.9,19675.8,19333.6,19649.9,342.2000000000007,117.0,142.89999999999782,199.3000000000029,1.743925309849971,117.0,2023
2023-10-09/2023-10-15,2023-10-09,2023-10-13,5,19539.4,19504.5,19843.3,19480.5,19733.8,362.7999999999993,229.29999999999927,338.7999999999993,24.0,1.8567612106820028,229.29999999999927,2023
2023-10-16/2023-10-22,2023-10-16,2023-10-20,5,19737.2,19703.9,19849.8,19512.3,19541.8,337.5,-162.10000000000218,145.89999999999782,191.60000000000218,1.709968992562268,162.10000000000218,2023
2023-10-23/2023-10-29,2023-10-23,2023-10-27,4,19521.6,19548.1,19556.8,18837.8,19060.5,719.0,-487.59999999999854,8.700000000000728,710.2999999999993,3.6830997459224655,487.59999999999854,2023
2023-10-30/2023-11-05,2023-10-30,2023-11-03,5,19053.4,19032.6,19276.2,18940.0,19226.8,336.2000000000007,194.20000000000073,243.60000000000218,92.59999999999854,1.7645144698584014,194.20000000000073,2023
2023-11-06/2023-11-12,2023-11-06,2023-11-10,5,19345.8,19331.7,19464.3,19309.7,19443.4,154.59999999999854,111.70000000000073,132.59999999999854,20.900000000001455,0.7991398649836066,111.70000000000073,2023
2023-11-13/2023-11-19,2023-11-13,2023-11-17,4,19486.8,19458.5,19874.8,19415.2,19719.7,459.59999999999854,261.2000000000007,416.2999999999993,43.29999999999927,2.358519613276672,261.2000000000007,2023
2023-11-20/2023-11-26,2023-11-20,2023-11-24,5,19731.2,19747.8,19874.6,19671.2,19788.7,203.39999999999782,40.900000000001455,126.79999999999927,76.59999999999854,1.0308546869931774,40.900000000001455,2023
2023-11-27/2023-12-03,2023-11-28,2023-12-01,4,19844.7,19829.4,20290.6,19800.4,20255.8,490.1999999999971,426.3999999999978,461.1999999999971,29.0,2.4701809551164646,426.3999999999978,2023
2023-12-04/2023-12-10,2023-12-04,2023-12-08,5,20601.9,20528.6,21005.8,20508.7,20972.1,497.09999999999854,443.5,477.2000000000007,19.899999999997817,2.412884248540176,443.5,2023
2023-12-11/2023-12-17,2023-12-11,2023-12-15,5,20965.3,21004.9,21490.5,20769.8,21448.7,720.7000000000007,443.7999999999993,485.59999999999854,235.10000000000218,3.4375849618178647,443.7999999999993,2023
2023-12-18/2023-12-24,2023-12-18,2023-12-22,5,21434.8,21407.8,21592.1,20976.8,21332.3,615.2999999999993,-75.5,184.29999999999927,431.0,2.870565622259127,75.5,2023
2023-12-25/2023-12-31,2023-12-26,2023-12-29,4,21365.2,21360.9,21798.6,21329.4,21728.3,469.1999999999971,367.3999999999978,437.6999999999971,25.80000000000291,2.196094583715561,367.3999999999978,2023
2024-01-01/2024-01-07,2024-01-01,2024-01-05,5,21727.8,21693.9,21834.3,21500.3,21709.6,334.0,15.69999999999709,140.39999999999782,193.60000000000218,1.5372011892598423,15.69999999999709,2024
2024-01-08/2024-01-14,2024-01-08,2024-01-12,5,21747.6,21738.8,21928.2,21448.7,21908.2,479.5,169.40000000000146,189.40000000000146,290.09999999999854,2.2048409939487574,169.40000000000146,2024
2024-01-15/2024-01-21,2024-01-15,2024-01-20,6,22053.2,22053.7,22124.2,21285.6,21586.9,838.6000000000022,-466.7999999999993,70.5,768.1000000000022,3.8026227486260598,466.7999999999993,2024
2024-01-22/2024-01-28,2024-01-23,2024-01-25,3,21716.7,21727.4,21750.2,21137.2,21370.8,613.0,-356.6000000000022,11.5,590.2000000000007,2.822712474731428,356.6000000000022,2024
2024-01-29/2024-02-04,2024-01-29,2024-02-02,5,21433.1,21476.8,22126.8,21429.6,21855.4,697.2000000000007,378.6000000000022,650.0,28.0,3.252912551147528,378.6000000000022,2024
2024-02-05/2024-02-11,2024-02-05,2024-02-09,5,21921.1,21844.7,22053.3,21629.9,21786.0,423.3999999999978,-58.70000000000073,208.59999999999854,214.79999999999927,1.931472416986364,58.70000000000073,2024
2024-02-12/2024-02-18,2024-02-12,2024-02-16,5,21800.8,21822.6,22068.7,21530.2,22035.7,538.5,213.10000000000218,246.10000000000218,292.3999999999978,2.4700928406297016,213.10000000000218,2024
2024-02-19/2024-02-25,2024-02-19,2024-02-23,5,22103.45,22084.5,22297.5,21875.25,22194.25,422.25,109.75,213.0,209.25,1.9103352644044256,109.75,2024
2024-02-26/2024-03-03,2024-02-26,2024-03-02,6,22169.2,22167.75,22420.25,21860.65,22373.4,559.5999999999985,205.65000000000146,252.5,307.09999999999854,2.524222795590272,205.65000000000146,2024
2024-03-04/2024-03-10,2024-03-04,2024-03-07,4,22403.5,22424.95,22525.65,22224.35,22483.5,301.3000000000029,58.54999999999927,100.70000000000073,200.60000000000218,1.3448791483473694,58.54999999999927,2024
2024-03-11/2024-03-17,2024-03-11,2024-03-15,5,22517.5,22496.5,22526.6,21905.65,21996.35,620.9499999999971,-500.15000000000146,5.099999999998545,590.8499999999985,2.7576329521483163,500.15000000000146,2024
2024-03-18/2024-03-24,2024-03-18,2024-03-22,5,21990.1,22011.35,22180.7,21710.2,22080.8,470.5,69.45000000000073,169.35000000000218,301.1499999999978,2.139599183268835,69.45000000000073,2024
2024-03-25/2024-03-31,2024-03-26,2024-03-28,3,21947.9,22057.6,22516.0,21947.55,22343.1,568.4500000000007,285.5,458.40000000000146,65.29999999999927,2.589997220690821,285.5,2024
2024-04-01/2024-04-07,2024-04-01,2024-04-05,5,22455.0,22512.55,22619.0,22303.8,22523.4,315.2000000000007,10.850000000002183,106.45000000000073,208.75,1.4036962814517957,10.850000000002183,2024
2024-04-08/2024-04-14,2024-04-08,2024-04-12,4,22578.35,22570.1,22775.7,22503.75,22519.4,271.9500000000007,-50.69999999999709,205.60000000000218,66.34999999999854,1.2044724260187336,50.69999999999709,2024
2024-04-15/2024-04-21,2024-04-15,2024-04-19,4,22339.05,22324.2,22427.45,21777.65,22149.7,649.7999999999993,-174.5,103.25,546.5499999999993,2.9088076708723034,174.5,2024
2024-04-22/2024-04-28,2024-04-22,2024-04-26,5,22336.9,22253.05,22625.95,22198.15,22450.2,427.7999999999993,197.15000000000146,372.90000000000146,54.89999999999782,1.9152165251221038,197.15000000000146,2024
2024-04-29/2024-05-05,2024-04-29,2024-05-03,4,22475.55,22490.85,22794.7,22348.05,22456.7,446.65000000000146,-34.14999999999782,303.8500000000022,142.79999999999927,1.9872706118426533,34.14999999999782,2024
2024-05-06/2024-05-12,2024-05-06,2024-05-10,5,22561.6,22519.6,22588.8,21932.4,22054.0,656.3999999999978,-465.59999999999854,69.20000000000073,587.1999999999971,2.9093681299198546,465.59999999999854,2024
2024-05-13/2024-05-19,2024-05-13,2024-05-18,6,22027.95,21968.8,22519.85,21821.05,22506.8,698.7999999999993,538.0,551.0499999999993,147.75,3.1723333310634865,538.0,2024
2024-05-20/2024-05-26,2024-05-21,2024-05-24,4,22404.55,22474.95,23026.4,22404.55,22952.0,621.8500000000022,477.0499999999993,551.4500000000007,25.950000000000728,2.775552287370209,477.0499999999993,2024
2024-05-27/2024-06-02,2024-05-27,2024-05-31,5,23038.95,23000.5,23110.8,22417.0,22550.45,693.7999999999993,-450.0499999999993,110.29999999999927,583.5,3.0114219615043187,450.0499999999993,2024
2024-06-03/2024-06-09,2024-06-03,2024-06-07,5,23337.9,23145.6,23338.7,21281.45,23270.05,2057.25,124.45000000000073,174.60000000000218,1864.1499999999978,8.815060481020144,124.45000000000073,2024
2024-06-10/2024-06-16,2024-06-10,2024-06-14,5,23319.15,23392.5,23490.4,23206.65,23454.15,283.75,61.650000000001455,97.90000000000146,185.84999999999854,1.2168110758754072,61.650000000001455,2024
2024-06-17/2024-06-23,2024-06-18,2024-06-21,4,23570.8,23530.9,23667.1,23398.2,23453.15,268.8999999999978,-77.75,136.1999999999971,132.70000000000073,1.1408183006092192,77.75,2024
2024-06-24/2024-06-30,2024-06-24,2024-06-28,5,23382.3,23397.15,24174.0,23350.0,24009.8,824.0,612.6499999999978,776.8499999999985,47.150000000001455,3.524033136175654,612.6499999999978,2024
2024-07-01/2024-07-07,2024-07-01,2024-07-05,5,23992.95,24020.85,24401.0,23992.7,24316.75,408.2999999999993,295.90000000000146,380.15000000000146,9.149999999997817,1.7017498890298994,295.90000000000146,2024
2024-07-08/2024-07-14,2024-07-08,2024-07-12,5,24329.45,24297.85,24592.2,24141.8,24512.4,450.40000000000146,214.5500000000029,294.3500000000022,156.04999999999927,1.851254344015181,214.5500000000029,2024
2024-07-15/2024-07-21,2024-07-15,2024-07-19,4,24587.6,24569.35,24854.8,24504.45,24525.85,350.34999999999854,-43.5,285.4500000000007,64.89999999999782,1.4249052367860164,43.5,2024
2024-07-22/2024-07-28,2024-07-22,2024-07-26,5,24445.75,24394.0,24861.15,24074.2,24851.75,786.9500000000007,457.75,467.15000000000146,319.7999999999993,3.2191689762024107,457.75,2024
2024-07-29/2024-08-04,2024-07-29,2024-08-02,5,24943.3,24928.15,25078.3,24686.85,24699.45,391.4500000000007,-228.70000000000073,150.14999999999782,241.3000000000029,1.5693593069080705,228.70000000000073,2024
2024-08-05/2024-08-11,2024-08-05,2024-08-09,5,24302.85,24298.8,24419.75,23893.7,24364.4,526.0499999999993,65.60000000000218,120.95000000000073,405.09999999999854,2.164560946555648,65.60000000000218,2024
2024-08-12/2024-08-18,2024-08-12,2024-08-16,4,24320.05,24268.3,24563.9,24099.7,24539.2,464.2000000000007,270.90000000000146,295.6000000000022,168.59999999999854,1.9087131810995486,270.90000000000146,2024
2024-08-19/2024-08-25,2024-08-19,2024-08-23,5,24636.35,24607.9,24867.35,24522.95,24831.85,344.3999999999978,223.9499999999971,259.4499999999971,84.95000000000073,1.3979343531001867,223.9499999999971,2024
2024-08-26/2024-09-01,2024-08-26,2024-08-30,5,24906.1,24886.45,25268.35,24874.7,25247.0,393.6499999999978,360.5499999999993,381.8999999999978,7.900000000001455,1.580536495075495,360.5499999999993,2024
2024-09-02/2024-09-08,2024-09-02,2024-09-06,5,25333.6,25312.1,25333.65,24801.3,24868.5,532.3500000000022,-443.59999999999854,11.5,510.7999999999993,2.1013594593741205,443.59999999999854,2024
2024-09-09/2024-09-15,2024-09-09,2024-09-13,5,24823.4,24800.15,25433.35,24753.15,25343.55,680.1999999999971,543.3999999999978,633.1999999999971,47.0,2.74015646527066,543.3999999999978,2024
2024-09-16/2024-09-22,2024-09-16,2024-09-20,5,25406.65,25396.5,25849.25,25285.55,25820.35,563.7000000000007,423.84999999999854,452.75,110.95000000000073,2.218710455727145,423.84999999999854,2024
2024-09-23/2024-09-29,2024-09-23,2024-09-27,5,25872.55,25880.15,26277.35,25847.35,26175.0,430.0,294.84999999999854,397.1999999999971,32.80000000000291,1.6619931162564185,294.84999999999854,2024
2024-09-30/2024-10-06,2024-09-30,2024-10-04,4,26061.3,26088.9,26134.7,24966.8,25049.1,1167.9000000000015,-1039.800000000003,1.5999999999985448,1122.1000000000022,4.481357415017675,1039.800000000003,2024
2024-10-07/2024-10-13,2024-10-07,2024-10-11,5,25084.1,25099.8,25234.05,24694.35,24975.05,539.7000000000007,-124.75,134.25,405.4500000000007,2.15156214494441,124.75,2024
2024-10-14/2024-10-20,2024-10-14,2024-10-18,5,25023.45,25055.05,25212.05,24567.65,24862.65,644.3999999999978,-192.39999999999782,157.0,487.3999999999978,2.5751844769606023,192.39999999999782,2024
2024-10-21/2024-10-27,2024-10-21,2024-10-25,5,24956.15,24934.9,24978.3,24073.9,24211.8,904.3999999999978,-723.1000000000022,0.0,861.0,3.623956419559899,723.1000000000022,2024
2024-10-28/2024-11-03,2024-10-28,2024-10-31,4,24251.1,24248.8,24498.2,24134.9,24238.5,363.2999999999993,-10.299999999999272,249.40000000000146,113.89999999999782,1.498076375916966,10.299999999999272,2024
2024-11-04/2024-11-10,2024-11-04,2024-11-08,5,24315.75,24115.1,24537.6,23816.15,24110.35,721.4499999999971,-4.75,422.5,298.9499999999971,2.967006981071927,4.75,2024
2024-11-11/2024-11-17,2024-11-11,2024-11-14,4,24087.25,24060.0,24336.8,23484.15,23559.6,852.6499999999978,-500.40000000000146,276.7999999999993,575.8499999999985,3.5398395416662254,500.40000000000146,2024
2024-11-18/2024-11-24,2024-11-18,2024-11-22,4,23605.3,23531.6,23956.1,23263.15,23873.5,692.9499999999971,341.90000000000146,424.5,268.4499999999971,2.9355695542949976,341.90000000000146,2024
2024-11-25/2024-12-01,2024-11-25,2024-11-29,5,24253.55,24288.1,24354.55,23873.35,24123.65,481.2000000000007,-164.4499999999971,66.45000000000073,414.75,1.9840394498949672,164.4499999999971,2024
2024-12-02/2024-12-08,2024-12-02,2024-12-06,5,24140.85,24037.5,24857.75,24008.65,24669.0,849.0999999999985,631.5,820.25,28.849999999998545,3.5172746609999175,631.5,2024
2024-12-09/2024-12-15,2024-12-09,2024-12-13,5,24633.9,24680.15,24792.3,24180.8,24781.3,611.5,101.14999999999782,112.14999999999782,499.3500000000022,2.482351556188829,101.14999999999782,2024
2024-12-16/2024-12-22,2024-12-16,2024-12-20,5,24753.4,24747.3,24781.25,23537.35,23631.35,1243.9000000000015,-1115.9500000000007,21.600000000002183,1209.9500000000007,5.025168259713823,1115.9500000000007,2024
2024-12-23/2024-12-29,2024-12-23,2024-12-27,4,23738.2,23768.85,23938.85,23647.2,23832.45,291.6499999999978,63.60000000000218,170.0,121.64999999999782,1.2286104253902899,63.60000000000218,2024
2024-12-30/2025-01-05,2024-12-30,2025-01-03,5,23796.9,23803.9,24226.7,23460.45,23990.15,766.25,186.25,422.7999999999993,343.4500000000007,3.219957221318743,186.25,2024
2025-01-06/2025-01-12,2025-01-06,2025-01-10,5,24045.8,24031.8,24089.95,23344.35,23437.35,745.6000000000022,-594.4500000000007,58.150000000001455,687.4500000000007,3.1007494032221934,594.4500000000007,2025
2025-01-13/2025-01-19,2025-01-13,2025-01-17,5,23195.4,23242.85,23391.65,23047.25,23203.1,344.40000000000146,-39.75,148.8000000000029,195.59999999999854,1.4847771540909036,39.75,2025
2025-01-20/2025-01-26,2025-01-20,2025-01-24,5,23290.4,23226.95,23426.3,22976.85,23090.35,449.4500000000007,-136.60000000000218,199.34999999999854,250.10000000000218,1.9297650534125677,136.60000000000218,2025
2025-01-27/2025-02-02,2025-01-27,2025-02-01,6,22940.15,22927.3,23632.45,22786.9,23495.3,845.5499999999993,568.0,705.1500000000015,140.39999999999782,3.685895689435332,568.0,2025
2025-02-03/2025-02-09,2025-02-03,2025-02-07,5,23319.35,23261.5,23807.3,23222.0,23563.15,585.2999999999993,301.65000000000146,545.7999999999993,39.5,2.5099327382624272,301.65000000000146,2025
2025-02-10/2025-02-16,2025-02-10,2025-02-14,5,23543.8,23467.65,23568.6,22774.85,22897.25,793.75,-570.4000000000015,39.54999999999927,692.8000000000029,3.3713759036349273,570.4000000000015,2025
2025-02-17/2025-02-23,2025-02-17,2025-02-21,5,22809.9,22806.05,23049.95,22720.3,22764.35,329.65000000000146,-41.70000000000073,243.90000000000146,85.75,1.44520580975805,41.70000000000073,2025
2025-02-24/2025-03-02,2025-02-24,2025-02-28,4,22609.35,22644.65,22668.05,22104.85,22127.4,563.2000000000007,-517.25,0.5999999999985448,539.8000000000029,2.4910048276487418,517.25,2025
2025-03-03/2025-03-09,2025-03-03,2025-03-07,5,22194.55,22256.4,22633.8,21964.6,22536.95,669.2000000000007,280.5499999999993,377.3999999999978,291.8000000000029,3.0151546212921674,280.5499999999993,2025
2025-03-10/2025-03-16,2025-03-10,2025-03-13,4,22521.85,22578.35,22676.75,22314.7,22383.3,362.0499999999993,-195.04999999999927,98.40000000000146,263.6499999999978,1.6075500014430402,195.04999999999927,2025
2025-03-17/2025-03-23,2025-03-17,2025-03-21,5,22353.15,22504.2,23402.7,22353.15,23355.65,1049.5499999999993,851.4500000000007,898.5,62.20000000000073,4.695311399064558,851.4500000000007,2025
2025-03-24/2025-03-30,2025-03-24,2025-03-28,5,23515.4,23513.2,23869.6,23412.2,23495.15,457.3999999999978,-18.049999999999272,356.3999999999978,101.0,1.9451083119997863,18.049999999999272,2025
2025-03-31/2025-04-06,2025-04-01,2025-04-04,4,23341.1,23417.1,23565.15,22857.45,22912.05,707.7000000000007,-505.0499999999993,148.0500000000029,559.6499999999978,3.031990780211733,505.0499999999993,2025
2025-04-07/2025-04-13,2025-04-07,2025-04-11,4,21758.4,21890.1,22923.9,21743.65,22844.5,1180.25,954.4000000000015,1033.800000000003,93.19999999999709,5.424341863372306,954.4000000000015,2025
2025-04-14/2025-04-20,2025-04-15,2025-04-17,3,23368.35,23278.4,23872.35,23207.0,23837.75,665.3499999999985,559.3499999999985,593.9499999999971,13.75,2.847227125577966,559.3499999999985,2025
2025-04-21/2025-04-27,2025-04-21,2025-04-25,5,23949.15,23959.4,24365.45,23847.85,23991.65,517.6000000000022,32.25,406.0499999999993,111.55000000000291,2.1612458062186013,32.25,2025
2025-04-28/2025-05-04,2025-04-28,2025-05-02,4,24070.25,24130.15,24589.15,24054.05,24313.65,535.1000000000022,183.5,459.0,48.05000000000291,2.223076204027803,183.5,2025
2025-05-05/2025-05-11,2025-05-05,2025-05-09,5,24419.5,24435.8,24526.4,23935.75,24038.65,590.6500000000015,-397.1499999999978,90.60000000000218,500.0499999999993,2.418763692950312,397.1499999999978,2025
2025-05-12/2025-05-18,2025-05-12,2025-05-16,5,24420.1,24562.45,25116.25,24378.85,25013.1,737.4000000000015,450.6499999999978,553.7999999999993,68.0,3.019643654202896,450.6499999999978,2025
2025-05-19/2025-05-25,2025-05-19,2025-05-23,5,25005.35,25027.85,25062.95,24462.4,24845.15,600.5499999999993,-182.6999999999971,35.10000000000218,565.4499999999971,2.401686039187611,182.6999999999971,2025
2025-05-26/2025-06-01,2025-05-26,2025-05-30,5,24919.35,25005.2,25079.2,24677.3,24736.65,401.90000000000146,-268.5499999999993,74.0,327.90000000000146,1.6128029021623815,268.5499999999993,2025
2025-06-02/2025-06-08,2025-06-02,2025-06-06,5,24669.7,24567.75,25029.5,24502.15,25000.3,527.3499999999985,432.5499999999993,461.75,65.59999999999854,2.137642533147945,432.5499999999993,2025
2025-06-09/2025-06-15,2025-06-09,2025-06-13,5,25160.1,25107.6,25222.4,24473.0,24735.55,749.4000000000015,-372.0499999999993,114.80000000000291,634.5999999999985,2.9785255225535727,372.0499999999993,2025
2025-06-16/2025-06-22,2025-06-16,2025-06-20,5,24732.35,24788.3,25136.2,24703.6,25079.75,432.6000000000022,291.4500000000007,347.90000000000146,82.14999999999782,1.7491261445030586,291.4500000000007,2025
2025-06-23/2025-06-29,2025-06-23,2025-06-27,5,24939.75,24930.95,25654.2,24824.85,25632.45,829.3500000000022,701.5,723.25,106.10000000000218,3.3254142483385047,701.5,2025
2025-06-30/2025-07-06,2025-06-30,2025-07-04,5,25661.65,25610.55,25669.35,25331.65,25467.8,337.6999999999971,-142.75,40.5,278.8999999999978,1.3159714983253106,142.75,2025
2025-07-07/2025-07-13,2025-07-07,2025-07-11,5,25450.45,25445.2,25548.7,25129.0,25140.55,419.7000000000007,-304.65000000000146,103.5,316.2000000000007,1.649086754851096,304.65000000000146,2025
2025-07-14/2025-07-20,2025-07-14,2025-07-18,5,25149.5,25100.6,25255.3,24918.65,24967.45,336.6499999999978,-133.14999999999782,154.70000000000073,181.9499999999971,1.3385952006998065,133.14999999999782,2025
2025-07-21/2025-07-27,2025-07-21,2025-07-25,5,24999.0,24955.2,25246.25,24806.35,24832.2,439.90000000000146,-123.0,291.0499999999993,148.85000000000218,1.7596703868154786,123.0,2025
2025-07-28/2025-08-03,2025-07-28,2025-08-01,5,24782.45,24787.8,24956.5,24535.05,24572.15,421.4500000000007,-215.64999999999782,168.70000000000073,252.75,1.7005986090963594,215.64999999999782,2025
2025-08-04/2025-08-10,2025-08-04,2025-08-08,5,24596.05,24642.75,24736.25,24337.5,24350.85,398.75,-291.90000000000146,93.5,305.25,1.6211952732247656,291.90000000000146,2025
2025-08-11/2025-08-17,2025-08-11,2025-08-14,4,24371.5,24401.2,24702.6,24347.45,24616.05,355.1499999999978,214.84999999999854,301.3999999999978,45.04999999999927,1.4572348850091206,214.84999999999854,2025
2025-08-18/2025-08-24,2025-08-18,2025-08-22,5,24938.2,24945.05,25153.65,24852.85,24869.45,300.8000000000029,-75.59999999999854,208.60000000000218,92.20000000000073,1.2061816811157298,75.59999999999854,2025
2025-08-25/2025-08-31,2025-08-25,2025-08-29,4,24949.15,24922.9,25021.55,24404.7,24433.65,616.8499999999985,-489.25,98.64999999999782,518.2000000000007,2.4724289204241368,489.25,2025
2025-09-01/2025-09-07,2025-09-01,2025-09-05,5,24432.7,24522.55,24980.75,24432.7,24743.95,548.0499999999993,221.40000000000146,458.2000000000007,19.950000000000728,2.243100435072666,221.40000000000146,2025
2025-09-08/2025-09-14,2025-09-08,2025-09-12,5,24802.6,24788.95,25139.45,24751.55,25107.7,387.90000000000146,318.75,350.5,37.400000000001455,1.5639489408368537,318.75,2025
2025-09-15/2025-09-21,2025-09-15,2025-09-19,5,25118.9,25091.05,25448.95,25048.75,25352.5,400.2000000000007,261.4500000000007,357.90000000000146,42.29999999999927,1.5932226331567094,261.4500000000007,2025
2025-09-22/2025-09-28,2025-09-22,2025-09-26,5,25238.1,25257.5,25331.7,24629.45,24673.1,702.25,-584.4000000000015,74.20000000000073,628.0499999999993,2.782499475000099,584.4000000000015,2025
2025-09-29/2025-10-05,2025-09-29,2025-10-03,4,24728.55,24672.75,24904.8,24587.7,24895.0,317.09999999999854,222.25,232.04999999999927,85.04999999999927,1.282323468217904,222.25,2025
2025-10-06/2025-10-12,2025-10-06,2025-10-10,5,24916.55,24927.5,25330.75,24881.65,25278.2,449.09999999999854,350.7000000000007,403.25,45.849999999998545,1.8024164661640498,350.7000000000007,2025
2025-10-13/2025-10-19,2025-10-13,2025-10-17,5,25177.3,25213.85,25781.5,25060.55,25704.7,720.9500000000007,490.8500000000022,567.6500000000015,153.29999999999927,2.8634921139280256,490.8500000000022,2025
2025-10-20/2025-10-26,2025-10-20,2025-10-24,4,25824.6,25903.25,26104.2,25718.2,25797.45,386.0,-105.79999999999927,200.95000000000073,185.04999999999927,1.4946988530316057,105.79999999999927,2025
2025-10-27/2025-11-02,2025-10-27,2025-10-31,5,25843.2,25862.85,26097.85,25711.2,25732.55,386.6499999999978,-130.29999999999927,235.0,151.64999999999782,1.4961382491332258,130.29999999999927,2025
2025-11-03/2025-11-09,2025-11-03,2025-11-07,4,25696.85,25687.45,25803.1,25318.45,25510.05,484.6499999999978,-177.40000000000146,115.64999999999782,369.0,1.8860288323276895,177.40000000000146,2025
2025-11-10/2025-11-16,2025-11-10,2025-11-14,5,25503.5,25551.65,26010.7,25449.25,25916.8,561.4500000000007,365.1499999999978,459.0499999999993,102.40000000000146,2.2014625443566596,365.1499999999978,2025
2025-11-17/2025-11-23,2025-11-17,2025-11-21,5,25948.2,25952.45,26246.65,25856.2,26063.95,390.4500000000007,111.5,294.2000000000007,96.25,1.5047286516983864,111.5,2025
2025-11-24/2025-11-30,2025-11-24,2025-11-28,5,26122.8,26096.95,26310.45,25842.95,26204.55,467.5,107.59999999999854,213.5,254.0,1.789624389422267,107.59999999999854,2025
2025-12-01/2025-12-07,2025-12-01,2025-12-05,5,26325.8,26283.5,26325.8,25891.0,26176.65,434.7999999999993,-106.84999999999854,31.200000000000728,392.5,1.6516117268990846,106.84999999999854,2025
2025-12-08/2025-12-14,2025-12-08,2025-12-12,5,26159.8,26157.35,26178.7,25693.25,26043.0,485.4500000000007,-114.34999999999854,21.350000000002183,464.09999999999854,1.8557099060390398,114.34999999999854,2025
2025-12-15/2025-12-21,2025-12-15,2025-12-19,5,25930.05,25952.3,26047.15,25726.3,25961.4,320.8500000000022,9.100000000002183,94.85000000000218,226.0,1.2373674559054155,9.100000000002183,2025
2025-12-22/2025-12-28,2025-12-22,2025-12-26,4,26055.85,26094.55,26236.4,26008.6,26047.65,227.8000000000029,-46.89999999999782,141.85000000000218,85.95000000000073,0.8742758344095584,46.89999999999782,2025
2025-12-29/2026-01-04,2025-12-29,2026-01-02,5,26063.35,26050.85,26340.0,25878.0,26335.7,462.0,284.8500000000022,289.15000000000146,172.84999999999854,1.7726040589563508,284.8500000000022,2025
2026-01-05/2026-01-11,2026-01-05,2026-01-09,5,26333.7,26340.95,26373.2,25623.0,25703.7,750.2000000000007,-637.25,32.25,717.9500000000007,2.848821092364539,637.25,2026
2026-01-12/2026-01-18,2026-01-12,2026-01-16,4,25669.05,25610.65,25899.8,25473.4,25701.9,426.3999999999978,91.25,289.1499999999978,137.25,1.661144452170991,91.25,2026
2026-01-19/2026-01-25,2026-01-19,2026-01-23,5,25653.1,25597.65,25653.3,24919.8,25064.75,733.5,-532.9000000000015,38.64999999999782,677.8500000000022,2.859303553956442,532.9000000000015,2026
2026-01-26/2026-02-01,2026-01-27,2026-02-01,5,25063.35,25007.5,25458.15,24571.75,24768.0,886.4000000000015,-239.5,450.65000000000146,435.75,3.53663815890534,239.5,2026
2026-02-02/2026-02-08,2026-02-02,2026-02-06,5,24796.5,24810.45,26341.2,24679.4,25673.6,1661.7999999999993,863.1499999999978,1530.75,131.04999999999927,6.701752263424271,863.1499999999978,2026
2026-02-09/2026-02-15,2026-02-09,2026-02-13,5,25888.7,25814.3,26009.4,25444.3,25460.55,565.1000000000022,-353.75,195.10000000000218,370.0,2.182805625620453,353.75,2026
2026-02-16/2026-02-22,2026-02-16,2026-02-20,5,25423.6,25473.05,25885.3,25372.7,25565.9,512.5999999999985,92.85000000000218,412.25,93.29999999999927,2.0162368822668646,92.85000000000218,2026
2026-02-23/2026-03-01,2026-02-23,2026-02-27,5,25678.4,25698.15,25771.45,25141.3,25181.8,630.1500000000015,-516.3500000000022,73.29999999999927,556.8500000000022,2.4540080378839857,516.3500000000022,2026
2026-03-02/2026-03-08,2026-03-02,2026-03-06,4,24659.25,24893.1,24989.35,24305.4,24469.4,683.9499999999971,-423.6999999999971,96.25,587.6999999999971,2.773604225594846,423.6999999999971,2026
2026-03-09/2026-03-15,2026-03-09,2026-03-13,5,23868.05,23779.0,24303.8,23112.0,23170.9,1191.7999999999993,-608.0999999999985,524.7999999999993,667.0,4.993286003674365,608.0999999999985,2026
2026-03-16/2026-03-22,2026-03-16,2026-03-20,5,23116.1,23173.8,23862.25,22930.35,23134.65,931.9000000000015,-39.14999999999782,688.4500000000007,243.45000000000073,4.031389377966013,39.14999999999782,2026
2026-03-23/2026-03-29,2026-03-23,2026-03-27,4,22824.35,22686.25,23465.35,22471.25,22839.5,994.0999999999985,153.25,779.0999999999985,215.0,4.355436189858632,153.25,2026
2026-03-30/2026-04-05,2026-03-30,2026-04-02,3,22549.65,22521.2,22941.3,22182.55,22700.7,758.75,179.5,420.09999999999854,338.65000000000146,3.3647972363207406,179.5,2026
2026-04-06/2026-04-12,2026-04-06,2026-04-10,5,22780.3,22671.3,24074.05,22542.95,24050.5,1531.0999999999985,1379.2000000000007,1402.75,128.34999999999854,6.721158193702448,1379.2000000000007,2026
2026-04-13/2026-04-19,2026-04-13,2026-04-17,4,23589.6,23579.6,24400.95,23555.6,24366.9,845.3500000000022,787.3000000000029,821.3500000000022,6.599999999998545,3.5835707260826903,787.3000000000029,2026
2026-04-20/2026-04-26,2026-04-20,2026-04-24,5,24391.5,24340.25,24601.7,23813.65,23903.95,788.0499999999993,-436.2999999999993,261.4500000000007,526.5999999999985,3.230838611811489,436.2999999999993,2026
2026-04-27/2026-05-03,2026-04-27,2026-04-30,4,23945.45,24020.4,24334.7,23796.85,24043.7,537.8500000000022,23.299999999999272,314.2999999999993,223.5500000000029,2.246146971554104,23.299999999999272,2026
2026-05-04/2026-05-10,2026-05-04,2026-05-08,5,24063.55,24178.9,24482.1,23882.05,24179.8,600.0499999999993,0.8999999999978172,303.1999999999971,296.8500000000022,2.493605473839061,0.8999999999978172,2026
2026-05-11/2026-05-17,2026-05-11,2026-05-15,5,23970.1,23919.05,23997.45,23262.55,23659.35,734.9000000000015,-259.7000000000007,78.40000000000146,656.5,3.065902937409529,259.7000000000007,2026
2026-05-18/2026-05-24,2026-05-18,2026-05-22,5,23482.2,23399.5,23859.9,23317.1,23748.85,542.8000000000029,349.34999999999854,460.40000000000146,82.40000000000146,2.31153810120007,349.34999999999854,2026
2026-05-25/2026-05-31,2026-05-25,2026-05-29,4,23940.25,23968.75,24089.8,23484.75,23609.3,605.0499999999993,-359.4500000000007,121.04999999999927,484.0,2.5273336744603725,359.4500000000007,2026
2026-06-01/2026-06-07,2026-06-01,2026-06-05,5,23654.5,23633.4,23733.7,23151.5,23368.85,582.2000000000007,-264.5500000000029,12.649999999997817,481.90000000000146,2.4612652983576093,264.5500000000029,2026
2026-06-08/2026-06-14,2026-06-08,2026-06-12,5,23080.7,23133.35,23645.35,23070.15,23631.75,575.1999999999971,498.40000000000146,512.0,61.29999999999927,2.492125455467109,498.40000000000146,2026
2026-06-15/2026-06-21,2026-06-15,2026-06-19,5,23984.85,23948.15,24189.25,23817.8,24042.7,371.4500000000007,94.54999999999927,241.09999999999854,130.35000000000218,1.5486859413338034,94.54999999999927,2026
2026-06-22/2026-06-28,2026-06-22,2026-06-25,4,24106.6,24121.35,24261.6,23784.95,24052.95,476.6499999999978,-68.39999999999782,140.25,336.3999999999978,1.9772593397658644,68.39999999999782,2026
2026-06-29/2026-07-05,2026-06-29,2026-07-03,5,24061.75,24086.2,24378.15,23829.2,24271.2,548.9500000000007,185.0,291.9500000000007,257.0,2.281421758600271,185.0,2026
2026-07-06/2026-07-12,2026-07-06,2026-07-10,5,24306.85,24355.85,24530.9,23805.2,24211.65,725.7000000000007,-144.1999999999971,175.0500000000029,550.6499999999978,2.9855781394956598,144.1999999999971,2026
2026-07-13/2026-07-19,2026-07-13,2026-07-17,5,24039.4,24026.7,24367.3,24000.2,24346.7,367.09999999999854,320.0,340.59999999999854,16.150000000001455,1.527076382938004,320.0,2026
2026-07-20/2026-07-26,2026-07-20,2026-07-24,5,24190.05,24205.85,24266.1,23606.3,23787.0,659.7999999999993,-418.84999999999854,60.25,599.5499999999993,2.7275677396284803,418.84999999999854,2026
2026-07-27/2026-08-02,2026-07-27,2026-07-31,5,23928.4,23913.75,24429.4,23891.55,24366.7,537.8500000000022,452.9500000000007,515.6500000000015,22.200000000000728,2.2477474465488796,452.9500000000007,2026
2026-08-03/2026-08-09,2026-08-03,2026-08-07,5,24572.7,24530.1,24774.3,24427.95,24570.65,346.34999999999854,40.55000000000291,244.20000000000073,102.14999999999782,1.4094910205227693,40.55000000000291,2026
2026-08-10/2026-08-16,2026-08-10,2026-08-14,5,24581.25,24602.85,24620.95,24265.95,24366.0,355.0,-236.84999999999854,18.100000000002183,336.8999999999978,1.44419018560895,236.84999999999854,2026
2026-08-17/2026-08-23,2026-08-17,2026-08-21,5,24343.45,24305.25,24360.1,24025.65,24252.0,334.4499999999971,-53.25,54.849999999998545,279.59999999999854,1.373880859122257,53.25,2026
2026-08-24/2026-08-30,2026-08-24,2026-08-28,5,24285.05,24303.9,24378.6,24076.85,24175.65,301.75,-128.25,74.69999999999709,227.0500000000029,1.242533986959055,128.25,2026
2026-08-31/2026-09-06,2026-08-31,2026-09-04,5,24117.55,24067.2,24143.15,23786.8,23897.7,356.3500000000022,-169.5,75.95000000000073,280.40000000000146,1.477554726744641,169.5,2026
2026-09-07/2026-09-13,2026-09-07,2026-09-11,5,23883.15,23859.35,23890.0,23231.4,23398.1,658.5999999999985,-461.25,1.9500000000007276,627.9499999999971,2.7575926961058257,461.25,2026
2026-09-14/2026-09-20,2026-09-15,2026-09-18,4,23576.15,23501.25,23592.85,23116.1,23346.4,476.75,-154.84999999999854,2.7999999999992724,385.15000000000146,2.022170710654623,154.84999999999854,2026
2026-09-21/2026-09-27,2026-09-21,2026-09-25,5,23330.2,23386.15,23489.0,23020.95,23140.5,468.0499999999993,-245.65000000000146,102.84999999999854,365.2000000000007,2.006197975156661,245.65000000000146,2026
