claim_id,topic,status,evidence_tier,tier_meaning,claim,key_numbers,sources,required_warnings,allowed_wording,forbidden_wording,estimands,interval_based,t11_undercoverage_warning_attached,tier1_conditions
C01,IV exceeds realised volatility (calendar basis),SUPPORTED_WITH_CAVEATS,1,statistical evidence (see rule),In the 260-expiry EXP/hybrid sample the median calendar-basis spread (IV minus RV) is positive: the historical sample shows implied volatility above subsequent realised volatility.,"S1 calendar 1.805 vol pts, 95% expiry-block interval 1.54-2.16; dev 1.889, holdout 1.686; all expiry years positive: True; positive in 30 of 30 specifications (range 1.67-2.01)",gate1/ci_methods_comparison.csv; gate2/t5_split_contrasts.csv; gate2/t6_strata_estimates.csv; gate2/t7_t8_robustness_reading.csv; gate3/t9_*.csv,"Descriptive of this historical sample under stated dependence assumptions; the holdout was previously viewed (not out-of-sample); no bid/ask, so a same-direction last-trade bias of about Rs 20.5 would explain all of it (C12); ≤ 14 DTE universe only (C11). Note (T11): in the calibrated synthetic study the expiry-block (b = 5) interval for spread-median estimands covered 93.7%-94.7% (nominal 95%); worse under strong dependence. Synthetic coverage is not transferable to the real data.","The sample shows IV above realised volatility by about 1.8 vol pts (calendar basis), with the stated interval and caveats.",IV is overpriced / options are expensive / a premium exists / this is tradable / out-of-sample confirmation,S1,True,True,interval_excludes_null=True;dev_holdout_same_side=True;every_expiry_year_same_side=True;every_specification_excludes_null=True;no_detectable_outcome_dependent_selection=True
C02,Spread size depends on the annualization basis,SUPPORTED_WITH_CAVEATS,0,descriptive association in this sample,The size of the IV-RV spread depends on whether RV is annualised per trading session or per calendar day; the session-basis spread is larger.,"S1 session 2.651 (2.26-3.06) vs calendar 1.805; session-basis dev-minus-holdout difference -0.80 (p = 0.052, block-length dependent)",gate1/ci_methods_comparison.csv; gate2/t5_split_contrasts.csv; Stage 2C annualization audit,Descriptive; the calendar basis is the headline because it matches IV's time basis. Note (T11): in the calibrated synthetic study the expiry-block (b = 5) interval for spread-median estimands covered 93.7%-94.7% (nominal 95%); worse under strong dependence. Synthetic coverage is not transferable to the real data.,The two bases give different spread sizes; the difference reflects the annualization convention.,the session spread is the true spread,S1,True,True,
C03,Typical total-variance ratio exceeds 1,SUPPORTED_WITH_CAVEATS,1,statistical evidence (see rule),Implied total variance typically exceeds subsequently realised total variance in this sample (typical-ratio estimands R1/R2).,R1 1.291 (1.215-1.369); R2 1.371 (1.301-1.437); 79.2% of expiries have median ratio above 1 (exact sign test p = 4.3e-22); intervals exclude 1 in 31 of 31 specifications,gate1/ci_methods_comparison.csv; gate1/ratio_inference.csv; gate2/t7_t8_robustness_reading.csv; gate3/t11b_coverage.csv,"Warning (T11): in the calibrated synthetic study the expiry-block (b = 5) 95% interval covered the true value of the ratio estimands only 88.7%-91.7% of the time (nominal 95%), and materially less under strong dependence (best 82%-87%); read ratio intervals as too narrow. Synthetic coverage is not transferable to the real data.",The typical ratio of implied to realised total variance is above 1 in this sample; the interval is probably too narrow (see warning).,ratio proves overpricing / a volatility risk premium,R1;R2,True,True,interval_excludes_null=True;dev_holdout_same_side=True;every_expiry_year_same_side=True;every_specification_excludes_null=True;no_detectable_outcome_dependent_selection=True
C04,Ratio of summed variances (R3),NOT_SUPPORTED,0,descriptive association in this sample,R3 (sum of implied over sum of realised total variance) is NOT shown to differ from 1.,R3 1.116 (0.978-1.268) contains 1; interval contains 1 in 29 of 31 specifications; removing the 5 most influential expiries moves it 1.116 -> 1.244 (random-removal median 1.114),gate1/ci_methods_comparison.csv; gate1/topk_removal.csv; gate2/t7_t8_specification_curve.csv,"Warning (T11): in the calibrated synthetic study the expiry-block (b = 5) 95% interval covered the true value of the ratio estimands only 88.7%-91.7% of the time (nominal 95%), and materially less under strong dependence (best 82%-87%); read ratio intervals as too narrow. Synthetic coverage is not transferable to the real data.",R3 is dominated by a few high-variance expiries; no claim about R3 above 1 is made.,volume-weighted premium exists; R3 confirms the ratio,R3,True,True,
C05,Row-level inference is invalid,SUPPORTED_METHOD,NA,not applicable (method / limitation statement),"Treating the 6,490 rows as independent is invalid: rows within an expiry are strongly correlated and neighbouring expiries overlap.","the expiry-block interval is 4.8x (S1 calendar) and 4.8x (R2) as wide as the row-iid interval; ICC by expiry 0.58, design effect 14.8; synthetic coverage of row-iid 24%-45% (B0) vs nominal 95%",gate1/ci_methods_comparison.csv; gate1/dependence_diagnostics.csv; gate3/t11b_coverage.csv,Synthetic coverage is not transferable to the real data.,Inference must use the expiry as the unit with block resampling; row-level intervals are not used.,"6,490 independent observations",,False,False,
C06,Date-block (Stage 2C) intervals,SUPPORTED_METHOD,NA,not applicable (method / limitation statement),The Stage 2C date-block interval was somewhat optimistic.,expiry-block interval 1.22x as wide as the date-block interval for S1 calendar; synthetic mean coverage of date_block10 89.7% (B0),gate1/ci_methods_comparison.csv; gate3/t11b_coverage.csv,Synthetic coverage is not transferable to the real data.,Stage 2C intervals should be read as lower bounds on uncertainty.,Stage 2C intervals were conservative,,False,False,
C07,Development vs holdout,INCONCLUSIVE,0,descriptive association in this sample,"No development-vs-holdout difference is detected, but the comparison has low power and cannot show that the periods are equal.",family A (4 contrasts): all Holm p = 1.00; S1 calendar holdout-minus-dev -0.20 (-0.85 to 0.49),gate2/t5_split_contrasts.csv; gate2/t5_post_stratified_contrast.csv; gate3/t11b_split_contrast.csv,"The holdout was previously viewed and is not out-of-sample. In the synthetic study the false-rejection rate of the contrast under a true null was about 6-7% overall and up to 10-13% for R3. Warning (T11): in the calibrated synthetic study the expiry-block (b = 5) 95% interval covered the true value of the ratio estimands only 88.7%-91.7% of the time (nominal 95%), and materially less under strong dependence (best 82%-87%); read ratio intervals as too narrow. Synthetic coverage is not transferable to the real data.",No difference between periods was detected; the data cannot rule out one.,holdout confirms / validates out-of-sample / the effect is stable,S1;R1;R2,True,True,
C08,Heterogeneity across strata,SUPPORTED_WITH_CAVEATS,0,descriptive association in this sample,"The spread differs descriptively across DTE bucket, IV level, recent-volatility regime and weekend-in-window; these strata overlap and partly condition on variables tied to the spread.",5 of 12 pre-declared heterogeneity tests survive Holm adjustment; expiry-year heterogeneity not rejected,gate2/t6_heterogeneity_tests.csv; gate2/t6_strata_estimates.csv; gate3/t11b_wald.csv,"Descriptive, no mechanism claimed. In the synthetic study the Wald test false-rejected 3.7-7.0% with row-level placebo strata but 8.3-10.0% with date-level placebo strata (anti-conservative). Warning (T11): in the calibrated synthetic study the expiry-block (b = 5) 95% interval covered the true value of the ratio estimands only 88.7%-91.7% of the time (nominal 95%), and materially less under strong dependence (best 82%-87%); read ratio intervals as too narrow. Synthetic coverage is not transferable to the real data.",The spread varies across these strata in this sample.,the premium is higher when ... (a rule),S1;R1,True,True,
C09,Robustness to conventions and filters,SUPPORTED_WITH_CAVEATS,0,descriptive association in this sample,The sign of the spread and typical ratio is unchanged across the 30-31 tested conventions and filters; magnitude moves.,S1 calendar range 1.67-2.01 (baseline 1.80); R1 range 1.272-1.920 incl. an intraday-only subset; R3 interval contains 1 in 29 of 31 specifications,gate2/t7_t8_robustness_reading.csv; gate2/t7_t8_specification_curve.csv,"All variants reuse the same committed pipeline, so a common bias (strike coverage, last-trade pricing, missing bid/ask) is shared by every specification and not detectable here. Warning (T11): in the calibrated synthetic study the expiry-block (b = 5) 95% interval covered the true value of the ratio estimands only 88.7%-91.7% of the time (nominal 95%), and materially less under strong dependence (best 82%-87%); read ratio intervals as too narrow. Synthetic coverage is not transferable to the real data.",Not sensitive in sign to the tested conventions.,robust to everything / model-free,S1;R1;R3,True,True,
C10,Selection of observations,SUPPORTED_WITH_CAVEATS,0,descriptive association in this sample,"Observable selection into the sample is small and, within the power available, no dependence of rejection on unforeseen later volatility is detected.","188 of 6678 non-expiry-day groups missing (2.8%); Manski bounds for the median calendar spread [1.733, 1.881]; break-down share 33.6%; outcome coefficient +0.30 (permutation p = 0.30, 53 flagged); IPW shifts S1 calendar by -0.005",gate3/t9_*.csv,"Low power (53 flagged groups); cannot see selection on unobservables, the strike-listing process, or anything outside ≤ 14 DTE. Warning (T11): in the calibrated synthetic study the expiry-block (b = 5) 95% interval covered the true value of the ratio estimands only 88.7%-91.7% of the time (nominal 95%), and materially less under strong dependence (best 82%-87%); read ratio intervals as too narrow. Synthetic coverage is not transferable to the real data.",No selection on the outcome was detected within the tested power.,there is no selection bias,S1;R1,True,True,
C11,Population is the ≤ 14 DTE universe,SUPPORTED_WITH_CAVEATS,0,descriptive association in this sample,"Results are conditional on the ≤ 14 calendar-DTE universe, which is coverage-driven; nothing is extrapolated to longer maturities.",14-30 DTE groups: forward-OK 56.4% and strict-ATM 46.4% vs 99.0% for ≤ 14 DTE (composition diagnostic only; no outcomes compared),gate3/t9_dte_composition_diagnostic.csv,Diagnostic only.,Findings apply to weekly-style ≤ 14 DTE NIFTY options in this sample.,applies to all NIFTY options,,False,False,
C12,Systematic last-trade price bias (bound),NOT_ASSESSABLE,NA,not applicable (method / limitation statement),"A systematic same-direction bias in last-trade prices could create or remove the spread, and this cannot be tested without bid/ask data.","bias needed to explain the whole median spread: Rs 20.5 (IQR 14.3-25.3), 14.2% of the median bracketing price; the ratio would equal 1 if every IV were multiplied by 0.880, a relative reduction of 12.0% of the IV level (not 12 volatility points)",gate3/t10_tipping_bias.csv; gate3/t10_price_bias_scenarios.csv,"Scenarios are assumptions/bounds, not observed bid/ask data.",How large a bias would be needed; whether it exists is unknown.,bid/ask costs are small / the spread is net of costs,,False,False,
C13,Call-vs-put disagreement proxy,SUPPORTED_WITH_CAVEATS,0,descriptive association in this sample,No call-vs-put disagreement was detected in the observable proxy.,median call-minus-put IV -0.001 vol pt over 2495 strikes in 298 snapshots; robust sd 0.057,gate3/t10_call_put_disagreement.csv,Limitation retained: a common-mode systematic last-trade bias cannot be detected without bid/ask data.,No call-vs-put disagreement was detected in this observable proxy.,quote noise is negligible / last trades are unbiased,,False,False,
C14,Pipeline recovers a known truth (Tier A),SUPPORTED_METHOD,NA,not applicable (method / limitation statement),"The real Stage 2A-2C and audit code recover the generator's realised variance, IV, spread and ratio from synthetic data written in the on-disk format.",max relative error of V 9.8e-13; max IV error 0.0060 vol pt; max estimand difference 0.0011; generator-level ratio-of-sums check 1.0195 +/- 0.0075 vs c = 1 (a ratio of random sums is not exactly c),gate3/t11a_*.csv,"Deterministic-volatility worlds validate plumbing and definitions, not statistical behaviour. The pre-stated R3-within-3-SE criterion was mis-specified and replaced (recorded in REPORT_3B.md).",The pipeline's definitions and annualization are implemented as specified.,the pipeline is validated on real market data,,False,False,
C15,Coverage of the percentile expiry-block bootstrap (Tier B),SUPPORTED_METHOD,NA,not applicable (method / limitation statement),The current percentile-bootstrap uncertainty procedure does not achieve nominal 95% coverage uniformly.,"B0 calibrated, b = 5: spread-median estimands 93.7%-94.7%; ratio estimands 88.7%-91.7%; strong dependence (B1) best method 82%-87%; row-iid 24%-45%",gate3/t11b_coverage.csv; gate3/REPORT_3B.md,Synthetic only; the simulation is less clustered (ICC 0.49 vs 0.575) but more serially dependent (ACF 0.275 vs 0.128) than the data; not extrapolated.,Report ratio intervals with an explicit under-coverage warning.,the intervals have 95% coverage on the real data,,False,True,
C16,Mincer-Zarnowitz slope (descriptive),SUPPORTED_WITH_CAVEATS,0,descriptive association in this sample,Regressing realised volatility on IV gives a slope below 1 in this sample (descriptive; IV noise attenuates the slope).,"slope 0.80 (0.68-0.92), intercept 1.45",gate2/t6_mincer_zarnowitz.csv,No forecasting claim; errors-in-variables not corrected. Note (T11): in the calibrated synthetic study the expiry-block (b = 5) interval for spread-median estimands covered 93.7%-94.7% (nominal 95%); worse under strong dependence. Synthetic coverage is not transferable to the real data.,Descriptive slope of RV on IV in this sample.,IV is a biased / inefficient forecast,S1,True,True,
C17,Expiry-day stratum,SUPPORTED_WITH_CAVEATS,0,descriptive association in this sample,"Expiry-day IV exceeds the following sessions' realised volatility by far more than on other days, but this is a horizon-mismatched comparison.",F1 calendar spread 8.07 (6.77-9.22) vs 2.45 on other days,gate2/t6_expiry_day_stratum.csv,"IV belongs to an expiring contract, RV to later sessions; expiry-day wing IVs are resolution-limited; never pooled. Note (T11): in the calibrated synthetic study the expiry-block (b = 5) interval for spread-median estimands covered 93.7%-94.7% (nominal 95%); worse under strong dependence. Synthetic coverage is not transferable to the real data.","Descriptive, horizon-mismatched.",expiry-day options are overpriced,S1,True,True,
C18,Variance risk premium (not claimed),NOT_CLAIMED,NA,not applicable (method / limitation statement),Stage 2D does not claim a variance risk premium or any compensation for risk.,n/a,n/a,"Would require risk-neutral vs physical measure arguments, bid/ask, and prospective data.",The sample shows IV above realised volatility (C01).,risk premium / VRP / compensation,,False,False,
C19,Tradability and profitability (not assessable),NOT_ASSESSABLE,2,tradable edge: not assessable here,"Whether any of this is tradable is not assessable: there is no bid/ask, cost, margin, slippage or execution information, and no strategy was tested.",n/a,n/a,"No strategy, P&L, signal, sizing or Fyers integration exists in Stage 2D.",No claim about tradability is made.,edge / profitable / alpha / tradable / arbitrage,,False,False,
C20,Prospective validity,NOT_ASSESSABLE,NA,not applicable (method / limitation statement),Nothing has been tested on expiries after 2026-09-30; the frozen protocol is the only untouched test.,no prospective result exists,PROSPECTIVE_PROTOCOL.md,"No prospective result was computed, simulated or fabricated.",A protocol exists and is frozen; results will be judged by it.,validated going forward / out-of-sample confirmed,,False,False,
