world_seed,c,estimand,pipeline,truth_rows,difference,ci_lo,ci_hi,n_rows,n_expiries
1,1.0,S1_session_all_obs_median,2.335338285773621,2.3358281703071277,-0.0004898845335068458,1.8636568264108144,2.798532305804361,954,36
1,1.0,S2_session_median_of_expiry_medians,2.3615291564356573,2.360869651857179,0.0006595045784782982,1.6499151710458007,2.8732409684768516,954,36
1,1.0,S1_calendar_all_obs_median,1.1884955687523115,1.1878813997922038,0.0006141689601077971,0.912472753060506,1.4890162208996698,954,36
1,1.0,S2_calendar_median_of_expiry_medians,1.151884524471246,1.1529100851516914,-0.0010255606804454587,0.8513564397097655,1.5187804370485924,954,36
1,1.0,R1_geometric_mean_all_obs,1.1270643478427942,1.1270521718350883,1.2176007705866354e-05,1.0740070487264914,1.1748077646265558,954,36
1,1.0,R1e_geometric_mean_expiry_weighted,1.1260476410590647,1.1260352832542764,1.2357804788365456e-05,1.0735502049998493,1.1732237474080172,954,36
1,1.0,R2_median_ratio_all_obs,1.164276810722571,1.1642311243567085,4.568636586244068e-05,1.1389331287053266,1.1900900323031647,954,36
1,1.0,R2e_median_of_expiry_median_ratios,1.1593918083620989,1.1594867750692066,-9.496670710773536e-05,1.1302708879586472,1.1905820936850802,954,36
1,1.0,R3_ratio_of_summed_total_variance,1.1117307157035627,1.1117265222225734,4.193480989345133e-06,1.0393369821133283,1.1659438313729449,954,36
2,1.3,S1_session_all_obs_median,4.6351263931199735,4.634513483844403,0.0006129092755706722,3.657624246171692,5.209453490400332,954,36
2,1.3,S2_session_median_of_expiry_medians,4.5983487600695465,4.598957637083577,-0.0006088770140308952,3.1372677260330666,5.165835999954254,954,36
2,1.3,S1_calendar_all_obs_median,3.3961110551694205,3.3962258000570325,-0.00011474488761198387,2.4516382204357883,3.8668330134734186,954,36
2,1.3,S2_calendar_median_of_expiry_medians,3.3771055056394523,3.3766431905511816,0.0004623150882707705,2.32324775565852,3.9089266605125186,954,36
2,1.3,R1_geometric_mean_all_obs,1.4027335958205707,1.402727080455971,6.515364599612994e-06,1.2610332706684821,1.5058916949581598,954,36
2,1.3,R1e_geometric_mean_expiry_weighted,1.4054022161216786,1.4053957193340323,6.496787646304014e-06,1.2655887921745943,1.5071914537050173,954,36
2,1.3,R2_median_ratio_all_obs,1.5005708465869807,1.501164496884565,-0.0005936502975842917,1.4550195359006106,1.5430439808084677,954,36
2,1.3,R2e_median_of_expiry_median_ratios,1.4920922618462438,1.4920123006508397,7.996119540409907e-05,1.4598528968724998,1.5460468556171671,954,36
2,1.3,R3_ratio_of_summed_total_variance,1.317167841291703,1.3171649370506002,2.9042411027191406e-06,1.0755889502261835,1.5041596254052887,954,36
3,0.8,S1_session_all_obs_median,0.5876723046433048,0.588100372043046,-0.00042806739974121655,0.29393253299437805,0.791155582539079,954,36
3,0.8,S2_session_median_of_expiry_medians,0.5671533139994818,0.5666719780484639,0.0004813359510178472,0.082269037337662,0.7049921154968093,954,36
3,0.8,S1_calendar_all_obs_median,-0.6349051726658956,-0.6338206478829829,-0.0010845247829127658,-0.9289185295245135,-0.3189054886888927,954,36
3,0.8,S2_calendar_median_of_expiry_medians,-0.6347250860322413,-0.6353904042868734,0.000665318254632119,-0.984525921392553,-0.3097840128799393,954,36
3,0.8,R1_geometric_mean_all_obs,0.9065471667844217,0.9065359982027783,1.116858164340595e-05,0.8722400360201895,0.9369702158321316,954,36
3,0.8,R1e_geometric_mean_expiry_weighted,0.9066416021687573,0.9066304640788158,1.1138089941575835e-05,0.8722831640386441,0.937070414586217,954,36
3,0.8,R2_median_ratio_all_obs,0.9217458021194928,0.9216004441462611,0.00014535797323167454,0.8774491726786184,0.9492238885700449,954,36
3,0.8,R2e_median_of_expiry_median_ratios,0.9181760466871649,0.9182046981417518,-2.8651454586858804e-05,0.8753045652660848,0.9501486996984887,954,36
3,0.8,R3_ratio_of_summed_total_variance,0.8974816942337459,0.8974792411694886,2.453064257279536e-06,0.8646583924169772,0.9293790032198436,954,36
