scenario,truth_kind,block,estimand,true_difference,coverage_of_true_difference,coverage_wilson_lo,coverage_wilson_hi,coverage_in_93_97,rejection_rate_p_lt_005,rejection_wilson_lo,rejection_wilson_hi,ci_excludes_zero_rate,mean_width,mean_estimated_difference,n_histories
B0_calibrated,true_null,2,S1_session_all_obs_median,0.0,0.9233333333333333,0.8875898958224255,0.9483723883740576,False,0.06666666666666667,0.04356751539974709,0.10072305983219935,0.07666666666666666,1.088615056388501,0.0022621733798604713,300
B0_calibrated,true_null,2,S2_session_median_of_expiry_medians,0.0,0.9466666666666667,0.9151308579259881,0.9669080876041594,True,0.05,0.030531640512013805,0.0808470337673152,0.05333333333333334,1.2816683531035467,0.002245430121182692,300
B0_calibrated,true_null,2,S1_calendar_all_obs_median,0.0,0.9433333333333334,0.9111340416738993,0.9643225236657248,True,0.05333333333333334,0.03309191239584069,0.08486914207401179,0.056666666666666664,1.0886535202053467,-0.00210643830687825,300
B0_calibrated,true_null,2,S2_calendar_median_of_expiry_medians,0.0,0.9566666666666667,0.927282534081179,0.974503552020539,True,0.03666666666666667,0.020595305071122217,0.06445384844611282,0.043333333333333335,1.2650910731200617,-0.00040134645218660686,300
B0_calibrated,true_null,2,R1_geometric_mean_all_obs,0.0,0.9133333333333333,0.8760440409680051,0.9401711026569075,False,0.07333333333333333,0.04892399368353299,0.10853134192946043,0.08666666666666667,0.26471541003082516,0.005351875439464946,300
B0_calibrated,true_null,2,R1e_geometric_mean_expiry_weighted,0.0,0.9133333333333333,0.8760440409680051,0.9401711026569075,False,0.07,0.04623694467656326,0.10463601074590669,0.08666666666666667,0.2642819859307833,0.005272307653584695,300
B0_calibrated,true_null,2,R2_median_ratio_all_obs,0.0,0.8966666666666666,0.8570598272138836,0.9262434154584115,False,0.1,0.07094791440230001,0.13916646273488134,0.10333333333333333,0.24835441040077844,0.0029207579034513645,300
B0_calibrated,true_null,2,R2e_median_of_expiry_median_ratios,0.0,0.91,0.8722229888603474,0.9374097745740417,False,0.08666666666666667,0.059828897343092456,0.12395595903199491,0.09,0.2916650670406562,0.0014979346581492263,300
B0_calibrated,true_null,2,R3_ratio_of_summed_total_variance,0.0,0.8666666666666667,0.8235282375596923,0.9005335833978915,False,0.12666666666666668,0.09369224824041374,0.1690811704209555,0.13333333333333333,0.3864682643768547,0.02147070219102728,300
B0_calibrated,true_null,5,S1_session_all_obs_median,0.0,0.9266666666666666,0.8914686580705394,0.951076006316467,False,0.05333333333333334,0.03309191239584069,0.08486914207401179,0.07333333333333333,1.1446731791785183,0.0022621733798604713,300
B0_calibrated,true_null,5,S2_session_median_of_expiry_medians,0.0,0.9466666666666667,0.9151308579259881,0.9669080876041594,True,0.043333333333333335,0.02549644797946102,0.07271746591882099,0.05333333333333334,1.3195771018012592,0.002245430121182692,300
B0_calibrated,true_null,5,S1_calendar_all_obs_median,0.0,0.9566666666666667,0.927282534081179,0.974503552020539,True,0.03666666666666667,0.020595305071122217,0.06445384844611282,0.043333333333333335,1.1492177904284921,-0.00210643830687825,300
B0_calibrated,true_null,5,S2_calendar_median_of_expiry_medians,0.0,0.94,0.9071605545391725,0.9617136306099279,True,0.05333333333333334,0.03309191239584069,0.08486914207401179,0.06,1.311025887070443,-0.00040134645218660686,300
B0_calibrated,true_null,5,R1_geometric_mean_all_obs,0.0,0.9266666666666666,0.8914686580705394,0.951076006316467,False,0.06666666666666667,0.04356751539974709,0.10072305983219935,0.07333333333333333,0.28536649037766854,0.005351875439464946,300
B0_calibrated,true_null,5,R1e_geometric_mean_expiry_weighted,0.0,0.93,0.8953639892540933,0.9537630553234367,True,0.06333333333333334,0.04091688224383251,0.09679131279759046,0.07,0.28486224942131083,0.005272307653584695,300
B0_calibrated,true_null,5,R2_median_ratio_all_obs,0.0,0.9333333333333333,0.8992769401678007,0.9564324846002529,True,0.06,0.03828636939007202,0.09283944546082745,0.06666666666666667,0.27080264820109695,0.0029207579034513645,300
B0_calibrated,true_null,5,R2e_median_of_expiry_median_ratios,0.0,0.9266666666666666,0.8914686580705394,0.951076006316467,False,0.06,0.03828636939007202,0.09283944546082745,0.07333333333333333,0.3104332858128231,0.0014979346581492263,300
B0_calibrated,true_null,5,R3_ratio_of_summed_total_variance,0.0,0.89,0.8495437673973042,0.9205947148939441,False,0.1,0.07094791440230001,0.13916646273488134,0.11,0.4062739316657896,0.02147070219102728,300
B0_calibrated,true_null,8,S1_session_all_obs_median,0.0,0.9333333333333333,0.8992769401678007,0.9564324846002529,True,0.06,0.03828636939007202,0.09283944546082745,0.06666666666666667,1.1348045224036867,0.0022621733798604713,300
B0_calibrated,true_null,8,S2_session_median_of_expiry_medians,0.0,0.9466666666666667,0.9151308579259881,0.9669080876041594,True,0.04666666666666667,0.02799893357109902,0.07679736051770648,0.05333333333333334,1.2998277431350387,0.002245430121182692,300
B0_calibrated,true_null,8,S1_calendar_all_obs_median,0.0,0.94,0.9071605545391725,0.9617136306099279,True,0.05333333333333334,0.03309191239584069,0.08486914207401179,0.06,1.1385504074125117,-0.00210643830687825,300
B0_calibrated,true_null,8,S2_calendar_median_of_expiry_medians,0.0,0.9366666666666666,0.9032086872024095,0.9590831177561675,True,0.05333333333333334,0.03309191239584069,0.08486914207401179,0.06333333333333334,1.2969276756516461,-0.00040134645218660686,300
B0_calibrated,true_null,8,R1_geometric_mean_all_obs,0.0,0.92,0.8837267592355772,0.9456531447703825,False,0.07666666666666666,0.05162761162594241,0.11241010417757448,0.08,0.2864404993609904,0.005351875439464946,300
B0_calibrated,true_null,8,R1e_geometric_mean_expiry_weighted,0.0,0.9233333333333333,0.8875898958224255,0.9483723883740576,False,0.07666666666666666,0.05162761162594241,0.11241010417757448,0.07666666666666666,0.2860850677548394,0.005272307653584695,300
B0_calibrated,true_null,8,R2_median_ratio_all_obs,0.0,0.9366666666666666,0.9032086872024095,0.9590831177561675,True,0.056666666666666664,0.035677476334275204,0.08886595832610075,0.06333333333333334,0.27354227595401864,0.0029207579034513645,300
B0_calibrated,true_null,8,R2e_median_of_expiry_median_ratios,0.0,0.93,0.8953639892540933,0.9537630553234367,True,0.06,0.03828636939007202,0.09283944546082745,0.07,0.3132595139869835,0.0014979346581492263,300
B0_calibrated,true_null,8,R3_ratio_of_summed_total_variance,0.0,0.87,0.827219570332503,0.9034246308156042,False,0.12,0.08795084408657444,0.16165781419374778,0.13,0.40279028915594284,0.02147070219102728,300
B0_calibrated,true_shift,2,S1_session_all_obs_median,0.96442378566889,0.9266666666666666,0.8914686580705394,0.951076006316467,False,0.8966666666666666,0.8570598272138836,0.9262434154584115,0.9066666666666666,1.1390548258020265,0.977460323284092,300
B0_calibrated,true_shift,2,S2_session_median_of_expiry_medians,0.9600131432053631,0.9433333333333334,0.9111340416738993,0.9643225236657248,True,0.7966666666666666,0.7475056883005968,0.8383261486559936,0.8133333333333334,1.3333859052345705,0.9741029798854406,300
B0_calibrated,true_shift,2,S1_calendar_all_obs_median,0.9627701230637697,0.95,0.9191529662326847,0.9694683594879862,True,0.9166666666666666,0.8798783977015427,0.9429191261138933,0.9266666666666666,1.1145020214789392,0.9718503039600856,300
B0_calibrated,true_shift,2,S2_calendar_median_of_expiry_medians,0.9568112428817273,0.9433333333333334,0.9111340416738993,0.9643225236657248,True,0.82,0.7725668007090917,0.8593416975811631,0.8333333333333334,1.2891025759058352,0.9666843377498495,300
B0_calibrated,true_shift,2,R1_geometric_mean_all_obs,0.1947971976872871,0.9166666666666666,0.8798783977015427,0.9429191261138933,False,0.7233333333333334,0.6701300555965445,0.7708894171685294,0.7266666666666667,0.2909008863984495,0.20003495219235604,300
B0_calibrated,true_shift,2,R1e_geometric_mean_expiry_weighted,0.19480072812710203,0.9166666666666666,0.8798783977015427,0.9429191261138933,False,0.72,0.6666561143508489,0.7677809782237013,0.72,0.2905072697381988,0.1999908001474183,300
B0_calibrated,true_shift,2,R2_median_ratio_all_obs,0.20201066348749408,0.9,0.8608335372651187,0.9290520855977,False,0.7866666666666666,0.7368372917176351,0.8292474046673848,0.7933333333333333,0.2725252279409055,0.2049361617187156,300
B0_calibrated,true_shift,2,R2e_median_of_expiry_median_ratios,0.20285118257823687,0.9066666666666666,0.8684146026387536,0.9346357806051119,False,0.67,0.6149358529528834,0.7207655367638146,0.6866666666666666,0.32026658832655747,0.20431543772385716,300
B0_calibrated,true_shift,2,R3_ratio_of_summed_total_variance,0.18230653638096705,0.86,0.8161683872681291,0.8947286733084077,False,0.49,0.433917048444718,0.5463358109837115,0.5066666666666667,0.42245167175825094,0.20548814129887297,300
B0_calibrated,true_shift,5,S1_session_all_obs_median,0.96442378566889,0.95,0.9191529662326847,0.9694683594879862,True,0.8866666666666667,0.8458006037667912,0.9177554983339336,0.8933333333333333,1.21255499416622,0.977460323284092,300
B0_calibrated,true_shift,5,S2_session_median_of_expiry_medians,0.9600131432053631,0.9633333333333334,0.9355461515538872,0.9794046949288778,True,0.78,0.7297473816630526,0.8231725543409204,0.7933333333333333,1.380394139623122,0.9741029798854406,300
B0_calibrated,true_shift,5,S1_calendar_all_obs_median,0.9627701230637697,0.9566666666666667,0.927282534081179,0.974503552020539,True,0.8866666666666667,0.8458006037667912,0.9177554983339336,0.9033333333333333,1.1757570934875266,0.9718503039600856,300
B0_calibrated,true_shift,5,S2_calendar_median_of_expiry_medians,0.9568112428817273,0.9533333333333334,0.9232026394822935,0.9720010664289009,True,0.7933333333333333,0.7439449828281532,0.8353044739379137,0.81,1.3344238305622527,0.9666843377498495,300
B0_calibrated,true_shift,5,R1_geometric_mean_all_obs,0.1947971976872871,0.9266666666666666,0.8914686580705394,0.951076006316467,False,0.6666666666666666,0.6115124564374688,0.7176065530887056,0.6833333333333333,0.3132290904408425,0.20003495219235604,300
B0_calibrated,true_shift,5,R1e_geometric_mean_expiry_weighted,0.19480072812710203,0.9266666666666666,0.8914686580705394,0.951076006316467,False,0.6666666666666666,0.6115124564374688,0.7176065530887056,0.6933333333333334,0.3126555118994819,0.1999908001474183,300
B0_calibrated,true_shift,5,R2_median_ratio_all_obs,0.20201066348749408,0.9266666666666666,0.8914686580705394,0.951076006316467,False,0.7433333333333333,0.6910470907971772,0.7894666631110374,0.7633333333333333,0.2974389165620568,0.2049361617187156,300
B0_calibrated,true_shift,5,R2e_median_of_expiry_median_ratios,0.20285118257823687,0.9233333333333333,0.8875898958224255,0.9483723883740576,False,0.6433333333333333,0.587629765203107,0.695412582989403,0.6533333333333333,0.34016481429567885,0.20431543772385716,300
B0_calibrated,true_shift,5,R3_ratio_of_summed_total_variance,0.18230653638096705,0.8833333333333333,0.8420668563116871,0.9149068655985141,False,0.49666666666666665,0.4404895591630088,0.5529280606464676,0.5066666666666667,0.44357057038547815,0.20548814129887297,300
B0_calibrated,true_shift,8,S1_session_all_obs_median,0.96442378566889,0.93,0.8953639892540933,0.9537630553234367,True,0.8866666666666667,0.8458006037667912,0.9177554983339336,0.89,1.2097035656971074,0.977460323284092,300
B0_calibrated,true_shift,8,S2_session_median_of_expiry_medians,0.9600131432053631,0.9533333333333334,0.9232026394822935,0.9720010664289009,True,0.8033333333333333,0.7546412312433718,0.8443553660942658,0.8133333333333334,1.3653505327298734,0.9741029798854406,300
B0_calibrated,true_shift,8,S1_calendar_all_obs_median,0.9627701230637697,0.9566666666666667,0.927282534081179,0.974503552020539,True,0.8866666666666667,0.8458006037667912,0.9177554983339336,0.9033333333333333,1.1693954276136451,0.9718503039600856,300
B0_calibrated,true_shift,8,S2_calendar_median_of_expiry_medians,0.9568112428817273,0.95,0.9191529662326847,0.9694683594879862,True,0.8033333333333333,0.7546412312433718,0.8443553660942658,0.8133333333333334,1.317677725421446,0.9666843377498495,300
B0_calibrated,true_shift,8,R1_geometric_mean_all_obs,0.1947971976872871,0.9166666666666666,0.8798783977015427,0.9429191261138933,False,0.6866666666666666,0.6320976878584893,0.7365156028108261,0.7233333333333334,0.3136721175946441,0.20003495219235604,300
B0_calibrated,true_shift,8,R1e_geometric_mean_expiry_weighted,0.19480072812710203,0.9233333333333333,0.8875898958224255,0.9483723883740576,False,0.6866666666666666,0.6320976878584893,0.7365156028108261,0.72,0.3131114768055843,0.1999908001474183,300
B0_calibrated,true_shift,8,R2_median_ratio_all_obs,0.20201066348749408,0.9333333333333333,0.8992769401678007,0.9564324846002529,True,0.7433333333333333,0.6910470907971772,0.7894666631110374,0.7566666666666667,0.29991183098037055,0.2049361617187156,300
B0_calibrated,true_shift,8,R2e_median_of_expiry_median_ratios,0.20285118257823687,0.93,0.8953639892540933,0.9537630553234367,True,0.6233333333333333,0.5672684317190376,0.6762796353303314,0.6333333333333333,0.34313091799884743,0.20431543772385716,300
B0_calibrated,true_shift,8,R3_ratio_of_summed_total_variance,0.18230653638096705,0.8666666666666667,0.8235282375596923,0.9005335833978915,False,0.49333333333333335,0.43720206991677985,0.5496331697021731,0.5,0.43922451729960366,0.20548814129887297,300
B1_strong_dependence,true_null,2,S1_session_all_obs_median,0.0,0.6466666666666666,0.5910330286618123,0.698591699721221,False,0.34,0.28872020371227475,0.3953255471425979,0.35333333333333333,1.3843012624300346,0.08049848026710264,300
B1_strong_dependence,true_null,2,S2_session_median_of_expiry_medians,0.0,0.72,0.6666561143508489,0.7677809782237013,False,0.26666666666666666,0.21980599209666055,0.3194273945666952,0.28,1.5559611210326645,0.09813627068771212,300
B1_strong_dependence,true_null,2,S1_calendar_all_obs_median,0.0,0.72,0.6666561143508489,0.7677809782237013,False,0.2733333333333333,0.22600557248814485,0.32639257455625786,0.28,1.3366554498061274,0.05391202585895927,300
B1_strong_dependence,true_null,2,S2_calendar_median_of_expiry_medians,0.0,0.7766666666666666,0.7262089135802366,0.8201286422332128,False,0.21333333333333335,0.1707525953326151,0.2631627082823648,0.22333333333333333,1.4957711481530251,0.05636618372318264,300
B1_strong_dependence,true_null,2,R1_geometric_mean_all_obs,0.0,0.82,0.7725668007090917,0.8593416975811631,False,0.15666666666666668,0.11990681653273057,0.20210802384335005,0.18,0.26266668127930026,0.0050564695613006475,300
B1_strong_dependence,true_null,2,R1e_geometric_mean_expiry_weighted,0.0,0.8333333333333334,0.787003349990386,0.871234669061963,False,0.16,0.1228535453248034,0.20574367524180068,0.16666666666666666,0.26227778476420055,0.005208189866362089,300
B1_strong_dependence,true_null,2,R2_median_ratio_all_obs,0.0,0.7633333333333333,0.7120967386448336,0.8079112964065219,False,0.23,0.18597181775480495,0.2808553868127925,0.23666666666666666,0.25700755425707755,0.003480123350336949,300
B1_strong_dependence,true_null,2,R2e_median_of_expiry_median_ratios,0.0,0.8066666666666666,0.7582162440942373,0.8473627334339237,False,0.17666666666666667,0.13767670902465273,0.22383241249456878,0.19333333333333333,0.29145788625101965,0.0024720499319123767,300
B1_strong_dependence,true_null,2,R3_ratio_of_summed_total_variance,0.0,0.8433333333333334,0.79789197615665,0.8800931834672694,False,0.14,0.10527132669159228,0.1838316127318709,0.15666666666666668,0.36447523236614193,0.007373858828926852,300
B1_strong_dependence,true_null,5,S1_session_all_obs_median,0.0,0.76,0.7085788114876385,0.8048468433731937,False,0.23,0.18597181775480495,0.2808553868127925,0.24,1.767955434193811,0.08049848026710264,300
B1_strong_dependence,true_null,5,S2_session_median_of_expiry_medians,0.0,0.7966666666666666,0.7475056883005968,0.8383261486559936,False,0.19666666666666666,0.1556446339057342,0.24535876875662826,0.20333333333333334,1.8929959955033595,0.09813627068771212,300
B1_strong_dependence,true_null,5,S1_calendar_all_obs_median,0.0,0.8166666666666667,0.7689713819172029,0.8563547361825284,False,0.17666666666666667,0.13767670902465273,0.22383241249456878,0.18333333333333332,1.6851340298846678,0.05391202585895927,300
B1_strong_dependence,true_null,5,S2_calendar_median_of_expiry_medians,0.0,0.84,0.7942563247581992,0.8771464546751966,False,0.13666666666666666,0.10236514585649151,0.18015541337644816,0.16,1.805663948764355,0.05636618372318264,300
B1_strong_dependence,true_null,5,R1_geometric_mean_all_obs,0.0,0.87,0.827219570332503,0.9034246308156042,False,0.11333333333333333,0.08224450166606652,0.15419939623320875,0.13,0.31952909380015027,0.0050564695613006475,300
B1_strong_dependence,true_null,5,R1e_geometric_mean_expiry_weighted,0.0,0.87,0.827219570332503,0.9034246308156042,False,0.11666666666666667,0.08509313440148589,0.1579331436883129,0.13,0.31897928118110597,0.005208189866362089,300
B1_strong_dependence,true_null,5,R2_median_ratio_all_obs,0.0,0.8566666666666667,0.8124994224672467,0.8918152579187667,False,0.13,0.09657536918439574,0.17278042966749696,0.14333333333333334,0.31916181206460387,0.003480123350336949,300
B1_strong_dependence,true_null,5,R2e_median_of_expiry_median_ratios,0.0,0.9,0.8608335372651187,0.9290520855977,False,0.09666666666666666,0.06815029462988952,0.13538170231676833,0.1,0.3478942872727139,0.0024720499319123767,300
B1_strong_dependence,true_null,5,R3_ratio_of_summed_total_variance,0.0,0.8833333333333333,0.8420668563116871,0.9149068655985141,False,0.11333333333333333,0.08224450166606652,0.15419939623320875,0.11666666666666667,0.41911314806574945,0.007373858828926852,300
B1_strong_dependence,true_null,8,S1_session_all_obs_median,0.0,0.8,0.7510710758191262,0.8413431413279878,False,0.19333333333333333,0.15263726656607626,0.2417837559057627,0.2,1.9265029368445334,0.08049848026710264,300
B1_strong_dependence,true_null,8,S2_session_median_of_expiry_medians,0.0,0.82,0.7725668007090917,0.8593416975811631,False,0.17,0.13173009817117207,0.21661426296700254,0.18,2.0333550718091398,0.09813627068771212,300
B1_strong_dependence,true_null,8,S1_calendar_all_obs_median,0.0,0.8433333333333334,0.79789197615665,0.8800931834672694,False,0.14,0.10527132669159228,0.1838316127318709,0.15666666666666668,1.8156207921917447,0.05391202585895927,300
B1_strong_dependence,true_null,8,S2_calendar_median_of_expiry_medians,0.0,0.8733333333333333,0.8309188295790444,0.9063077517595862,False,0.12,0.08795084408657444,0.16165781419374778,0.12666666666666668,1.9268470633464312,0.05636618372318264,300
B1_strong_dependence,true_null,8,R1_geometric_mean_all_obs,0.0,0.88,0.8383421858062522,0.9120491559134255,False,0.11,0.07940528510605593,0.15045623260269586,0.12,0.3381438003443874,0.0050564695613006475,300
B1_strong_dependence,true_null,8,R1e_geometric_mean_expiry_weighted,0.0,0.8833333333333333,0.8420668563116871,0.9149068655985141,False,0.10333333333333333,0.07375658454158848,0.14294017278611634,0.11666666666666667,0.33757005006641,0.005208189866362089,300
B1_strong_dependence,true_null,8,R2_median_ratio_all_obs,0.0,0.8833333333333333,0.8420668563116871,0.9149068655985141,False,0.11333333333333333,0.08224450166606652,0.15419939623320875,0.11666666666666667,0.3406393482308627,0.003480123350336949,300
B1_strong_dependence,true_null,8,R2e_median_of_expiry_median_ratios,0.0,0.9133333333333333,0.8760440409680051,0.9401711026569075,False,0.08333333333333333,0.057080873886106734,0.12012160229845716,0.08666666666666667,0.36753964359712266,0.0024720499319123767,300
B1_strong_dependence,true_null,8,R3_ratio_of_summed_total_variance,0.0,0.8966666666666666,0.8570598272138836,0.9262434154584115,False,0.09333333333333334,0.06536421939488805,0.1315853973612463,0.10333333333333333,0.4313708709321407,0.007373858828926852,300
