moment,observed,simulated_mean,simulated_sd,simulated_p05,simulated_p95,observed_inside_simulated_5_95,relative_difference
n_rows,6490.0,7674.27,25.26260261550838,7632.0,7704.15,False,0.1824761171032358
n_expiries,260.0,260.0,0.0,260.0,260.0,True,0.0
rows_per_expiry,24.96153846153846,29.516423076923083,0.09716385621349413,29.353846153846153,29.631346153846156,False,0.18247611710323605
median_iv,13.53944403515263,13.675640293710758,0.5794791986694489,12.783385734335532,14.568637962404683,True,0.01005922091073457
iv_p05,8.941037417237002,9.326553131768387,0.21863398534031592,8.962467253845913,9.703539098954836,False,0.04311755969035176
iv_p95,24.44508259993898,26.092249197549027,2.7575067326172014,22.563112782821634,31.49462646147204,True,0.06738232897663259
median_rv_calendar,11.66682941066874,12.000646212719948,0.6120067966611362,10.952839914563594,12.937343990706626,True,0.02861246961800515
rv_p05,7.425898782876167,7.7804170446976055,0.20444814908440687,7.461792112535198,8.067860694281695,False,0.047740788312243654
rv_p95,23.657767249919907,24.58869098422753,2.8570980863063156,21.288362373257645,30.530327509748446,True,0.03934960237258967
median_spread_calendar,1.8049028316989457,1.8431656359784503,0.1386395324292861,1.6004160007272683,2.0697632818001312,True,0.02119937074035614
spread_p05,-4.889705649137885,-4.39991065396545,0.7243977170979091,-5.5677364931434665,-3.202478431281576,True,0.10016860529402047
spread_p25,0.019128795898250648,0.018544012055097318,0.19912255232931503,-0.3534271546974238,0.3378857175165633,True,-0.03057086532073927
spread_p75,3.5050738951000415,3.5797433988545584,0.16316612439734354,3.277805542024853,3.8349653131947465,True,0.021303260926653203
spread_p95,6.878738036150843,6.9623201707239994,0.4521903025543215,6.28103466431224,7.722975950478032,True,0.012150794830955243
median_spread_session,2.6510147677979665,2.976820436829351,0.14087796835590458,2.7391692889585144,3.210745199885336,False,0.12289847381801308
median_ratio,1.3705072568625734,1.3426287021079708,0.034946091292707815,1.282335543723964,1.3935949145238558,True,-0.02034177828319084
geometric_mean_ratio,1.291087224116606,1.292060351717611,0.03214490525336393,1.2407133325447088,1.3417903284339223,True,0.0007537272330076878
ratio_p05,0.5587702920185037,0.5743736043575884,0.03748012036544421,0.5235112488733188,0.6352059767148133,True,0.027924377086547107
ratio_p25,1.0034945723838726,1.004034379646197,0.030325698876507306,0.9499108126486899,1.0578318235619895,True,0.0005379274359621469
ratio_p75,1.7656175635086555,1.7466314926243536,0.04529381241955722,1.6776837605692274,1.8123750604902975,True,-0.010753218180823141
ratio_p95,2.5150859100138248,2.550977363777817,0.07948682258122791,2.4405973776850844,2.6734817892009928,True,0.014270468305313184
frac_ratio_gt_1,0.7523882896764252,0.7522614024980705,0.020535710403880192,0.7138731438891716,0.7872998084992193,True,-0.00016864587088311726
ln_ratio_sd,0.493702533519847,0.4701776436008942,0.02496303822717348,0.4269087767710849,0.5165830349727355,True,-0.04764992748008065
ln_ratio_skew,-1.2769133576478446,-0.7404033136652467,0.25561011462803074,-1.2051618296114628,-0.41299991555324017,False,0.42016166623151585
icc_by_expiry,0.5754677812245698,0.49013073674592234,0.05268625828984374,0.41601284969402186,0.5668593457982483,False,-0.148291611212454
acf_lag1_expiry_median_spread,0.12833353512443924,0.2753398359360301,0.07395202432990594,0.15624499773691852,0.3910061344293906,False,1.1455018415026557
ljung_box_p10,0.14978180384597115,0.028711118591296558,0.09214485940281021,8.855833560695355e-09,0.11888475561228183,False,-0.8083137079800309
