contrast,variable,n_flagged,n_other,mean_flagged,mean_other,std_difference,ci_lo,ci_hi,block,reps
missing (L1+L2) vs observed,T_days,53,5923,10.996947064989516,6.867654224585889,1.2780603866138684,0.9855079993264958,1.5361182091357228,5,1000
missing (L1+L2) vs observed,ln_rv20,53,5923,2.658042676292294,2.5006877895175834,0.4989702232437811,-0.0743212893646398,1.2410266760796251,5,1000
missing (L1+L2) vs observed,prev_range,53,5923,0.013722152071213389,0.009812793457832859,0.7550025789109446,0.3526332368941492,1.2346702056797592,5,1000
missing (L1+L2) vs observed,gap_abs,53,5923,0.005728115842801613,0.0036912137583055495,0.3977260495598621,-0.052722675079428,0.8523902331323562,5,1000
missing (L1+L2) vs observed,year,53,5923,2022.4528301886792,2023.9540773256795,-1.0670472316597681,-1.8029828940953454,-0.5447779082542933,5,1000
missing (L1+L2) vs observed,wd,53,5923,2.2264150943396226,1.9387134897855816,0.1811486588765548,-0.11649603990988912,0.4361181533420127,5,1000
missing (L1+L2) vs observed,ln_y1,53,5923,2.717033323675374,2.449770396658516,0.7998959756013454,0.33038561927774013,1.3110905963467965,5,1000
L1 rejected vs observed,T_days,31,5923,10.735192652329749,6.867654224585889,1.2498110992935179,0.9400561612183045,1.5361521841527754,5,1000
L1 rejected vs observed,ln_rv20,31,5923,2.7952097079066096,2.5006877895175834,1.1022551920447372,0.6182749321744985,1.651839036166133,5,1000
L1 rejected vs observed,prev_range,31,5923,0.014631520024700155,0.009812793457832859,0.9191631314432145,0.5363745937224783,1.3965919328675385,5,1000
L1 rejected vs observed,gap_abs,31,5923,0.0065848730670553714,0.0036912137583055495,0.5942518473839766,0.14510854224403524,0.9668049408440669,5,1000
L1 rejected vs observed,year,31,5923,2022.5483870967741,2023.9540773256795,-1.0854000136495292,-1.7485757038025154,-0.42784407271397107,5,1000
L1 rejected vs observed,wd,31,5923,2.161290322580645,1.9387134897855816,0.1402542175235633,-0.1660950537849172,0.4437465761124474,5,1000
L1 rejected vs observed,ln_y1,31,5923,2.809667981261825,2.449770396658516,1.1232731681686419,0.6668765432679159,1.5896034508181904,5,1000
L2 target-unavailable vs observed,T_days,22,5923,11.365782828282828,6.867654224585889,1.3144316600872243,-0.015537482561388222,2.157745400908687,5,1000
L2 target-unavailable vs observed,ln_rv20,22,5923,2.4647618590175733,2.5006877895175834,-0.10908577238487316,-1.443821470033669,2.5940740871151604,5,1000
L2 target-unavailable vs observed,prev_range,22,5923,0.012440769954936575,0.009812793457832859,0.5258971763081556,-0.349896468425617,2.330072584404687,5,1000
L2 target-unavailable vs observed,gap_abs,22,5923,0.004520867026807678,0.0036912137583055495,0.15321000319142938,-0.6022499352343247,5.5666562459870725,5,1000
L2 target-unavailable vs observed,year,22,5923,2022.3181818181818,2023.9540773256795,-1.0464412366945153,-3.0499301485738233,0.07554833564567134,5,1000
L2 target-unavailable vs observed,wd,22,5923,2.3181818181818183,1.9387134897855816,0.23575670932368786,-1.8727495824269011,0.7762137752918622,5,1000
L2 target-unavailable vs observed,ln_y1,22,5923,2.5865026698035556,2.449770396658516,0.4097752955792923,-0.536456163399164,2.684608976982329,5,1000
"L2 target-unavailable vs observed (IV level, F5 calendar spread; descriptive)",iv_pct,22,6454,15.122182718494974,14.552337396796117,0.08817649268252346,-1.3631344300766894,1.0239641225977765,5,1000
"L2 target-unavailable vs observed (IV level, F5 calendar spread; descriptive)",f5_spread_calendar,22,6454,1.1533310095454132,2.1575000720021698,-0.2319853870545509,-1.0937194243320087,0.4274820616242452,5,1000
