dimension,level,attempted_groups,observed,expiry_day_by_construction,L1_rejected,L2_no_exp_target,share_L1_rejected_of_non_expiry_day,share_missing_of_u_exp
all,all,7458,6490,780,73,115,0.01093141659179395,0.02815214135968853
year,2021,423,329,42,6,46,0.015748031496062992,0.13648293963254593
year,2022,1491,1283,156,40,12,0.0299625468164794,0.03895131086142322
year,2023,1437,1254,150,6,27,0.004662004662004662,0.02564102564102564
year,2024,1488,1317,156,15,0,0.01126126126126126,0.01126126126126126
year,2025,1509,1340,159,4,6,0.002962962962962963,0.007407407407407408
year,2026,1110,967,117,2,24,0.002014098690835851,0.026183282980866064
time,10:00,2486,2164,260,21,41,0.009433962264150943,0.027852650494159928
time,13:00,2486,2169,260,20,37,0.008984725965858042,0.025606469002695417
time,15:00,2486,2157,260,32,37,0.014375561545372867,0.03099730458221024
dte_bucket,1-3d,1308,1301,0,0,7,0.0,0.005351681957186544
dte_bucket,3-7d,1653,1615,0,13,25,0.007864488808227465,0.022988505747126436
dte_bucket,7-14d,3717,3574,0,60,83,0.016142050040355124,0.03847188592951305
dte_bucket,<=1d,780,0,780,0,0,0.0,0.0
reason,L1_rejected: forward_low_confidence,40,0,0,40,0,,
reason,L1_rejected: forward_unavailable,3,0,0,3,0,,
reason,L1_rejected: no_option_bars_at_snapshot,1,0,0,1,0,,
reason,L1_rejected: no_spot_bar_at_snapshot,29,0,0,29,0,,
reason,L2_no_exp_target: beyond_data_end,18,0,0,0,18,,
reason,L2_no_exp_target: incomplete_or_missing_session_in_window,81,0,0,0,81,,
reason,L2_no_exp_target: snapshot_session_bars_missing_after_snapshot,4,0,0,0,4,,
reason,L2_no_exp_target: snapshot_session_not_regular,12,0,0,0,12,,
