block,analysis,estimand,estimate,ci_lo,ci_hi,p_two_sided_bootstrap
2,dev_vs_holdout,S1_session_all_obs_median,-0.8002787169938621,-1.4498287697820704,-0.19111079044441295,0.011197760447910418
2,dev_vs_holdout,S2_session_median_of_expiry_medians,-0.4331713238224375,-1.1941211616290004,0.09265742749525696,0.11797640471905618
2,dev_vs_holdout,S1_calendar_all_obs_median,-0.20300186893424832,-0.7577418627221414,0.3594004442608311,0.4415116976604679
2,dev_vs_holdout,S2_calendar_median_of_expiry_medians,-0.14618862057345972,-0.8123041063832405,0.5043352092755429,0.6506698660267947
2,dev_vs_holdout,R1_geometric_mean_all_obs,-0.0168439915237919,-0.1736098964424371,0.14117695849510728,0.8610277944411118
2,dev_vs_holdout,R1e_geometric_mean_expiry_weighted,-0.009813733523350354,-0.16954408417851788,0.15205739539623367,0.9290141971605679
2,dev_vs_holdout,R2_median_ratio_all_obs,0.01055011063349709,-0.13368012576805788,0.15231495231565734,0.9062187562487503
2,dev_vs_holdout,R2e_median_of_expiry_median_ratios,0.01356948839643346,-0.12707596880648753,0.16910413501788976,0.7870425914817036
2,dev_vs_holdout,R3_ratio_of_summed_total_variance,-0.1664721174839412,-0.43367804875835525,0.16344555147169398,0.3203359328134373
2,pooled_baseline,S1_session_all_obs_median,2.6510147677979665,2.3387325968349533,2.960183253244872,
2,pooled_baseline,S2_session_median_of_expiry_medians,2.5232862494189847,2.2545584058722845,2.7542309036672936,
2,pooled_baseline,S1_calendar_all_obs_median,1.8049028316989457,1.5737919097740403,2.0973597701941555,
2,pooled_baseline,S2_calendar_median_of_expiry_medians,1.8599927046751916,1.5479382233854118,2.164486129572041,
2,pooled_baseline,R1_geometric_mean_all_obs,1.2910872241164104,1.2209319299804389,1.359176345547582,
2,pooled_baseline,R1e_geometric_mean_expiry_weighted,1.289940920536275,1.2208829296658439,1.3573568696380827,
2,pooled_baseline,R2_median_ratio_all_obs,1.370507256862478,1.302303239402945,1.4291898167377022,
2,pooled_baseline,R2e_median_of_expiry_median_ratios,1.3828414725866178,1.3050598345744193,1.4393355379436017,
2,pooled_baseline,R3_ratio_of_summed_total_variance,1.1159573338732487,0.9880701522542248,1.2513513670283085,
8,dev_vs_holdout,S1_session_all_obs_median,-0.8002787169938621,-1.7146611932917262,0.10229329691088514,0.07998400319936012
8,dev_vs_holdout,S2_session_median_of_expiry_medians,-0.4331713238224375,-1.5161130676586354,0.268090655702897,0.21835632873425315
8,dev_vs_holdout,S1_calendar_all_obs_median,-0.20300186893424832,-0.9135767833755324,0.5642902323338425,0.5166966606678665
8,dev_vs_holdout,S2_calendar_median_of_expiry_medians,-0.14618862057345972,-1.0381620789690782,0.6456772269206549,0.6894621075784843
8,dev_vs_holdout,R1_geometric_mean_all_obs,-0.0168439915237919,-0.2152609155956375,0.1764306956256637,0.8894221155768847
8,dev_vs_holdout,R1e_geometric_mean_expiry_weighted,-0.009813733523350354,-0.21179421420561761,0.18615919274194728,0.9506098780243951
8,dev_vs_holdout,R2_median_ratio_all_obs,0.01055011063349709,-0.1563643221925616,0.16585062888349716,0.9194161167766447
8,dev_vs_holdout,R2e_median_of_expiry_median_ratios,0.01356948839643346,-0.1457644256162926,0.185839376520645,0.8158368326334733
8,dev_vs_holdout,R3_ratio_of_summed_total_variance,-0.1664721174839412,-0.4752313528736853,0.23698612869743296,0.41471705658868224
8,pooled_baseline,S1_session_all_obs_median,2.6510147677979665,2.228442943570096,3.1141993369579284,
8,pooled_baseline,S2_session_median_of_expiry_medians,2.5232862494189847,2.213753402076561,2.9061218588266557,
8,pooled_baseline,S1_calendar_all_obs_median,1.8049028316989457,1.538322042383512,2.1822167244829185,
8,pooled_baseline,S2_calendar_median_of_expiry_medians,1.8599927046751916,1.520935826476585,2.2510781311084065,
8,pooled_baseline,R1_geometric_mean_all_obs,1.2910872241164104,1.210010870058565,1.3682515853111479,
8,pooled_baseline,R1e_geometric_mean_expiry_weighted,1.289940920536275,1.2086217596163604,1.3657932184084247,
8,pooled_baseline,R2_median_ratio_all_obs,1.370507256862478,1.3011273145198645,1.4343839114298007,
8,pooled_baseline,R2e_median_of_expiry_median_ratios,1.3828414725866178,1.304279500287189,1.439648932955443,
8,pooled_baseline,R3_ratio_of_summed_total_variance,1.1159573338732487,0.9737099478546043,1.2678111167716835,
