estimand,dev_estimate,holdout_estimate,difference_holdout_minus_dev,ci_lo,ci_hi,p_two_sided_bootstrap,dev_clusters,holdout_clusters,dev_ci_lo,dev_ci_hi,holdout_ci_lo,holdout_ci_hi,block,reps,family_A,p_holm_family_A
S1_session_all_obs_median,2.9415566997662346,2.1412779827723725,-0.8002787169938621,-1.6169726733448824,0.008511348016510491,0.052389522095580884,170,92,2.542092901074913,3.404028520809463,1.4559567662249435,2.833301955830362,5,5000,False,
S2_session_median_of_expiry_medians,2.6434054633785533,2.210234139556116,-0.4331713238224375,-1.3596874345772973,0.19242197088379462,0.1775644871025795,170,92,2.3088667278186943,3.1544555277188424,1.4452793827253405,2.6838237002803904,5,5000,False,
S1_calendar_all_obs_median,1.8891258840821583,1.68612401514791,-0.20300186893424832,-0.8534434405296493,0.494388829053623,0.5118976204759048,170,92,1.563229235657817,2.28251941346039,1.166112269016617,2.329186141961826,5,5000,True,1.0
S2_calendar_median_of_expiry_medians,1.893517350666631,1.7473287300931712,-0.14618862057345972,-0.9509382301978568,0.5847167405912028,0.6750649870025994,170,92,1.524289159789911,2.50074305329038,1.1662667549688148,2.3268899006062247,5,5000,True,1.0
R1_geometric_mean_all_obs,1.2970999941278514,1.2802560026040595,-0.0168439915237919,-0.19865838234607694,0.1679219490251699,0.876624675064987,170,92,1.2331972674139844,1.3633252820320625,1.1126073389370699,1.4532911977718923,5,5000,True,1.0
R1e_geometric_mean_expiry_weighted,1.2983027203301651,1.2884889868068148,-0.009813733523350354,-0.1960973722203629,0.17719751257135627,0.9226154769046191,170,92,1.2345347037363024,1.3631770808726726,1.1181945365662715,1.4618923559387869,5,5000,False,
R2_median_ratio_all_obs,1.367178329012996,1.377728439646493,0.01055011063349709,-0.14686134528508712,0.16002619588455425,0.9118176364727054,170,92,1.2927832413422788,1.4336486040967171,1.237189490340332,1.509660310458147,5,5000,True,1.0
R2e_median_of_expiry_median_ratios,1.3806030451389182,1.3941725335353516,0.01356948839643346,-0.14126002128795043,0.1839903292850508,0.8022395520895821,170,92,1.280393880935245,1.439648932955443,1.250227256830958,1.5513435345908777,5,5000,False,
R3_ratio_of_summed_total_variance,1.1773352959584467,1.0108631784745055,-0.1664721174839412,-0.45700167877141745,0.2102770337944853,0.3783243351329734,170,92,1.070069849983817,1.3016699278353518,0.7508760683091685,1.3742686941182332,5,5000,False,
