horizon,dimension,level,statistic,estimate,ci_lo,ci_hi,n_rows,n_expiries,ci_note,block,reps
F1,expiry_day_F1,not expiry day,S1_calendar,2.4524653863794117,2.0983568850300753,2.833901958307509,6568.0,262.0,,5.0,5000.0
F1,expiry_day_F1,not expiry day,S1_session,3.1931815970112627,2.8759883465023304,3.5611187343749813,6568.0,262.0,,5.0,5000.0
F1,expiry_day_F1,expiry day,S1_calendar,8.072752145148657,6.76847764541486,9.216096370536787,779.0,260.0,,5.0,5000.0
F1,expiry_day_F1,expiry day,S1_session,9.418129642070932,8.255075481147898,10.696316154968626,779.0,260.0,,5.0,5000.0
F1,expiry_day_F1,difference test,S1_calendar,80.51312676122429,,,,,"Wald=80.513, p=0.0002",,
F5,expiry_day_F5,not expiry day,S1_calendar,2.2851343564453526,1.951302329309413,2.6597280866630575,6476.0,262.0,,5.0,5000.0
F5,expiry_day_F5,not expiry day,S1_session,2.2018985979249113,1.8826201018465376,2.582333567232314,6476.0,262.0,,5.0,5000.0
F5,expiry_day_F5,expiry day,S1_calendar,9.022334753853844,7.874386478668919,10.164200949966666,764.0,255.0,,5.0,5000.0
F5,expiry_day_F5,expiry day,S1_session,9.099294577764272,7.741199931344584,10.172575132058666,764.0,255.0,,5.0,5000.0
F5,expiry_day_F5,difference test,S1_calendar,159.10664367659209,,,,,"Wald=159.107, p=0.0002",,
