day,weekday,expiry,expiry_day,lot,premium0,range_920,trades,stops,rolls,leader_changes,exit,pnl_pts,pnl_rs,charges,net_rs
2021-09-30,Thu,2021-09-30,True,50,42.15,"[17675.0, 17875.0]",1,1,0,0,RANGE SL,-13.2,-660.0,98.61,-758.61
2021-10-07,Thu,2021-10-07,True,50,15.15,"[17658.05, 17890.0]",1,0,2,3,TIME 15:15,18.75,937.5,192.07,745.43
2021-10-14,Thu,2021-10-14,True,50,25.1,"[18175.25, 18345.0]",1,1,1,1,RANGE SL,2.45,122.5,146.79,-24.29
2021-10-21,Thu,2021-10-21,True,50,33.2,"[18251.6, 18445.0]",1,1,0,0,STOP LOSS,-20.5,-1025.0,97.94,-1122.94
2021-10-28,Thu,2021-10-28,True,50,45.3,"[18081.1, 18346.15]",1,1,2,4,STOP LOSS,-29.5,-1475.0,196.41,-1671.41
2021-11-03,Wed,2021-11-03,True,50,33.35,"[17863.35, 18059.0]",1,1,0,0,STOP LOSS,-23.0,-1150.0,98.02,-1248.02
2021-11-11,Thu,2021-11-11,True,50,33.05,"[17856.0, 18039.5]",1,1,0,0,STOP LOSS,-17.8,-890.0,97.86,-987.86
2021-11-18,Thu,2021-11-18,True,50,44.9,"[17878.1, 18070.0]",1,1,0,0,STOP LOSS,-31.7,-1585.0,99.27,-1684.27
2021-11-25,Thu,2021-11-25,True,50,23.5,"[17275.0, 17548.15]",1,1,1,1,STOP LOSS,-12.5,-625.0,146.84,-771.84
2021-12-02,Thu,2021-12-02,True,50,56.05,"[16926.85, 17230.0]",1,1,2,3,STOP LOSS,-32.45,-1622.5,198.94,-1821.44
2021-12-09,Thu,2021-12-09,True,50,51.95,"[17475.25, 17668.7]",1,1,0,0,STOP LOSS,-42.75,-2137.5,100.18,-2237.68
2021-12-16,Thu,2021-12-16,True,50,33.85,"[17259.1, 17454.0]",1,1,3,6,STOP LOSS,-20.25,-1012.5,247.21,-1259.71
2021-12-23,Thu,2021-12-23,True,50,27.8,"[16966.8, 17145.0]",1,0,0,0,TIME 15:15,26.65,1332.5,96.4,1236.1
2021-12-30,Thu,2021-12-30,True,50,49.25,"[16941.2, 17212.0]",1,0,3,3,TIME 15:15,67.75,3387.5,220.16,3167.34
2022-01-06,Thu,2022-01-06,True,50,29.65,"[17691.0, 18033.5]",1,1,1,1,STOP LOSS,-18.8,-940.0,146.38,-1086.38
2022-01-13,Thu,2022-01-13,True,50,24.15,"[18170.4, 18347.75]",1,0,0,0,TIME 15:15,22.85,1142.5,96.14,1046.36
2022-01-20,Thu,2022-01-20,True,50,26.45,"[17865.2, 18068.8]",1,1,0,0,RANGE SL,-11.75,-587.5,97.12,-684.62
2022-01-27,Thu,2022-01-27,True,50,109.7,"[16994.0, 17647.3]",1,1,2,3,RANGE SL,-9.7,-485.0,203.57,-688.57
2022-02-03,Thu,2022-02-03,True,50,26.8,"[17694.7, 18037.4]",1,1,1,1,STOP LOSS,-16.55,-827.5,145.14,-972.64
2022-02-10,Thu,2022-02-10,True,50,37.45,"[17473.0, 17654.0]",1,1,2,2,STOP LOSS,-20.0,-1000.0,197.96,-1197.96
2022-02-17,Thu,2022-02-17,True,50,49.55,"[17235.75, 17465.0]",1,1,1,1,STOP LOSS,-31.3,-1565.0,149.28,-1714.28
2022-02-24,Thu,2022-02-24,True,50,48.65,"[16472.0, 17149.0]",1,1,0,0,STOP LOSS,-41.5,-2075.0,99.85,-2174.85
2022-03-03,Thu,2022-03-03,True,50,20.85,"[16485.0, 17059.9]",1,1,0,0,STOP LOSS,-14.6,-730.0,96.66,-826.66
2022-03-10,Thu,2022-03-10,True,50,24.95,"[16484.5, 17070.0]",1,1,3,3,STOP LOSS,-25.15,-1257.5,241.71,-1499.21
2022-03-17,Thu,2022-03-17,True,50,7.5,"[16890.5, 17528.8]",1,1,3,3,STOP LOSS,-6.6,-330.0,243.29,-573.29
2022-03-24,Thu,2022-03-24,True,50,21.65,"[16986.65, 17438.95]",1,1,2,3,RANGE SL,4.1,205.0,195.23,9.77
2022-03-31,Thu,2022-03-31,True,50,36.9,"[17495.0, 17760.0]",1,1,1,1,STOP LOSS,-19.5,-975.0,145.86,-1120.86
2022-04-07,Thu,2022-04-07,True,50,29.75,"[17694.1, 18047.3]",1,1,2,2,STOP LOSS,-16.75,-837.5,192.7,-1030.2
2022-04-13,Wed,2022-04-13,True,50,25.2,"[17545.25, 17681.05]",1,1,1,2,STOP LOSS,-16.75,-837.5,146.25,-983.75
2022-04-21,Thu,2022-04-21,True,50,32.45,"[17180.3, 17351.0]",1,1,0,0,RANGE SL,-8.5,-425.0,97.6,-522.6
2022-04-28,Thu,2022-04-28,True,50,27.45,"[16932.0, 17224.85]",1,1,2,5,STOP LOSS,-16.2,-810.0,197.19,-1007.19
2022-05-05,Thu,2022-05-05,True,50,13.45,"[16477.25, 17009.0]",1,1,2,2,STOP LOSS,-9.2,-460.0,194.68,-654.68
2022-05-12,Thu,2022-05-12,True,50,66.5,"[15974.75, 16301.9]",1,1,0,0,RANGE SL,-29.2,-1460.0,101.23,-1561.23
2022-05-19,Thu,2022-05-19,True,50,65.65,"[15897.9, 16582.0]",1,1,2,2,RANGE SL,-21.05,-1052.5,196.47,-1248.97
2022-05-26,Thu,2022-05-26,True,50,33.9,"[15985.1, 16350.0]",1,1,1,1,STOP LOSS,-21.15,-1057.5,145.78,-1203.28
2022-06-02,Thu,2022-06-02,True,50,41.3,"[16393.8, 16751.4]",1,0,2,3,TIME 15:15,14.0,700.0,198.56,501.44
2022-06-09,Thu,2022-06-09,True,50,25.0,"[16192.6, 16536.8]",1,1,3,3,STOP LOSS,-15.8,-790.0,247.65,-1037.65
2022-06-16,Thu,2022-06-16,True,50,15.65,"[15683.25, 16068.8]",1,1,1,1,STOP LOSS,-10.1,-505.0,147.48,-652.48
2022-06-23,Thu,2022-06-23,True,50,40.65,"[15385.3, 15655.6]",1,1,1,2,STOP LOSS,-27.15,-1357.5,148.82,-1506.32
2022-06-30,Thu,2022-06-30,True,50,26.75,"[15582.3, 16021.95]",1,1,1,2,STOP LOSS,-19.4,-970.0,148.58,-1118.58
2022-07-07,Thu,2022-07-07,True,50,23.6,"[15671.0, 16204.8]",1,0,5,5,TIME 15:15,49.9,2495.0,313.34,2181.66
2022-07-14,Thu,2022-07-14,True,50,50.55,"[15991.45, 16274.65]",1,1,1,1,RANGE SL,-16.9,-845.0,147.41,-992.41
2022-07-21,Thu,2022-07-21,True,50,45.8,"[16435.05, 16554.0]",1,0,1,1,TIME 15:15,9.7,485.0,149.32,335.68
2022-07-28,Thu,2022-07-28,True,50,36.55,"[16451.1, 16807.65]",1,1,2,2,STOP LOSS,-19.65,-982.5,194.35,-1176.85
2022-08-04,Thu,2022-08-04,True,50,38.05,"[17260.0, 17519.65]",1,1,1,1,STOP LOSS,-22.95,-1147.5,146.88,-1294.38
2022-08-11,Thu,2022-08-11,True,50,49.8,"[17431.2, 17715.0]",1,0,2,2,TIME 15:15,50.95,2547.5,195.95,2351.55
2022-08-18,Thu,2022-08-18,True,50,29.7,"[17871.0, 18053.0]",1,1,0,0,RANGE SL,-3.1,-155.0,97.23,-252.23
2022-08-25,Thu,2022-08-25,True,50,24.75,"[17560.75, 17728.9]",1,1,1,1,RANGE SL,-9.2,-460.0,146.22,-606.22
2022-09-01,Thu,2022-09-01,True,50,48.4,"[17496.85, 18071.0]",1,0,4,8,TIME 15:15,67.7,3385.0,290.76,3094.24
2022-09-08,Thu,2022-09-08,True,50,26.75,"[17460.0, 17814.95]",1,1,1,1,STOP LOSS,-16.9,-845.0,146.1,-991.1
2022-09-15,Thu,2022-09-15,True,50,44.1,"[17949.3, 18150.0]",1,1,0,0,STOP LOSS,-26.4,-1320.0,99.09,-1419.09
2022-09-22,Thu,2022-09-22,True,50,69.15,"[17594.15, 18098.95]",1,0,2,3,TIME 15:15,87.5,4375.0,195.51,4179.49
2022-09-29,Thu,2022-09-29,True,50,47.95,"[16940.0, 17078.75]",1,1,1,1,STOP LOSS,-27.15,-1357.5,147.92,-1505.42
2022-10-06,Thu,2022-10-06,True,50,51.6,"[17133.0, 17423.85]",1,0,3,8,TIME 15:15,58.1,2905.0,246.51,2658.49
2022-10-13,Thu,2022-10-13,True,50,29.95,"[16990.1, 17345.0]",1,0,1,1,TIME 15:15,52.5,2625.0,145.72,2479.28
2022-10-20,Thu,2022-10-20,True,50,29.95,"[17392.05, 17656.95]",1,0,2,2,TIME 15:15,24.6,1230.0,191.75,1038.25
2022-10-27,Thu,2022-10-27,True,50,21.2,"[17647.15, 17835.0]",1,0,1,1,TIME 15:15,19.05,952.5,143.21,809.29
2022-11-03,Thu,2022-11-03,True,50,47.7,"[17982.7, 18276.65]",1,0,1,1,TIME 15:15,49.15,2457.5,145.41,2312.09
2022-11-10,Thu,2022-11-10,True,50,15.6,"[17982.05, 18227.95]",1,1,0,0,STOP LOSS,-9.4,-470.0,96.06,-566.06
2022-11-17,Thu,2022-11-17,True,50,12.4,"[18291.0, 18529.95]",1,1,2,2,RANGE SL,14.95,747.5,191.32,556.18
2022-11-24,Thu,2022-11-24,True,50,19.55,"[18255.0, 18330.35]",1,1,0,0,STOP LOSS,-11.9,-595.0,96.48,-691.48
2022-12-01,Thu,2022-12-01,True,50,24.55,"[18673.55, 18907.3]",1,0,1,1,TIME 15:15,24.55,1227.5,143.79,1083.71
2022-12-08,Thu,2022-12-08,True,50,23.0,"[18488.0, 18723.2]",1,1,1,3,STOP LOSS,-13.25,-662.5,146.22,-808.72
2022-12-15,Thu,2022-12-15,True,50,12.0,"[18575.0, 18742.0]",1,1,0,0,STOP LOSS,-8.45,-422.5,95.7,-518.2
2022-12-22,Thu,2022-12-22,True,50,38.6,"[18141.5, 18334.45]",1,1,0,0,STOP LOSS,-19.55,-977.5,98.42,-1075.92
2022-12-29,Thu,2022-12-29,True,50,34.5,"[17989.8, 18233.85]",1,1,1,1,RANGE SL,25.5,1275.0,144.94,1130.06
2023-01-05,Thu,2023-01-05,True,50,28.9,"[17982.0, 18232.3]",1,1,1,1,STOP LOSS,-15.85,-792.5,146.73,-939.23
2023-01-12,Thu,2023-01-12,True,50,40.15,"[17866.0, 18058.1]",1,1,0,0,RANGE SL,-12.4,-620.0,98.41,-718.41
2023-01-19,Thu,2023-01-19,True,50,43.5,"[18076.0, 18244.0]",1,0,1,1,TIME 15:15,40.4,2020.0,121.13,1898.87
2023-01-25,Wed,2023-01-25,True,50,18.95,"[17987.3, 18215.5]",1,1,1,1,STOP LOSS,-11.85,-592.5,145.49,-737.99
2023-02-02,Thu,2023-02-02,True,50,92.3,"[17494.5, 18108.9]",1,0,6,8,TIME 15:15,87.75,4387.5,393.59,3993.91
2023-02-09,Thu,2023-02-09,True,50,31.25,"[17786.6, 18042.0]",1,1,1,1,STOP LOSS,-22.85,-1142.5,145.56,-1288.06
2023-02-16,Thu,2023-02-16,True,50,38.1,"[17956.0, 18121.0]",1,1,1,1,STOP LOSS,-20.7,-1035.0,146.31,-1181.31
2023-02-23,Thu,2023-02-23,True,50,29.1,"[17451.05, 17634.3]",1,1,0,0,STOP LOSS,-17.7,-885.0,97.5,-982.5
2023-03-02,Thu,2023-03-02,True,50,32.35,"[17379.9, 17532.45]",1,1,0,0,STOP LOSS,-21.15,-1057.5,97.88,-1155.38
2023-03-09,Thu,2023-03-09,True,50,13.75,"[17675.0, 17827.0]",1,1,0,0,STOP LOSS,-8.85,-442.5,95.87,-538.37
2023-03-16,Thu,2023-03-16,True,50,40.85,"[16845.25, 17044.85]",1,1,0,0,RANGE SL,13.35,667.5,97.9,569.6
2023-03-23,Thu,2023-03-23,True,50,18.35,"[16970.0, 17231.0]",1,1,1,1,STOP LOSS,-11.8,-590.0,144.91,-734.91
2023-03-29,Wed,2023-03-29,True,50,23.0,"[16885.85, 17124.9]",1,0,0,0,TIME 15:15,19.25,962.5,96.11,866.39
2023-04-06,Thu,2023-04-06,True,50,33.4,"[17479.0, 17635.0]",1,1,1,1,RANGE SL,15.8,790.0,146.8,643.2
2023-04-13,Thu,2023-04-13,True,50,45.4,"[17789.1, 17949.7]",1,1,1,1,RANGE SL,-12.0,-600.0,147.58,-747.58
2023-04-20,Thu,2023-04-20,True,50,18.9,"[17583.6, 17732.4]",1,1,0,0,STOP LOSS,-12.55,-627.5,96.44,-723.94
2023-04-27,Thu,2023-04-27,True,50,28.7,"[17792.65, 17934.3]",1,0,0,0,TIME 15:15,27.5,1375.0,96.46,1278.54
2023-05-04,Thu,2023-05-04,True,50,12.9,"[17993.05, 18220.0]",1,1,1,1,STOP LOSS,-17.95,-897.5,144.77,-1042.27
2023-05-11,Thu,2023-05-11,True,50,28.3,"[18277.15, 18430.0]",1,1,0,0,STOP LOSS,-17.5,-875.0,97.42,-972.42
2023-05-18,Thu,2023-05-18,True,50,25.05,"[18171.85, 18323.7]",1,0,1,1,TIME 15:15,7.85,392.5,144.01,248.49
2023-05-25,Thu,2023-05-25,True,50,37.0,"[18165.0, 18319.0]",1,1,1,2,RANGE SL,35.05,1752.5,147.29,1605.21
2023-06-01,Thu,2023-06-01,True,50,14.2,"[18470.05, 18630.0]",1,0,0,0,TIME 15:15,12.85,642.5,95.43,547.07
2023-06-08,Thu,2023-06-08,True,50,21.9,"[18682.95, 18828.7]",1,1,0,0,STOP LOSS,-14.4,-720.0,96.75,-816.75
2023-06-15,Thu,2023-06-15,True,50,16.75,"[18674.25, 18822.4]",1,1,0,0,STOP LOSS,-9.65,-482.5,96.17,-578.67
2023-06-22,Thu,2023-06-22,True,50,23.95,"[18780.2, 18925.25]",1,1,0,0,STOP LOSS,-18.5,-925.0,97.04,-1022.04
2023-07-06,Thu,2023-07-06,True,50,25.2,"[19288.2, 19521.85]",1,0,2,2,TIME 15:15,37.5,1875.0,194.67,1680.33
2023-07-13,Thu,2023-07-13,True,50,36.35,"[19359.2, 19521.8]",1,1,0,0,RANGE SL,-18.4,-920.0,98.19,-1018.19
2023-07-20,Thu,2023-07-20,True,50,44.6,"[19794.5, 20043.5]",1,1,2,2,RANGE SL,9.5,475.0,195.64,279.36
2023-07-27,Thu,2023-07-27,True,50,23.3,"[19770.6, 19950.0]",1,1,0,0,STOP LOSS,-13.4,-670.0,96.86,-766.86
2023-08-03,Thu,2023-08-03,True,50,34.4,"[19357.25, 19533.85]",1,1,1,2,STOP LOSS,-20.55,-1027.5,148.26,-1175.76
2023-08-10,Thu,2023-08-10,True,50,70.6,"[19581.3, 19765.45]",1,1,2,2,STOP LOSS,-38.95,-1947.5,201.43,-2148.93
2023-08-17,Thu,2023-08-17,True,50,24.85,"[19277.75, 19512.4]",1,1,1,3,STOP LOSS,-15.55,-777.5,146.64,-924.14
2023-08-24,Thu,2023-08-24,True,50,53.3,"[19336.05, 19512.0]",1,1,2,2,RANGE SL,4.65,232.5,196.16,36.34
2023-08-31,Thu,2023-08-31,True,50,29.8,"[19278.5, 19421.75]",1,1,0,0,STOP LOSS,-16.9,-845.0,97.55,-942.55
2023-09-07,Thu,2023-09-07,True,50,18.2,"[19467.55, 19611.35]",1,1,0,0,STOP LOSS,-10.2,-510.0,96.32,-606.32
2023-09-14,Thu,2023-09-14,True,50,37.05,"[20083.0, 20252.2]",1,1,0,0,STOP LOSS,-21.25,-1062.5,98.31,-1160.81
2023-09-21,Thu,2023-09-21,True,50,18.05,"[19766.0, 19936.0]",1,1,0,0,STOP LOSS,-14.2,-710.0,96.4,-806.4
2023-10-05,Thu,2023-10-05,True,50,50.7,"[19348.0, 19518.9]",1,0,1,1,TIME 15:15,20.55,1027.5,147.66,879.84
2023-10-12,Thu,2023-10-12,True,50,23.1,"[19782.0, 19940.0]",1,1,0,0,STOP LOSS,-12.45,-622.5,96.82,-719.32
2023-10-19,Thu,2023-10-19,True,50,16.25,"[19496.1, 19819.95]",1,1,1,1,STOP LOSS,-13.95,-697.5,144.82,-842.32
2023-10-26,Thu,2023-10-26,True,50,45.9,"[18985.1, 19250.0]",1,1,1,1,STOP LOSS,-26.4,-1320.0,147.04,-1467.04
2023-11-02,Thu,2023-11-02,True,50,26.15,"[19083.65, 19266.4]",1,1,0,0,STOP LOSS,-15.65,-782.5,97.18,-879.68
2023-11-09,Thu,2023-11-09,True,50,28.9,"[19378.0, 19530.75]",1,0,1,1,TIME 15:15,21.65,1082.5,120.19,962.31
2023-11-16,Thu,2023-11-16,True,50,12.65,"[19573.1, 19716.4]",1,1,0,0,STOP LOSS,-8.4,-420.0,95.76,-515.76
2023-11-23,Thu,2023-11-23,True,50,26.0,"[19784.7, 19919.3]",1,1,1,1,RANGE SL,12.75,637.5,145.78,491.72
2023-11-30,Thu,2023-11-30,True,50,9.05,"[19996.5, 20311.0]",1,1,2,2,STOP LOSS,-11.9,-595.0,193.21,-788.21
2023-12-07,Thu,2023-12-07,True,50,59.25,"[20890.3, 21161.2]",1,1,3,3,RANGE SL,26.75,1337.5,243.69,1093.81
2023-12-14,Thu,2023-12-14,True,50,31.55,"[20960.0, 21124.95]",1,1,0,0,STOP LOSS,-17.85,-892.5,97.73,-990.23
2023-12-21,Thu,2023-12-21,True,50,63.8,"[20975.35, 21289.0]",1,0,2,3,TIME 15:15,66.65,3332.5,193.96,3138.54
2023-12-28,Thu,2023-12-28,True,50,35.9,"[21466.0, 21809.3]",1,0,1,1,TIME 15:15,51.2,2560.0,145.88,2414.12
2024-01-04,Thu,2024-01-04,True,50,22.6,"[21461.15, 21633.0]",1,0,2,2,TIME 15:15,29.65,1482.5,191.68,1290.82
2024-01-11,Thu,2024-01-11,True,50,41.4,"[21645.0, 21755.6]",1,0,1,1,TIME 15:15,46.15,2307.5,146.3,2161.2
2024-01-18,Thu,2024-01-18,True,50,48.8,"[21375.1, 21659.0]",1,1,1,1,STOP LOSS,-33.25,-1662.5,148.32,-1810.82
2024-01-25,Thu,2024-01-25,True,50,61.05,"[21334.65, 21561.8]",1,1,0,2,STOP LOSS,-38.6,-1930.0,100.93,-2030.93
2024-02-01,Thu,2024-02-01,True,50,97.2,"[21385.5, 21857.05]",1,0,1,1,TIME 15:15,135.55,6777.5,153.68,6623.82
2024-02-08,Thu,2024-02-08,True,50,57.1,"[21996.3, 22375.0]",1,1,1,1,STOP LOSS,-31.95,-1597.5,150.05,-1747.55
2024-02-15,Thu,2024-02-15,True,50,22.8,"[21263.2, 22001.6]",1,1,2,2,STOP LOSS,-14.3,-715.0,195.88,-910.88
2024-02-22,Thu,2024-02-22,True,50,0.55,"[21498.6, 22500.9]",1,1,0,0,STOP LOSS,-2.05,-102.5,94.5,-197.0
2024-02-29,Thu,2024-02-29,True,50,66.05,"[21894.25, 22381.4]",1,1,2,3,STOP LOSS,-33.0,-1650.0,198.53,-1848.53
2024-03-07,Thu,2024-03-07,True,50,53.65,"[21915.05, 22502.7]",1,0,1,1,TIME 15:15,73.95,3697.5,147.3,3550.2
2024-03-14,Thu,2024-03-14,True,50,10.9,"[21698.05, 22510.85]",1,1,3,4,STOP LOSS,-7.3,-365.0,249.4,-614.4
2024-03-21,Thu,2024-03-21,True,50,48.45,"[21940.0, 22082.85]",1,1,0,1,RANGE SL,0.15,7.5,98.9,-91.4
2024-03-28,Thu,2024-03-28,True,50,30.2,"[22020.0, 22225.7]",1,1,1,1,STOP LOSS,-17.85,-892.5,146.1,-1038.6
2024-04-04,Thu,2024-04-04,True,50,37.4,"[22359.15, 22620.0]",1,1,1,1,STOP LOSS,-27.1,-1355.0,148.57,-1503.57
2024-04-10,Wed,2024-04-10,True,50,61.15,"[22697.5, 23067.15]",1,0,1,1,TIME 15:15,84.55,4227.5,148.32,4079.18
2024-04-18,Thu,2024-04-18,True,50,27.15,"[22170.45, 22365.95]",1,1,0,0,STOP LOSS,-27.55,-1377.5,97.54,-1475.04
2024-04-25,Thu,2024-04-25,True,50,36.35,"[22298.35, 22736.65]",1,1,1,5,STOP LOSS,-31.9,-1595.0,147.2,-1742.2
2024-05-02,Thu,2024-05-02,True,25,40.5,"[22597.45, 23064.2]",1,0,2,3,TIME 15:15,61.35,1533.75,191.6,1342.15
2024-05-09,Thu,2024-05-09,True,25,66.95,"[22298.5, 22787.05]",1,1,0,0,STOP LOSS,-38.15,-953.75,97.94,-1051.69
2024-05-16,Thu,2024-05-16,True,25,49.45,"[22142.6, 22337.35]",1,1,1,1,STOP LOSS,-26.5,-662.5,146.22,-808.72
2024-05-23,Thu,2024-05-23,True,25,60.4,"[22596.95, 22966.0]",1,1,1,1,STOP LOSS,-32.8,-820.0,146.94,-966.94
2024-05-30,Thu,2024-05-30,True,25,53.5,"[22591.85, 23061.0]",1,1,2,3,STOP LOSS,-32.6,-815.0,195.18,-1010.18
2024-06-06,Thu,2024-06-06,True,25,53.6,"[22452.0, 23096.8]",1,1,1,1,STOP LOSS,-32.3,-807.5,145.75,-953.25
2024-06-13,Thu,2024-06-13,True,25,44.3,"[23354.05, 23577.4]",1,0,1,1,TIME 15:15,51.2,1280.0,143.69,1136.31
2024-06-20,Thu,2024-06-20,True,25,33.05,"[22952.1, 23601.7]",1,0,3,4,TIME 15:15,111.85,2796.25,244.05,2552.2
2024-06-27,Thu,2024-06-27,True,25,48.55,"[23771.5, 24071.85]",1,1,1,2,STOP LOSS,-30.35,-758.75,145.57,-904.32
2024-07-04,Thu,2024-07-04,True,25,45.15,"[24245.3, 24468.2]",1,0,1,1,TIME 15:15,42.95,1073.75,119.63,954.12
2024-07-11,Thu,2024-07-11,True,25,30.55,"[23952.05, 24402.9]",1,1,1,1,RANGE SL,-5.5,-137.5,143.97,-281.47
2024-07-18,Thu,2024-07-18,True,25,37.5,"[24442.75, 24642.25]",1,1,0,0,STOP LOSS,-32.65,-816.25,96.5,-912.75
2024-07-25,Thu,2024-07-25,True,25,19.75,"[23982.35, 24521.2]",1,0,4,5,TIME 15:15,62.45,1561.25,263.21,1298.04
2024-08-01,Thu,2024-08-01,True,25,58.3,"[24900.6, 25078.0]",1,0,1,2,TIME 15:15,63.45,1586.25,144.65,1441.6
2024-08-08,Thu,2024-08-08,True,25,82.55,"[24184.4, 24580.0]",1,1,0,0,STOP LOSS,-50.95,-1273.75,98.8,-1372.55
2024-08-14,Wed,2024-08-14,True,25,21.45,"[23982.3, 24425.4]",1,0,2,2,TIME 15:15,60.05,1501.25,192.11,1309.14
2024-08-22,Thu,2024-08-22,True,25,47.1,"[24790.05, 25049.9]",1,0,1,1,TIME 15:15,78.7,1967.5,144.61,1822.89
2024-08-29,Thu,2024-08-29,True,25,39.2,"[24997.5, 25346.0]",1,1,3,3,STOP LOSS,-24.45,-611.25,240.45,-851.7
2024-09-05,Thu,2024-09-05,True,25,28.85,"[24967.5, 25312.0]",1,0,3,5,TIME 15:15,77.4,1935.0,240.39,1694.61
2024-09-12,Thu,2024-09-12,True,25,36.1,"[24924.4, 25086.0]",1,1,1,1,STOP LOSS,-18.9,-472.5,144.38,-616.88
2024-09-19,Thu,2024-09-19,True,25,49.8,"[25410.05, 25607.0]",1,1,1,1,RANGE SL,0.6,15.0,144.63,-129.63
2024-09-26,Thu,2024-09-26,True,25,81.45,"[25904.0, 26057.8]",1,1,1,1,STOP LOSS,-46.25,-1156.25,147.01,-1303.26
2024-10-03,Thu,2024-10-03,True,25,73.25,"[25495.0, 26082.15]",1,1,1,1,STOP LOSS,-47.2,-1180.0,146.62,-1326.62
2024-10-10,Thu,2024-10-10,True,25,52.15,"[24435.0, 25101.65]",1,1,1,2,RANGE SL,29.8,745.0,145.72,599.28
2024-10-17,Thu,2024-10-17,True,25,70.65,"[24931.1, 25087.0]",1,1,1,1,STOP LOSS,-39.7,-992.5,146.28,-1138.78
2024-10-24,Thu,2024-10-24,True,25,1.75,"[23999.05, 25004.0]",1,1,0,0,STOP LOSS,-2.0,-50.0,94.51,-144.51
2024-10-31,Thu,2024-10-31,True,25,56.2,"[24245.8, 24477.95]",1,1,1,1,RANGE SL,5.8,145.0,147.13,-2.13
2024-11-07,Thu,2024-11-07,True,25,47.6,"[24398.2, 25070.9]",1,1,0,0,STOP LOSS,-29.45,-736.25,96.94,-833.19
2024-11-14,Thu,2024-11-14,True,25,2.05,"[22998.2, 24202.2]",1,1,1,1,STOP LOSS,-4.25,-106.25,143.96,-250.21
2024-11-21,Thu,2024-11-21,True,25,10.7,"[22996.1, 24017.7]",1,1,2,2,STOP LOSS,-9.95,-248.75,193.13,-441.88
2024-11-28,Thu,2024-11-28,True,25,77.15,"[24215.0, 24389.0]",1,1,0,0,STOP LOSS,-49.35,-1233.75,98.53,-1332.28
2024-12-05,Thu,2024-12-05,True,25,2.6,"[23496.75, 25001.1]",1,1,0,0,STOP LOSS,-2.55,-63.75,94.55,-158.3
2024-12-12,Thu,2024-12-12,True,25,28.75,"[24566.05, 24755.9]",1,1,0,0,STOP LOSS,-24.9,-622.5,96.01,-718.51
2024-12-19,Thu,2024-12-19,True,25,85.95,"[23878.25, 24290.7]",1,0,1,1,TIME 15:15,93.4,2335.0,145.56,2189.44
2024-12-26,Thu,2024-12-26,True,25,85.45,"[23700.1, 23867.45]",1,0,0,1,TIME 15:15,84.15,2103.75,97.44,2006.31
2025-01-02,Thu,2025-01-02,True,75,2.1,"[22997.5, 24301.75]",1,1,0,0,STOP LOSS,-2.2,-165.0,94.77,-259.77
2025-01-09,Thu,2025-01-09,True,75,51.7,"[23593.05, 24051.15]",1,1,2,2,STOP LOSS,-29.75,-2231.25,202.89,-2434.14
2025-01-16,Thu,2025-01-16,True,75,43.95,"[23225.05, 23342.95]",1,1,0,0,RANGE SL,2.9,217.5,100.43,117.07
2025-01-23,Thu,2025-01-23,True,75,60.2,"[23027.35, 23142.5]",1,1,0,0,STOP LOSS,-30.35,-2276.25,103.8,-2380.05
2025-01-30,Thu,2025-01-30,True,25,18.95,"[22477.45, 23504.85]",1,1,1,1,STOP LOSS,-12.55,-313.75,147.83,-461.58
2025-02-06,Thu,2025-02-06,True,75,64.1,"[23625.0, 23765.25]",1,0,3,3,TIME 15:15,41.2,3090.0,253.09,2836.91
2025-02-13,Thu,2025-02-13,True,75,72.4,"[22414.65, 23101.75]",1,1,1,1,STOP LOSS,-39.4,-2955.0,156.33,-3111.33
2025-02-20,Thu,2025-02-20,True,75,71.25,"[22726.35, 22959.65]",1,0,1,1,TIME 15:15,85.1,6382.5,152.02,6230.48
2025-02-27,Thu,2025-02-27,True,75,31.15,"[22556.7, 22659.0]",1,1,0,0,RANGE SL,-0.8,-60.0,98.77,-158.77
2025-03-06,Thu,2025-03-06,True,75,21.6,"[22051.0, 22508.95]",1,1,1,1,STOP LOSS,-19.25,-1443.75,149.79,-1593.54
2025-03-13,Thu,2025-03-13,True,75,40.75,"[22423.8, 22570.0]",1,0,1,2,TIME 15:15,34.4,2580.0,122.52,2457.48
2025-03-20,Thu,2025-03-20,True,75,54.3,"[22920.0, 23073.4]",1,1,0,0,STOP LOSS,-29.5,-2212.5,102.95,-2315.45
2025-03-27,Thu,2025-03-27,True,75,71.25,"[23317.8, 23554.0]",1,0,3,3,TIME 15:15,52.95,3971.25,253.78,3717.47
2025-04-03,Thu,2025-04-03,True,75,54.75,"[23132.3, 23284.8]",1,0,1,1,TIME 15:15,67.75,5081.25,154.51,4926.74
2025-04-09,Wed,2025-04-09,True,75,130.8,"[22385.35, 23185.0]",1,0,2,2,TIME 15:15,161.35,12101.25,209.1,11892.15
2025-04-17,Thu,2025-04-17,True,75,35.85,"[23257.5, 23435.0]",1,1,0,0,STOP LOSS,-21.35,-1601.25,100.11,-1701.36
2025-04-24,Thu,2025-04-24,True,75,41.2,"[24245.6, 24377.4]",1,0,1,1,TIME 15:15,35.85,2688.75,146.26,2542.49
2025-04-30,Wed,2025-04-30,True,75,39.9,"[24245.05, 24369.0]",1,1,0,0,STOP LOSS,-21.65,-1623.75,100.68,-1724.43
2025-05-08,Thu,2025-05-08,True,75,37.25,"[24347.05, 24459.95]",1,1,0,0,RANGE SL,12.4,930.0,99.18,830.82
2025-05-15,Thu,2025-05-15,True,75,71.05,"[24533.85, 24784.0]",1,1,1,1,STOP LOSS,-52.6,-3945.0,157.31,-4102.31
2025-05-22,Thu,2025-05-22,True,75,128.25,"[24590.0, 24863.55]",1,0,4,7,TIME 15:15,119.05,8928.75,313.39,8615.36
2025-05-29,Thu,2025-05-29,True,75,43.85,"[24701.2, 24994.7]",1,1,2,2,RANGE SL,52.55,3941.25,199.03,3742.22
2025-06-05,Thu,2025-06-05,True,75,45.15,"[24540.1, 24760.0]",1,1,0,0,STOP LOSS,-24.05,-1803.75,101.49,-1905.24
2025-06-12,Thu,2025-06-12,True,75,42.4,"[25052.0, 25265.95]",1,1,0,0,STOP LOSS,-23.15,-1736.25,101.09,-1837.34
2025-06-19,Thu,2025-06-19,True,75,76.4,"[24737.6, 24897.2]",1,0,0,0,TIME 15:15,75.0,5625.0,102.55,5522.45
2025-06-26,Thu,2025-06-26,True,75,58.05,"[25237.0, 25390.0]",1,1,0,0,STOP LOSS,-35.35,-2651.25,103.67,-2754.92
2025-07-03,Thu,2025-07-03,True,75,64.0,"[25435.15, 25573.25]",1,1,0,0,RANGE SL,9.45,708.75,103.01,605.74
2025-07-10,Thu,2025-07-10,True,75,51.85,"[25440.0, 25562.8]",1,1,1,1,STOP LOSS,-27.5,-2062.5,153.12,-2215.62
2025-07-17,Thu,2025-07-17,True,75,44.9,"[25128.0, 25240.3]",1,1,0,0,RANGE SL,11.35,851.25,100.28,750.97
2025-07-24,Thu,2025-07-24,True,75,38.1,"[25133.0, 25237.0]",1,1,0,0,STOP LOSS,-21.5,-1612.5,100.43,-1712.93
2025-07-31,Thu,2025-07-31,True,75,52.7,"[24530.35, 24757.4]",1,1,1,1,STOP LOSS,-32.75,-2456.25,155.77,-2612.02
2025-08-07,Thu,2025-08-07,True,75,57.6,"[24419.5, 24564.45]",1,1,0,0,RANGE SL,7.6,570.0,102.18,467.82
2025-08-14,Thu,2025-08-14,True,75,35.7,"[24562.7, 24743.4]",1,0,0,0,TIME 15:15,34.45,2583.75,98.23,2485.52
2025-08-21,Thu,2025-08-21,True,75,48.95,"[25049.65, 25158.8]",1,0,1,2,TIME 15:15,56.5,4237.5,149.36,4088.14
2025-08-28,Thu,2025-08-28,True,75,46.1,"[24526.1, 24775.0]",1,1,1,1,STOP LOSS,-27.1,-2032.5,151.3,-2183.8
2025-09-02,Tue,2025-09-02,True,75,22.95,"[24561.45, 24732.0]",1,1,0,0,STOP LOSS,-14.95,-1121.25,98.1,-1219.35
2025-09-09,Tue,2025-09-09,True,75,29.4,"[24764.7, 24929.95]",1,0,0,0,TIME 15:15,28.2,2115.0,97.56,2017.44
2025-09-16,Tue,2025-09-16,True,75,38.55,"[25052.0, 25150.0]",1,1,0,0,STOP LOSS,-20.95,-1571.25,100.47,-1671.72
2025-09-23,Tue,2025-09-23,True,75,22.45,"[25174.45, 25337.0]",1,1,0,0,STOP LOSS,-14.45,-1083.75,98.01,-1181.76
2025-09-30,Tue,2025-09-30,True,75,64.55,"[24628.35, 24752.4]",1,1,0,0,RANGE SL,-8.75,-656.25,103.69,-759.94
2025-10-07,Tue,2025-10-07,True,75,59.0,"[25040.35, 25159.0]",1,1,0,0,STOP LOSS,-32.0,-2400.0,103.7,-2503.7
2025-10-14,Tue,2025-10-14,True,75,57.3,"[25244.05, 25372.9]",1,1,0,0,RANGE SL,-13.8,-1035.0,102.85,-1137.85
2025-10-20,Mon,2025-10-20,True,75,34.35,"[25866.1, 26105.2]",1,1,0,0,STOP LOSS,-19.45,-1458.75,99.84,-1558.59
2025-10-28,Tue,2025-10-28,True,75,61.65,"[25910.0, 26077.85]",1,1,0,0,RANGE SL,-12.5,-937.5,103.41,-1040.91
2025-11-04,Tue,2025-11-04,True,75,46.8,"[25632.2, 25849.0]",1,0,2,2,TIME 15:15,14.45,1083.75,198.76,884.99
2025-11-11,Tue,2025-11-11,True,75,47.2,"[25511.9, 25682.8]",1,1,2,2,RANGE SL,10.6,795.0,199.53,595.47
2025-11-18,Tue,2025-11-18,True,75,44.3,"[25832.0, 26045.0]",1,0,0,0,TIME 15:15,43.0,3225.0,99.14,3125.86
2025-11-25,Tue,2025-11-25,True,75,39.05,"[25833.0, 26043.75]",1,1,1,4,STOP LOSS,-27.5,-2062.5,151.03,-2213.53
2025-12-02,Tue,2025-12-02,True,75,33.2,"[26064.0, 26251.15]",1,1,0,0,RANGE SL,-13.8,-1035.0,99.49,-1134.49
2025-12-09,Tue,2025-12-09,True,75,40.0,"[25736.1, 25940.95]",1,1,0,0,STOP LOSS,-24.1,-1807.5,100.78,-1908.28
2025-12-16,Tue,2025-12-16,True,75,32.55,"[25852.0, 26042.0]",1,0,1,1,TIME 15:15,45.05,3378.75,147.19,3231.56
2025-12-23,Tue,2025-12-23,True,75,27.3,"[26050.0, 26231.9]",1,0,1,1,TIME 15:15,32.0,2400.0,145.45,2254.55
2025-12-30,Tue,2025-12-30,True,75,29.3,"[25820.1, 25941.9]",1,1,0,0,STOP LOSS,-17.85,-1338.75,99.08,-1437.83
2026-01-06,Tue,2026-01-06,True,65,26.3,"[26173.2, 26350.0]",1,1,1,1,STOP LOSS,-13.6,-884.0,147.07,-1031.07
2026-01-13,Tue,2026-01-13,True,65,49.35,"[25752.0, 25945.35]",1,1,0,0,STOP LOSS,-26.6,-1729.0,101.14,-1830.14
2026-01-20,Tue,2026-01-20,True,65,39.3,"[25453.2, 25643.95]",1,1,0,0,STOP LOSS,-22.7,-1475.5,99.81,-1575.31
2026-01-27,Tue,2026-01-27,True,65,74.05,"[24865.65, 25193.55]",1,0,1,1,TIME 15:15,81.6,5304.0,150.5,5153.5
2026-02-03,Tue,2026-02-03,True,65,93.2,"[24538.35, 26022.6]",1,0,5,5,TIME 15:15,88.45,5749.25,341.13,5408.12
2026-02-10,Tue,2026-02-10,True,65,33.85,"[25816.3, 25979.0]",1,0,1,1,TIME 15:15,36.85,2395.25,146.39,2248.86
2026-02-17,Tue,2026-02-17,True,65,46.05,"[25482.0, 25665.0]",1,1,0,0,STOP LOSS,-23.55,-1530.75,100.65,-1631.4
2026-02-24,Tue,2026-02-24,True,65,58.6,"[25483.3, 25680.45]",1,1,1,1,STOP LOSS,-29.7,-1930.5,151.97,-2082.47
2026-03-02,Mon,2026-03-02,True,65,54.2,"[24380.05, 25040.0]",1,1,1,1,STOP LOSS,-30.2,-1963.0,157.64,-2120.64
2026-03-10,Tue,2026-03-10,True,65,68.7,"[23830.95, 24250.75]",1,0,3,3,TIME 15:15,62.8,4082.0,244.66,3837.34
2026-03-17,Tue,2026-03-17,True,65,63.35,"[23310.15, 23612.55]",1,0,2,2,TIME 15:15,58.8,3822.0,194.94,3627.06
2026-03-24,Tue,2026-03-24,True,65,40.75,"[22424.1, 23039.75]",1,1,1,3,STOP LOSS,-24.1,-1566.5,154.26,-1720.76
2026-03-30,Mon,2026-03-30,True,65,116.1,"[22475.55, 23149.9]",1,1,5,6,STOP LOSS,-64.1,-4166.5,354.9,-4521.4
2026-04-07,Tue,2026-04-07,True,65,23.7,"[21951.8, 23003.5]",1,1,2,2,STOP LOSS,-13.1,-851.5,198.21,-1049.71
2026-04-13,Mon,2026-04-13,True,65,53.1,"[23484.25, 24066.0]",1,1,2,2,STOP LOSS,-28.95,-1881.75,204.74,-2086.49
2026-04-21,Tue,2026-04-21,True,65,49.45,"[24349.05, 24623.5]",1,0,2,2,TIME 15:15,68.75,4468.75,197.55,4271.2
2026-04-28,Tue,2026-04-28,True,65,46.85,"[23945.4, 24164.9]",1,1,2,2,STOP LOSS,-27.4,-1781.0,199.44,-1980.44
2026-05-05,Tue,2026-05-05,True,65,76.5,"[23883.6, 24100.0]",1,1,2,3,RANGE SL,27.35,1777.75,202.15,1575.6
2026-05-12,Tue,2026-05-12,True,65,53.75,"[23685.0, 24069.55]",1,1,1,1,STOP LOSS,-30.4,-1976.0,151.3,-2127.3
2026-05-19,Tue,2026-05-19,True,65,65.9,"[23604.05, 23807.0]",1,0,1,2,TIME 15:15,45.65,2967.25,150.38,2816.87
2026-05-26,Tue,2026-05-26,True,65,42.4,"[23911.0, 24079.7]",1,1,2,3,STOP LOSS,-21.85,-1420.25,196.05,-1616.3
2026-06-02,Tue,2026-06-02,True,65,51.55,"[23127.0, 23347.95]",1,1,1,1,STOP LOSS,-35.1,-2281.5,151.96,-2433.46
2026-06-09,Tue,2026-06-09,True,65,36.35,"[23142.0, 23389.95]",1,1,1,1,STOP LOSS,-23.3,-1514.5,148.64,-1663.14
2026-06-16,Tue,2026-06-16,True,65,37.85,"[23858.7, 24069.95]",1,0,0,0,TIME 15:15,36.7,2385.5,97.91,2287.59
2026-06-23,Tue,2026-06-23,True,65,21.45,"[23946.0, 24128.0]",1,1,1,1,STOP LOSS,-14.75,-958.75,146.59,-1105.34
2026-06-30,Tue,2026-06-30,True,65,79.05,"[23926.0, 24097.35]",1,1,1,1,STOP LOSS,-41.25,-2681.25,155.04,-2836.29
2026-07-07,Tue,2026-07-07,True,65,24.85,"[24366.0, 24544.9]",1,1,1,2,STOP LOSS,-16.25,-1056.25,147.27,-1203.52
2026-07-14,Tue,2026-07-14,True,65,47.7,"[23916.65, 24155.75]",1,0,1,4,TIME 15:15,56.8,3692.0,147.85,3544.15
2026-07-21,Tue,2026-07-21,True,65,29.55,"[24157.55, 24369.0]",1,0,1,1,TIME 15:15,40.9,2658.5,146.04,2512.46
2026-07-28,Tue,2026-07-28,True,65,43.6,"[23920.0, 24064.9]",1,0,0,0,TIME 15:15,42.4,2756.0,98.45,2657.55
2026-08-04,Tue,2026-08-04,True,65,41.4,"[24520.05, 24656.0]",1,1,0,0,RANGE SL,-5.15,-334.75,99.55,-434.3
2026-08-11,Tue,2026-08-11,True,65,59.4,"[24427.1, 24664.45]",1,0,1,2,TIME 15:15,62.45,4059.25,151.78,3907.47
2026-08-18,Tue,2026-08-18,True,65,19.55,"[24151.2, 24332.9]",1,0,1,1,TIME 15:15,17.7,1150.5,145.44,1005.06
2026-08-25,Tue,2026-08-25,True,65,22.9,"[24058.0, 24229.2]",1,1,1,1,RANGE SL,1.2,78.0,147.33,-69.33
2026-09-01,Tue,2026-09-01,True,65,23.1,"[23952.0, 24135.8]",1,1,0,0,STOP LOSS,-12.55,-815.75,97.55,-913.3
2026-09-08,Tue,2026-09-08,True,65,43.45,"[23622.65, 23749.25]",1,0,1,1,TIME 15:15,19.5,1267.5,149.21,1118.29
2026-09-15,Tue,2026-09-15,True,65,50.45,"[23387.05, 23564.0]",1,1,0,1,STOP LOSS,-28.3,-1839.5,101.32,-1940.82
2026-09-22,Tue,2026-09-22,True,65,32.25,"[23358.35, 23540.7]",1,1,0,0,STOP LOSS,-17.4,-1131.0,98.8,-1229.8
