stage,split,n_obs,unique_dates,unique_expiries,share_expiry_day,median_T_days,share_10_00,share_13_00,share_15_00,share_year_2021_22,share_year_2025_26,median_recent_rv20_pct,median_f5_hybrid_rv_pct,share_of_primary_with_valid_target
S0 all attempted snapshot-expiry groups (Stage 2A),all,21723,1268,262,0.0359,20.103,0.3333,0.3333,0.3333,0.3059,0.3225,11.977,11.345,
S0 all attempted snapshot-expiry groups (Stage 2A),dev,14718,834,174,0.0342,21.02,0.3333,0.3333,0.3333,0.4515,0.0,12.22,11.622,
S0 all attempted snapshot-expiry groups (Stage 2A),holdout,7005,434,93,0.0394,19.02,0.3333,0.3333,0.3333,0.0,1.0,11.587,11.036,
S1 option bars and spot bar present (forward attempted),all,21079,1240,262,0.037,20.02,0.3318,0.335,0.3333,0.2897,0.3309,11.966,11.326,
S1 option bars and spot bar present (forward attempted),dev,14104,807,174,0.0357,20.103,0.3315,0.3356,0.333,0.4329,0.0,12.208,11.561,
S1 option bars and spot bar present (forward attempted),holdout,6975,433,93,0.0396,19.02,0.3323,0.3338,0.3339,0.0,1.0,11.587,11.036,
S2 forward status OK,all,13901,1240,262,0.056,13.103,0.3346,0.3372,0.3282,0.2314,0.3698,11.614,11.06,
S2 forward status OK,dev,8760,807,174,0.0574,13.02,0.3347,0.3395,0.3258,0.3672,0.0,11.897,11.158,
S2 forward status OK,holdout,5141,433,93,0.0537,13.228,0.3344,0.3332,0.3324,0.0,1.0,11.234,10.757,
S3 forward OK and <=14 calendar days to expiry,all,7384,1239,262,0.1055,6.228,0.3338,0.334,0.3322,0.2528,0.3539,11.808,11.222,
S3 forward OK and <=14 calendar days to expiry,dev,4771,806,171,0.1054,6.228,0.3339,0.3341,0.332,0.3913,0.0,12.06,11.339,
S3 forward OK and <=14 calendar days to expiry,holdout,2613,433,93,0.1056,6.228,0.3337,0.3337,0.3326,0.0,1.0,11.513,11.061,
S4 primary: reliable strict ATM IV (final IV observations),all,7384,1239,262,0.1055,6.228,0.3338,0.334,0.3322,0.2528,0.3539,11.808,11.222,
S4 primary: reliable strict ATM IV (final IV observations),dev,4771,806,171,0.1054,6.228,0.3339,0.3341,0.332,0.3913,0.0,12.06,11.339,
S4 primary: reliable strict ATM IV (final IV observations),holdout,2613,433,93,0.1056,6.228,0.3337,0.3337,0.3326,0.0,1.0,11.513,11.061,
S4b loose-only: loose ATM IV where strict unavailable,all,0,0,0,,,,,,,,,,
S4b loose-only: loose ATM IV where strict unavailable,dev,0,0,0,,,,,,,,,,
S4b loose-only: loose ATM IV where strict unavailable,holdout,0,0,0,,,,,,,,,,
DIAG forward OK and >14 DTE (excluded from primary statistics),all,6517,1226,262,0.0,21.11,0.3354,0.3408,0.3238,0.2072,0.3879,11.353,10.794,
DIAG forward OK and >14 DTE (excluded from primary statistics),dev,3989,800,174,0.0,21.103,0.3357,0.346,0.3184,0.3384,0.0,11.636,10.968,
DIAG forward OK and >14 DTE (excluded from primary statistics),holdout,2528,426,91,0.0,21.228,0.335,0.3327,0.3323,0.0,1.0,11.037,10.622,
"DIAG forward OK, >14 DTE, strict ATM available (excluded)",all,5230,1210,262,0.0,20.228,0.3489,0.321,0.33,0.2101,0.3849,11.38,10.818,
"DIAG forward OK, >14 DTE, strict ATM available (excluded)",dev,3217,789,173,0.0,20.228,0.35,0.3248,0.3251,0.3416,0.0,11.71,11.015,
"DIAG forward OK, >14 DTE, strict ATM available (excluded)",holdout,2013,421,91,0.0,20.228,0.3472,0.315,0.3378,0.0,1.0,11.037,10.626,
S5 final IV-vs-RV sample: EXP / hybrid,all,6490,1224,260,0.0,7.103,0.3334,0.3342,0.3324,0.2484,0.3555,11.801,,0.8789
S5 final IV-vs-RV sample: EXP / hybrid,dev,4183,795,170,0.0,7.103,0.3333,0.3344,0.3323,0.3854,0.0,12.025,,0.8768
S5 final IV-vs-RV sample: EXP / hybrid,holdout,2307,429,92,0.0,7.103,0.3338,0.3338,0.3325,0.0,1.0,11.541,,0.8829
S5 final IV-vs-RV sample: EXP / intraday,all,6490,1224,260,0.0,7.103,0.3334,0.3342,0.3324,0.2484,0.3555,11.801,,0.8789
S5 final IV-vs-RV sample: EXP / intraday,dev,4183,795,170,0.0,7.103,0.3333,0.3344,0.3323,0.3854,0.0,12.025,,0.8768
S5 final IV-vs-RV sample: EXP / intraday,holdout,2307,429,92,0.0,7.103,0.3338,0.3338,0.3325,0.0,1.0,11.541,,0.8829
S5 final IV-vs-RV sample: F1 / close_to_close,all,7369,1236,262,0.1057,6.228,0.3338,0.334,0.3322,0.2534,0.3526,11.808,,0.998
S5 final IV-vs-RV sample: F1 / close_to_close,dev,4771,806,171,0.1054,6.228,0.3339,0.3341,0.332,0.3913,0.0,12.06,,1.0
S5 final IV-vs-RV sample: F1 / close_to_close,holdout,2598,430,93,0.1062,6.228,0.3337,0.3337,0.3326,0.0,1.0,11.518,,0.9943
S5 final IV-vs-RV sample: F1 / hybrid,all,7347,1232,262,0.106,6.228,0.3339,0.3339,0.3322,0.2519,0.3536,11.808,,0.995
S5 final IV-vs-RV sample: F1 / hybrid,dev,4749,802,171,0.1059,6.228,0.334,0.334,0.3321,0.3898,0.0,12.059,,0.9954
S5 final IV-vs-RV sample: F1 / hybrid,holdout,2598,430,93,0.1062,6.228,0.3337,0.3337,0.3326,0.0,1.0,11.518,,0.9943
S5 final IV-vs-RV sample: F1 / intraday,all,7347,1232,262,0.106,6.228,0.3339,0.3339,0.3322,0.2519,0.3536,11.808,,0.995
S5 final IV-vs-RV sample: F1 / intraday,dev,4749,802,171,0.1059,6.228,0.334,0.334,0.3321,0.3898,0.0,12.059,,0.9954
S5 final IV-vs-RV sample: F1 / intraday,holdout,2598,430,93,0.1062,6.228,0.3337,0.3337,0.3326,0.0,1.0,11.518,,0.9943
S5 final IV-vs-RV sample: F10 / close_to_close,all,7315,1227,261,0.1057,6.228,0.3338,0.334,0.3322,0.2552,0.3478,11.824,,0.9907
S5 final IV-vs-RV sample: F10 / close_to_close,dev,4771,806,171,0.1054,6.228,0.3339,0.3341,0.332,0.3913,0.0,12.06,,1.0
S5 final IV-vs-RV sample: F10 / close_to_close,holdout,2544,421,92,0.1061,6.228,0.3337,0.3337,0.3325,0.0,1.0,11.587,,0.9736
S5 final IV-vs-RV sample: F10 / hybrid,all,7093,1189,259,0.1056,6.228,0.3339,0.334,0.3322,0.2387,0.3587,11.743,,0.9606
S5 final IV-vs-RV sample: F10 / hybrid,dev,4549,768,169,0.1053,6.228,0.3339,0.3341,0.3319,0.3722,0.0,11.943,,0.9535
S5 final IV-vs-RV sample: F10 / hybrid,holdout,2544,421,92,0.1061,6.228,0.3337,0.3337,0.3325,0.0,1.0,11.587,,0.9736
S5 final IV-vs-RV sample: F10 / intraday,all,7093,1189,259,0.1056,6.228,0.3339,0.334,0.3322,0.2387,0.3587,11.743,,0.9606
S5 final IV-vs-RV sample: F10 / intraday,dev,4549,768,169,0.1053,6.228,0.3339,0.3341,0.3319,0.3722,0.0,11.943,,0.9535
S5 final IV-vs-RV sample: F10 / intraday,holdout,2544,421,92,0.1061,6.228,0.3337,0.3337,0.3325,0.0,1.0,11.587,,0.9736
S5 final IV-vs-RV sample: F20 / close_to_close,all,7255,1217,258,0.1057,6.228,0.3338,0.334,0.3322,0.2573,0.3424,11.879,,0.9825
S5 final IV-vs-RV sample: F20 / close_to_close,dev,4771,806,171,0.1054,6.228,0.3339,0.3341,0.332,0.3913,0.0,12.06,,1.0
S5 final IV-vs-RV sample: F20 / close_to_close,holdout,2484,411,89,0.1063,6.228,0.3337,0.3337,0.3325,0.0,1.0,11.652,,0.9506
S5 final IV-vs-RV sample: F20 / hybrid,all,6796,1139,247,0.1058,6.228,0.3339,0.3339,0.3323,0.2231,0.3655,11.806,,0.9204
S5 final IV-vs-RV sample: F20 / hybrid,dev,4312,728,160,0.1055,6.228,0.334,0.334,0.3321,0.3516,0.0,11.943,,0.9038
S5 final IV-vs-RV sample: F20 / hybrid,holdout,2484,411,89,0.1063,6.228,0.3337,0.3337,0.3325,0.0,1.0,11.652,,0.9506
S5 final IV-vs-RV sample: F20 / intraday,all,6796,1139,247,0.1058,6.228,0.3339,0.3339,0.3323,0.2231,0.3655,11.806,,0.9204
S5 final IV-vs-RV sample: F20 / intraday,dev,4312,728,160,0.1055,6.228,0.334,0.334,0.3321,0.3516,0.0,11.943,,0.9038
S5 final IV-vs-RV sample: F20 / intraday,holdout,2484,411,89,0.1063,6.228,0.3337,0.3337,0.3325,0.0,1.0,11.652,,0.9506
S5 final IV-vs-RV sample: F5 / close_to_close,all,7345,1232,262,0.1057,6.228,0.3338,0.334,0.3322,0.2542,0.3504,11.809,,0.9947
S5 final IV-vs-RV sample: F5 / close_to_close,dev,4771,806,171,0.1054,6.228,0.3339,0.3341,0.332,0.3913,0.0,12.06,,1.0
S5 final IV-vs-RV sample: F5 / close_to_close,holdout,2574,426,93,0.1061,6.228,0.3337,0.3337,0.3326,0.0,1.0,11.548,,0.9851
S5 final IV-vs-RV sample: F5 / hybrid,all,7240,1213,262,0.1055,6.228,0.3338,0.334,0.3322,0.2467,0.3555,11.795,,0.9805
S5 final IV-vs-RV sample: F5 / hybrid,dev,4666,787,171,0.1052,6.228,0.3339,0.3341,0.332,0.3828,0.0,11.983,,0.978
S5 final IV-vs-RV sample: F5 / hybrid,holdout,2574,426,93,0.1061,6.228,0.3337,0.3337,0.3326,0.0,1.0,11.548,,0.9851
S5 final IV-vs-RV sample: F5 / intraday,all,7240,1213,262,0.1055,6.228,0.3338,0.334,0.3322,0.2467,0.3555,11.795,,0.9805
S5 final IV-vs-RV sample: F5 / intraday,dev,4666,787,171,0.1052,6.228,0.3339,0.3341,0.332,0.3828,0.0,11.983,,0.978
S5 final IV-vs-RV sample: F5 / intraday,holdout,2574,426,93,0.1061,6.228,0.3337,0.3337,0.3326,0.0,1.0,11.548,,0.9851
