obs_id,population,split,day,time,observation_ts_ist,expiry,expiry_day,T_days,dte_bucket,spot,forward,iv_pct,atm_halfwidth_volpts,resolution_sensitive,recent_rv20_pct,snapshot_to_expiry_has_weekend,horizon,measure,target_available,unavailable_reason,future_rv_pct,n_valid_sessions,n_returns,session_equivalents,complete,target_start_ts,target_end_ts,includes_overnight,includes_partial_first_session,annualization,rv_total_variance,iv_minus_rv,iv_over_rv,ratio_valid,abs_err,sq_err,iv_total_variance,total_variance_diff,time_basis_ratio,rv_calendar_basis_pct,iv_minus_rv_calendar_basis,iv_quartile,recent_rv_regime,future_rv_quartile
2021-10-07T15:00_2021-10-14,primary,dev,2021-10-07,15:00,2021-10-07T15:01:00+05:30,2021-10-14,False,7.020138888888889,7-14d,17804.7,17821.58320014624,12.64281681042718,0.002546746200741486,False,,True,F10,hybrid,True,,13.445468427334864,10,3760,10.0,True,2021-10-07T15:30:00+05:30,2021-10-22T15:30:00+05:30,True,False,"sqrt(252 * mean variance per session-equivalent), percent",0.0007173834175811853,-0.8026516169076849,0.9403031868137907,True,0.8026516169076849,0.644249618124521,,,,,,Q2,unknown,Q3
2021-11-02T10:00_2021-11-03,primary,dev,2021-11-02,10:00,2021-11-02T10:01:00+05:30,2021-11-03,False,1.2284722222222222,1-3d,17943.3,17955.35976654033,20.3950280219733,0.006033462361934396,False,,False,EXP,intraday,True,,11.209990037725815,1,704,1.8773333333333333,True,2021-11-02T10:01:00+05:30,2021-11-03T15:30:00+05:30,False,True,"sqrt(252 * mean variance per session-equivalent), percent",9.361626366002332e-05,9.185037984247485,1.8193618329129992,True,9.185037984247485,84.3649227720691,0.00013999776069676702,4.63814970367437e-05,0.45178481086550437,16.677825049666133,3.7172029723071667,Q4 high,unknown,Q3
2021-11-02T13:00_2021-11-03,primary,dev,2021-11-02,13:00,2021-11-02T13:01:00+05:30,2021-11-03,False,1.1034722222222222,1-3d,17904.9,17911.34731739197,20.62358552428077,0.006399107880439349,False,,False,EXP,hybrid,True,,12.392091838740356,1,525,1.3973333333333333,True,2021-11-02T13:01:00+05:30,2021-11-03T15:30:00+05:30,True,True,"sqrt(252 * mean variance per session-equivalent), percent",8.515079855369554e-05,8.231493685540414,1.6642537670522248,True,8.231493685540414,67.7574882950917,0.00012858694686549978,4.343614831180424e-05,0.5452165899822232,16.78263279399088,3.8409527302898887,Q4 high,unknown,Q3
2021-11-24T15:00_2021-11-25,primary,dev,2021-11-24,15:00,2021-11-24T15:01:00+05:30,2021-11-25,False,1.020138888888889,1-3d,17471.2,17469.13076863513,16.53256429035422,0.0068750400705422455,False,,False,F20,hybrid,False,incomplete_or_missing_session_in_window,,0,0,,False,,,True,False,"sqrt(252 * mean variance per session-equivalent), percent",,,,,,,,,,,,Q3,unknown,
2021-11-30T10:00_2021-12-02,primary,dev,2021-11-30,10:00,2021-11-30T10:01:00+05:30,2021-12-02,False,2.2284722222222224,1-3d,17252.1,17245.00793859947,20.321225943358208,0.0046592456112989344,False,,False,F20,hybrid,False,incomplete_or_missing_session_in_window,,0,0,,False,,,True,False,"sqrt(252 * mean variance per session-equivalent), percent",,,,,,,,,,,,Q4 high,unknown,
2021-11-30T10:00_2021-12-09,primary,dev,2021-11-30,10:00,2021-11-30T10:01:00+05:30,2021-12-09,False,9.22847222222222,7-14d,17252.1,17253.33231615373,17.40776275335188,0.002289015048323653,False,,True,F5,hybrid,True,,15.169195197603225,5,1880,5.0,True,2021-11-30T15:30:00+05:30,2021-12-07T15:30:00+05:30,True,False,"sqrt(252 * mean variance per session-equivalent), percent",0.0004565565137757714,2.238567555748654,1.1475732579472875,True,2.238567555748654,5.011184701650503,,,,,,Q3,unknown,Q4 high
2021-12-15T10:00_2021-12-16,primary,dev,2021-12-15,10:00,2021-12-15T10:01:00+05:30,2021-12-16,False,1.2284722222222222,1-3d,17240.8,17242.11780718152,22.03058175744499,0.006287378654204291,False,15.740370384807592,False,F10,hybrid,False,incomplete_or_missing_session_in_window,,0,0,,False,,,True,False,"sqrt(252 * mean variance per session-equivalent), percent",,,,,,,,,,,,Q4 high,high-vol,
2022-02-01T13:00_2022-02-03,primary,dev,2022-02-01,13:00,2022-02-01T13:01:00+05:30,2022-02-03,False,2.103472222222222,1-3d,17524.6,17520.02313606097,31.905930911854906,0.004721649711950872,False,15.552798903497363,False,F10,hybrid,True,,17.55483776031051,10,3760,10.0,True,2022-02-01T15:30:00+05:30,2022-02-15T15:30:00+05:30,True,False,"sqrt(252 * mean variance per session-equivalent), percent",0.001222906066630253,14.351093151544397,1.8175007566284997,True,14.351093151544397,205.9538746443045,,,,,,Q4 high,high-vol,Q4 high
2022-02-01T15:00_2022-02-10,primary,dev,2022-02-01,15:00,2022-02-01T15:01:00+05:30,2022-02-10,False,9.020138888888887,7-14d,17531.2,17537.409413898917,22.53858681263118,0.0022784307150270533,False,15.552798903497363,True,EXP,intraday,True,,12.608710944098256,7,2654,7.077333333333334,True,2022-02-01T15:01:00+05:30,2022-02-10T15:30:00+05:30,False,True,"sqrt(252 * mean variance per session-equivalent), percent",0.0004464887156582208,9.929875868532925,1.7875409240927036,True,9.929875868532925,98.6024347644725,0.001255375718186081,0.0008088870025278601,0.8799363328550338,13.441417273547707,9.097169539083474,Q4 high,high-vol,Q4 high
2022-03-03T13:00_2022-03-10,primary,dev,2022-03-03,13:00,2022-03-03T13:01:00+05:30,2022-03-10,False,7.103472222222222,7-14d,16523.2,16503.1039239873,30.349643209860588,0.0027263904590295904,False,23.402153240668152,True,F20,hybrid,False,incomplete_or_missing_session_in_window,,0,0,,False,,,True,False,"sqrt(252 * mean variance per session-equivalent), percent",,,,,,,,,,,,Q4 high,high-vol,
2022-03-08T10:00_2022-03-17,primary,dev,2022-03-08,10:00,2022-03-08T10:01:00+05:30,2022-03-17,False,9.22847222222222,7-14d,15826.8,15840.632774060472,33.70063947119124,0.002493574825340004,False,,True,F10,hybrid,True,,21.391786746870313,10,3760,10.0,True,2022-03-08T15:30:00+05:30,2022-03-23T15:30:00+05:30,True,False,"sqrt(252 * mean variance per session-equivalent), percent",0.0018159069056491127,12.308852724320925,1.5754008709030232,True,12.308852724320925,151.50785538902267,,,,,,Q4 high,unknown,Q4 high
2022-03-28T13:00_2022-04-07,primary,dev,2022-03-28,13:00,2022-03-28T13:01:00+05:30,2022-04-07,False,10.103472222222225,7-14d,17200.9,17280.514973115518,22.16409796198828,0.002185536473793569,False,,True,F5,hybrid,True,,13.553205224510656,5,1880,5.0,True,2022-03-28T15:30:00+05:30,2022-04-04T15:30:00+05:30,True,False,"sqrt(252 * mean variance per session-equivalent), percent",0.0003644630394002042,8.610892737477624,1.6353399505753092,True,8.610892737477624,74.14747373634488,,,,,,Q4 high,unknown,Q3
2022-04-18T15:00_2022-04-21,primary,dev,2022-04-18,15:00,2022-04-18T15:01:00+05:30,2022-04-21,False,3.0201388888888894,3-7d,17164.4,17176.662451672226,20.42161043637072,0.004025331583313536,False,14.984225617886493,False,F20,hybrid,True,,20.204728712162495,20,7520,20.0,True,2022-04-18T15:30:00+05:30,2022-05-17T15:30:00+05:30,True,False,"sqrt(252 * mean variance per session-equivalent), percent",0.0032399290661276467,0.21688172420822482,1.0107342061998423,True,0.21688172420822482,0.04703768229553249,,,,,,Q4 high,high-vol,Q4 high
2022-04-28T15:00_2022-04-28,primary,dev,2022-04-28,15:00,2022-04-28T15:01:00+05:30,2022-04-28,True,0.0201388888888888,<=1d,17291.7,17291.399879497498,20.29873706592554,0.06116332466882886,False,15.953362416165476,False,F10,hybrid,True,,22.445542387226094,10,3760,10.0,True,2022-04-28T15:30:00+05:30,2022-05-13T15:30:00+05:30,True,False,"sqrt(252 * mean variance per session-equivalent), percent",0.001999215766098267,-2.1468053213005547,0.904354936750278,True,2.1468053213005547,4.608773087564378,,,,,,Q4 high,high-vol,Q4 high
2022-05-16T15:00_2022-05-19,primary,dev,2022-05-16,15:00,2022-05-16T15:01:00+05:30,2022-05-19,False,3.0201388888888894,3-7d,15841.6,15841.120225448703,26.50196244704506,0.004356873799367153,False,20.695363696472988,False,F5,hybrid,True,,22.615105753092983,5,1880,5.0,True,2022-05-16T15:30:00+05:30,2022-05-23T15:30:00+05:30,True,False,"sqrt(252 * mean variance per session-equivalent), percent",0.0010147678734594829,3.886856693952076,1.171869932265096,True,3.886856693952076,15.107654959320064,,,,,,Q4 high,high-vol,Q4 high
2022-05-31T10:00_2022-06-09,primary,dev,2022-05-31,10:00,2022-05-31T10:01:00+05:30,2022-06-09,False,9.22847222222222,7-14d,16575.7,16570.952301445956,19.86371763688827,0.0023851533709050112,False,21.244911063345583,True,EXP,intraday,True,,11.372822321159143,7,2954,7.8773333333333335,True,2022-05-31T10:01:00+05:30,2022-06-09T15:30:00+05:30,False,True,"sqrt(252 * mean variance per session-equivalent), percent",0.00040431065885579757,8.490895315729128,1.7465952668522582,True,8.490895315729128,72.09530326267085,0.0009976036077054427,0.0005932929488496452,0.8088318833993375,12.645590760492276,7.218126876395996,Q4 high,high-vol,Q4 high
2022-06-01T10:00_2022-06-02,primary,dev,2022-06-01,10:00,2022-06-01T10:01:00+05:30,2022-06-02,False,1.2284722222222222,1-3d,16560.2,16560.013127577455,25.61105445810027,0.006546200340404202,False,20.893000917470985,False,F20,hybrid,True,,18.341195970393287,20,7520,20.0,True,2022-06-01T15:30:00+05:30,2022-06-29T15:30:00+05:30,True,False,"sqrt(252 * mean variance per session-equivalent), percent",0.002669837060510881,7.269858487706983,1.3963677450173986,True,7.269858487706983,52.850842431285265,,,,,,Q4 high,high-vol,Q4 high
2022-06-10T15:00_2022-06-23,primary,dev,2022-06-10,15:00,2022-06-10T15:01:00+05:30,2022-06-23,False,13.02013888888889,7-14d,16211.8,16230.187012960529,18.5107528154798,0.0020512571033634336,False,17.852547699326458,True,F1,hybrid,True,,33.293630700403035,1,376,1.0,True,2022-06-10T15:30:00+05:30,2022-06-13T15:30:00+05:30,True,False,"sqrt(252 * mean variance per session-equivalent), percent",0.0004398673988947697,-14.782877884923234,0.5559848062847564,True,14.782877884923234,218.53347856055242,,,,,,Q4 high,high-vol,Q4 high
2022-06-27T10:00_2022-07-07,primary,dev,2022-06-27,10:00,2022-06-27T10:01:00+05:30,2022-07-07,False,10.22847222222222,7-14d,15880.8,15884.01640851836,20.7943136037552,0.0023634793614769824,False,17.62144825433161,True,F1,hybrid,True,,13.026576890848693,1,376,1.0,True,2022-06-27T15:30:00+05:30,2022-06-28T15:30:00+05:30,True,False,"sqrt(252 * mean variance per session-equivalent), percent",6.733797837031477e-05,7.7677367129065065,1.5962991488856464,True,7.7677367129065065,60.33773364103558,,,,,,Q4 high,high-vol,Q3
2022-06-27T15:00_2022-06-30,primary,dev,2022-06-27,15:00,2022-06-27T15:01:00+05:30,2022-06-30,False,3.0201388888888894,3-7d,15834.7,15838.705484862166,22.125515036884067,0.004361404911770162,False,17.62144825433161,False,EXP,intraday,True,,11.611102032450495,3,1154,3.0773333333333333,True,2022-06-27T15:01:00+05:30,2022-06-30T15:30:00+05:30,False,True,"sqrt(252 * mean variance per session-equivalent), percent",0.00016463451294265006,10.514413004433573,1.9055482395252479,True,10.514413004433573,110.55288082780183,0.00040506137169909985,0.00024042685875644979,0.6775791766577243,14.10566014765337,8.019854889230697,Q4 high,high-vol,Q4 high
2022-07-14T13:00_2022-07-14,primary,dev,2022-07-14,13:00,2022-07-14T13:01:00+05:30,2022-07-14,True,0.1034722222222222,<=1d,15992.2,15989.95073614786,33.93343988980917,0.02385514497183492,False,16.36042198707809,False,F5,hybrid,True,,14.673187018393216,5,1880,5.0,True,2022-07-14T15:30:00+05:30,2022-07-21T15:30:00+05:30,True,False,"sqrt(252 * mean variance per session-equivalent), percent",0.00042718733586655396,19.260252871415958,2.3126155106775874,True,19.260252871415958,370.95734067088665,,,,,,Q4 high,high-vol,Q4 high
2022-08-05T15:00_2022-08-11,primary,dev,2022-08-05,15:00,2022-08-05T15:01:00+05:30,2022-08-11,False,6.020138888888888,3-7d,17411.4,17420.41472397434,15.74422508921908,0.002811012786033928,False,12.88532631503046,True,EXP,hybrid,True,,12.969801594446547,3,1157,3.0773333333333333,True,2022-08-05T15:01:00+05:30,2022-08-11T15:30:00+05:30,True,True,"sqrt(252 * mean variance per session-equivalent), percent",0.00020541902584423455,2.774423494772533,1.2139141045889625,True,2.774423494772533,7.697425728345834,0.00040884268008152606,0.0002034236542372915,1.3506401201301013,11.159982394290298,4.584242694928783,Q3,mid-vol,Q3
2022-08-11T15:00_2022-08-18,primary,dev,2022-08-11,15:00,2022-08-11T15:01:00+05:30,2022-08-18,False,7.020138888888889,7-14d,17663.2,17679.555753811066,13.85441394178288,0.002565840922601152,False,12.564459327999147,True,EXP,intraday,True,,6.361544016698412,4,1529,4.077333333333334,True,2022-08-11T15:01:00+05:30,2022-08-18T15:30:00+05:30,False,True,"sqrt(252 * mean variance per session-equivalent), percent",6.54788057572512e-05,7.492869925084468,2.177838258356217,True,7.492869925084468,56.143099714235326,0.00036917234367213434,0.00030369353791488316,1.1887134128313788,5.834772870006636,8.019641071776245,Q2,mid-vol,Q1 low
2022-08-16T10:00_2022-08-18,primary,dev,2022-08-16,10:00,2022-08-16T10:01:00+05:30,2022-08-18,False,2.2284722222222224,1-3d,17823.2,17825.610565007133,15.19340481506969,0.004532474949299295,False,12.770566227760414,False,F20,hybrid,True,,16.346979015764685,20,7520,20.0,True,2022-08-16T15:30:00+05:30,2022-09-14T15:30:00+05:30,True,False,"sqrt(252 * mean variance per session-equivalent), percent",0.002120823197951198,-1.1535742006949956,0.9294319641823414,True,1.1535742006949956,1.330733436509098,,,,,,Q3,mid-vol,Q4 high
2022-08-29T15:00_2022-09-08,primary,dev,2022-08-29,15:00,2022-08-29T15:01:00+05:30,2022-09-08,False,10.020138888888887,7-14d,17323.4,17339.86564358412,17.51960557092806,0.0021870611443947177,False,12.529947015063412,True,F1,hybrid,True,,10.488534731458207,1,376,1.0,True,2022-08-29T15:30:00+05:30,2022-08-30T15:30:00+05:30,True,False,"sqrt(252 * mean variance per session-equivalent), percent",4.3654508259129e-05,7.031070839469853,1.6703577782301278,True,7.031070839469853,49.43595714964331,,,,,,Q3,mid-vol,Q2
2022-09-12T15:00_2022-09-22,primary,dev,2022-09-12,15:00,2022-09-12T15:01:00+05:30,2022-09-22,False,10.020138888888887,7-14d,17956.2,17973.889308551297,16.400990359890148,0.002110963545219692,False,15.513972645479116,True,F20,hybrid,True,,17.763643103038266,20,7520,20.0,True,2022-09-12T15:30:00+05:30,2022-10-11T15:30:00+05:30,True,False,"sqrt(252 * mean variance per session-equivalent), percent",0.0025043413991438007,-1.362652743148118,0.923289792795091,True,1.362652743148118,1.8568224984090906,,,,,,Q3,high-vol,Q4 high
2022-09-15T13:00_2022-09-22,primary,dev,2022-09-15,13:00,2022-09-15T13:01:00+05:30,2022-09-22,False,7.103472222222222,7-14d,17915.4,17925.964429339867,18.76100625056629,0.002512815712311953,False,16.346979015764685,True,EXP,intraday,True,,12.408595000598481,5,2024,5.397333333333333,True,2022-09-15T13:01:00+05:30,2022-09-22T15:30:00+05:30,False,True,"sqrt(252 * mean variance per session-equivalent), percent",0.0003297797008413633,6.352411249967808,1.5119363835842352,True,6.352411249967808,40.353128688717575,0.0006849992221756299,0.00035521952133426665,0.9086552127889979,13.017363993375369,5.7436422571909205,Q4 high,high-vol,Q4 high
2022-09-20T13:00_2022-09-22,primary,dev,2022-09-20,13:00,2022-09-20T13:01:00+05:30,2022-09-22,False,2.103472222222222,1-3d,17902.0,17904.13282178803,21.380865823389613,0.004617810944339221,False,16.917531602947346,False,F1,hybrid,True,,13.058863562443046,1,376,1.0,True,2022-09-20T15:30:00+05:30,2022-09-21T15:30:00+05:30,True,False,"sqrt(252 * mean variance per session-equivalent), percent",6.767218950099313e-05,8.322002260946567,1.6372684898003247,True,8.322002260946567,69.25572163119978,,,,,,Q4 high,high-vol,Q3
2022-09-23T13:00_2022-10-06,primary,dev,2022-09-23,13:00,2022-09-23T13:01:00+05:30,2022-10-06,False,13.10347222222222,7-14d,17398.5,17428.44109788045,20.37207891079913,0.0019037642983299478,False,16.952035047569055,True,F1,hybrid,True,,23.90233251721972,1,376,1.0,True,2022-09-23T15:30:00+05:30,2022-09-26T15:30:00+05:30,True,False,"sqrt(252 * mean variance per session-equivalent), percent",0.0002267148808586266,-3.5302536064205903,0.8523050583503796,True,3.5302536064205903,12.462690525645584,,,,,,Q4 high,high-vol,Q4 high
2022-10-27T10:00_2022-11-03,primary,dev,2022-10-27,10:00,2022-10-27T10:01:00+05:30,2022-11-03,False,7.228472222222223,7-14d,17743.4,17760.33477756009,15.1012723452494,0.0025143481342729825,False,17.66148780313681,True,F10,hybrid,True,,11.999292226803659,10,3760,10.0,True,2022-10-27T15:30:00+05:30,2022-11-11T15:30:00+05:30,True,False,"sqrt(252 * mean variance per session-equivalent), percent",0.0005713611664453599,3.1019801184457414,1.2585135906196727,True,3.1019801184457414,9.622280655232656,,,,,,Q3,high-vol,Q3
2022-11-03T15:00_2022-11-10,primary,dev,2022-11-03,15:00,2022-11-03T15:01:00+05:30,2022-11-10,False,7.020138888888889,7-14d,18057.6,18084.22405532605,14.11175014071814,0.0025072536076461284,False,15.593091957365763,True,F5,hybrid,True,,13.30296109589966,5,1880,5.0,True,2022-11-03T15:30:00+05:30,2022-11-11T15:30:00+05:30,True,False,"sqrt(252 * mean variance per session-equivalent), percent",0.00035112851968059503,0.8087890448184805,1.0607976704575774,True,0.8087890448184805,0.65413971901839,,,,,,Q2,high-vol,Q3
2022-11-16T15:00_2022-11-24,primary,dev,2022-11-16,15:00,2022-11-16T15:01:00+05:30,2022-11-24,False,8.020138888888889,7-14d,18406.1,18451.02987291691,12.46456705299334,0.0022951023521337196,False,13.81388110599245,True,F5,hybrid,True,,7.7788249743874065,5,1880,5.0,True,2022-11-16T15:30:00+05:30,2022-11-23T15:30:00+05:30,True,False,"sqrt(252 * mean variance per session-equivalent), percent",0.0001200597579010977,4.685742078605934,1.6023714499341775,True,4.685742078605934,21.956178827218256,,,,,,Q2,high-vol,Q1 low
2022-11-21T13:00_2022-11-24,primary,dev,2022-11-21,13:00,2022-11-21T13:01:00+05:30,2022-11-24,False,3.1034722222222224,3-7d,18152.6,18183.443478205285,13.050686056647,0.003761246645585186,False,11.794512702804692,False,F5,hybrid,True,,7.956519635440901,5,1880,5.0,True,2022-11-21T15:30:00+05:30,2022-11-28T15:30:00+05:30,True,False,"sqrt(252 * mean variance per session-equivalent), percent",0.00012560754902610438,5.0941664212061,1.640250593804236,True,5.0941664212061,25.950531526943763,,,,,,Q2,mid-vol,Q1 low
2022-12-14T15:00_2022-12-22,primary,dev,2022-12-14,15:00,2022-12-14T15:01:00+05:30,2022-12-22,False,8.020138888888889,7-14d,18673.1,18729.35621729987,10.75447896899643,0.002268129566966378,False,8.203186106934298,True,EXP,intraday,True,,10.362916714411199,6,2279,6.077333333333334,True,2022-12-14T15:01:00+05:30,2022-12-22T15:30:00+05:30,False,True,"sqrt(252 * mean variance per session-equivalent), percent",0.0002589861456181657,0.39156225458523153,1.0377849465914075,True,0.39156225458523153,0.15332099921586967,0.0002541369269148744,-4.8492187032912835e-06,0.9111219472611755,10.856597918434165,-0.10211894943773459,Q1 low,low-vol,Q3
2023-01-10T15:00_2023-01-19,primary,dev,2023-01-10,15:00,2023-01-10T15:01:00+05:30,2023-01-19,False,9.020138888888887,7-14d,17907.8,17946.754665202396,14.07662731097768,0.00222594964717125,False,10.985951778409744,True,EXP,hybrid,True,,9.779017353378192,7,2661,7.077333333333334,True,2023-01-10T15:01:00+05:30,2023-01-19T15:30:00+05:30,True,True,"sqrt(252 * mean variance per session-equivalent), percent",0.0002685712643126148,4.297609957599487,1.439472577080034,True,4.297609957599487,18.469451347658268,0.0004896858843373555,0.0002211146200247407,0.8799363328550338,10.424844645482588,3.651782665495091,Q2,mid-vol,Q2
2023-02-03T10:00_2023-02-09,primary,dev,2023-02-03,10:00,2023-02-03T10:01:00+05:30,2023-02-09,False,6.228472222222222,3-7d,17693.6,17705.744939273023,14.258362792157861,0.0027157579347040226,False,13.48497600284988,True,F5,hybrid,True,,9.744097649049714,5,1880,5.0,True,2023-02-03T15:30:00+05:30,2023-02-10T15:30:00+05:30,True,False,"sqrt(252 * mean variance per session-equivalent), percent",0.0001883877757821749,4.5142651431081475,1.4632820098583883,True,4.5142651431081475,20.378589782281225,,,,,,Q2,high-vol,Q2
2023-02-23T10:00_2023-02-23,primary,dev,2023-02-23,10:00,2023-02-23T10:01:00+05:30,2023-02-23,True,0.2284722222222222,<=1d,17567.7,17571.473839384445,25.390565856322677,0.01461074635960171,False,13.568981100246221,False,F1,hybrid,True,,11.325068491180893,1,376,1.0,True,2023-02-23T15:30:00+05:30,2023-02-24T15:30:00+05:30,True,False,"sqrt(252 * mean variance per session-equivalent), percent",5.089570489283265e-05,14.065497365141784,2.2419790110845623,True,14.065497365141784,197.83821612881047,,,,,,Q4 high,high-vol,Q3
2023-02-23T15:00_2023-03-02,primary,dev,2023-02-23,15:00,2023-02-23T15:01:00+05:30,2023-03-02,False,7.020138888888889,7-14d,17535.8,17559.04883641094,12.49555800773717,0.0025819484091953414,False,13.568981100246221,True,EXP,hybrid,True,,10.477450700723427,5,1909,5.077333333333334,True,2023-02-23T15:01:00+05:30,2023-03-02T15:30:00+05:30,True,True,"sqrt(252 * mean variance per session-equivalent), percent",0.00022118027190086247,2.018107307013743,1.1926143452886302,True,2.018107307013743,4.072757102622262,0.00030030609721633185,7.912582531546938e-05,0.9545918110394842,10.723752295773677,1.7718057119634931,Q2,high-vol,Q2
2023-05-02T13:00_2023-05-11,primary,dev,2023-05-02,13:00,2023-05-02T13:01:00+05:30,2023-05-11,False,9.103472222222225,7-14d,18170.4,18198.137479313104,9.94083827926074,0.002185228477690574,False,9.18169206490063,True,F1,hybrid,True,,6.867849317389473,1,376,1.0,True,2023-05-02T15:30:00+05:30,2023-05-03T15:30:00+05:30,True,False,"sqrt(252 * mean variance per session-equivalent), percent",1.8717204066018668e-05,3.0729889618712676,1.4474456004866654,True,3.0729889618712676,9.44326115978265,,,,,,Q1 low,low-vol,Q1 low
2023-07-11T13:00_2023-07-20,primary,dev,2023-07-11,13:00,2023-07-11T13:01:00+05:30,2023-07-20,False,9.103472222222225,7-14d,19498.2,19522.51146526242,9.29119755160739,0.0020435904550370134,False,7.51203092997247,True,F5,hybrid,True,,9.35724223878002,5,1880,5.0,True,2023-07-11T15:30:00+05:30,2023-07-18T15:30:00+05:30,True,False,"sqrt(252 * mean variance per session-equivalent), percent",0.00017372615538731925,-0.06604468717262968,0.9929418641211494,True,0.06604468717262968,0.004361900703730515,,,,,,Q1 low,low-vol,Q2
2023-08-02T15:00_2023-08-10,primary,dev,2023-08-02,15:00,2023-08-02T15:01:00+05:30,2023-08-10,False,8.020138888888889,7-14d,19505.7,19531.287612611653,10.769576831882919,0.00217414625534567,False,9.150037628213276,True,EXP,hybrid,True,,8.52605423982271,6,2285,6.077333333333334,True,2023-08-02T15:01:00+05:30,2023-08-10T15:30:00+05:30,True,True,"sqrt(252 * mean variance per session-equivalent), percent",0.00017531081106032684,2.2435225920602093,1.2631372647832066,True,2.2435225920602093,5.03339362108456,0.0002548509768943666,7.954016583403977e-05,0.9111219472611755,8.932228759861777,1.8373480720211415,Q1 low,low-vol,Q1 low
2023-08-21T13:00_2023-08-24,primary,dev,2023-08-21,13:00,2023-08-21T13:01:00+05:30,2023-08-24,False,3.1034722222222224,3-7d,19395.6,19375.12506910324,10.27052045932871,0.003542289947267045,False,8.877683248728575,False,F1,hybrid,True,,6.590404472827674,1,376,1.0,True,2023-08-21T15:30:00+05:30,2023-08-22T15:30:00+05:30,True,False,"sqrt(252 * mean variance per session-equivalent), percent",1.7235488537883735e-05,3.6801159865010353,1.558405178570481,True,3.6801159865010353,13.54325367410049,,,,,,Q1 low,low-vol,Q1 low
2023-10-16T10:00_2023-10-19,primary,dev,2023-10-16,10:00,2023-10-16T10:01:00+05:30,2023-10-19,False,3.2284722222222224,3-7d,19726.0,19722.22714465936,11.36353143470178,0.0034040698509740577,False,,False,EXP,intraday,True,,6.114836704205528,3,1454,3.8773333333333335,True,2023-10-16T10:01:00+05:30,2023-10-19T15:30:00+05:30,False,True,"sqrt(252 * mean variance per session-equivalent), percent",5.75310533273758e-05,5.248694730496252,1.8583540304332935,True,5.248694730496252,27.548796373939126,0.00011421702000703969,5.668596667966389e-05,0.5748725763599706,8.06490150764163,3.2986299270601496,Q1 low,unknown,Q1 low
2023-10-16T13:00_2023-10-26,primary,dev,2023-10-16,13:00,2023-10-16T13:01:00+05:30,2023-10-26,False,10.103472222222225,7-14d,19778.9,19786.876408627933,10.17602402214186,0.0019110995036814803,False,,True,F5,hybrid,True,,9.309439083393547,5,1880,5.0,True,2023-10-16T15:30:00+05:30,2023-10-23T15:30:00+05:30,True,False,"sqrt(252 * mean variance per session-equivalent), percent",0.00017195566676074466,0.8665849387483124,1.0930866973816018,True,0.8665849387483124,0.7509694560654164,,,,,,Q1 low,unknown,Q1 low
2023-11-06T13:00_2023-11-09,primary,dev,2023-11-06,13:00,2023-11-06T13:01:00+05:30,2023-11-09,False,3.1034722222222224,3-7d,19350.7,19358.53234031441,10.00558211552212,0.003532644433409136,False,9.677811166742853,False,F5,hybrid,True,,6.579654519476523,5,1880,5.0,True,2023-11-06T15:30:00+05:30,2023-11-13T15:30:00+05:30,True,False,"sqrt(252 * mean variance per session-equivalent), percent",8.589653491203935e-05,3.4259275960455975,1.520685027747956,True,3.4259275960455975,11.736979893346767,,,,,,Q1 low,low-vol,Q1 low
2023-11-07T13:00_2023-11-16,primary,dev,2023-11-07,13:00,2023-11-07T13:01:00+05:30,2023-11-16,False,9.103472222222225,7-14d,19367.7,19407.987939286664,9.46945832209154,0.0020520400073761307,False,9.8282237569943,True,F5,hybrid,True,,10.150396211533087,5,1880,5.0,True,2023-11-07T15:30:00+05:30,2023-11-15T15:30:00+05:30,True,False,"sqrt(252 * mean variance per session-equivalent), percent",0.00020442568105378023,-0.6809378894415463,0.9329151419066922,True,0.6809378894415463,0.46367640927710757,,,,,,Q1 low,low-vol,Q2
2023-11-10T15:00_2023-11-23,primary,dev,2023-11-10,15:00,2023-11-10T15:01:00+05:30,2023-11-23,False,13.02013888888889,7-14d,19403.6,19436.276115131583,8.652705359629639,0.001715285166238037,False,9.519962067600964,True,EXP,hybrid,True,,9.395812748394942,8,3037,8.077333333333334,True,2023-11-10T15:01:00+05:30,2023-11-23T15:30:00+05:30,True,True,"sqrt(252 * mean variance per session-equivalent), percent",0.0002829672478598802,-0.7431073887653028,0.9209107920022943,True,0.7431073887653028,0.5522085912375869,0.00026707090828586856,-1.589633957401165e-05,1.1128978097568256,8.906492554269683,-0.2537871946400436,Q1 low,low-vol,Q2
2023-12-08T10:00_2023-12-14,primary,dev,2023-12-08,10:00,2023-12-08T10:01:00+05:30,2023-12-14,False,6.228472222222222,3-7d,20991.3,21030.78684334601,10.47971717664139,0.0022917689034836265,False,10.4554182825368,True,F20,hybrid,True,,9.337159060500523,20,7520,20.0,True,2023-12-08T15:30:00+05:30,2024-01-08T15:30:00+05:30,True,False,"sqrt(252 * mean variance per session-equivalent), percent",0.0006919249152467223,1.1425581161408669,1.1223667829516037,True,1.1425581161408669,1.3054390487593666,,,,,,Q1 low,low-vol,Q1 low
2024-01-01T15:00_2024-01-04,primary,dev,2024-01-01,15:00,2024-01-01T15:01:00+05:30,2024-01-04,False,3.0201388888888894,3-7d,21828.1,21923.441372987745,13.6090264324078,0.0031574304812516905,False,11.309379122682104,False,F5,hybrid,True,,8.578821622024424,5,1880,5.0,True,2024-01-01T15:30:00+05:30,2024-01-08T15:30:00+05:30,True,False,"sqrt(252 * mean variance per session-equivalent), percent",0.0001460241675049876,5.030204810383376,1.5863514864872958,True,5.030204810383376,25.302960434404053,,,,,,Q2,mid-vol,Q1 low
2024-02-13T10:00_2024-02-22,primary,dev,2024-02-13,10:00,2024-02-13T10:01:00+05:30,2024-02-22,False,9.22847222222222,7-14d,21671.9,21709.02007125969,15.47488336607585,0.0018196973897932434,False,14.534359913310343,True,F1,hybrid,True,,15.766475897056742,1,376,1.0,True,2024-02-13T15:30:00+05:30,2024-02-14T15:30:00+05:30,True,False,"sqrt(252 * mean variance per session-equivalent), percent",9.864355643352031e-05,-0.2915925309808909,0.9815055353596599,True,0.2915925309808909,0.0850262041238418,,,,,,Q3,high-vol,Q4 high
2024-02-15T10:00_2024-02-22,primary,dev,2024-02-15,10:00,2024-02-15T10:01:00+05:30,2024-02-22,False,7.228472222222223,7-14d,21814.1,21838.360025941496,14.05882389960288,0.0020442342772123826,False,14.77773004027213,True,F10,hybrid,True,,10.13770206244398,10,3760,10.0,True,2024-02-15T15:30:00+05:30,2024-02-29T15:30:00+05:30,True,False,"sqrt(252 * mean variance per session-equivalent), percent",0.0004078293774082577,3.9211218371589,1.386786059898628,True,3.9211218371589,15.375196461844386,,,,,,Q2,high-vol,Q2
2024-03-12T13:00_2024-03-21,primary,dev,2024-03-12,13:00,2024-03-12T13:01:00+05:30,2024-03-21,False,9.103472222222225,7-14d,22349.05,22416.758138364425,12.8753267510608,0.0017754640127583977,False,10.542223862479235,True,F10,hybrid,True,,11.883865076918953,10,3760,10.0,True,2024-03-12T15:30:00+05:30,2024-03-27T15:30:00+05:30,True,False,"sqrt(252 * mean variance per session-equivalent), percent",0.0005604216236762457,0.9914616741418474,1.0834292267477423,True,0.9914616741418474,0.9829962512921547,,,,,,Q2,low-vol,Q3
2024-04-04T10:00_2024-04-10,primary,dev,2024-04-04,10:00,2024-04-04T10:01:00+05:30,2024-04-10,False,6.228472222222222,3-7d,22417.9,22455.656270343738,11.71051907109457,0.0021410070976916004,False,10.675321253434927,True,F1,hybrid,True,,8.529438894933145,1,376,1.0,True,2024-04-04T15:30:00+05:30,2024-04-05T15:30:00+05:30,True,False,"sqrt(252 * mean variance per session-equivalent), percent",2.8869574548570776e-05,3.1810801761614247,1.372953041266422,True,3.1810801761614247,10.119271087167201,,,,,,Q2,low-vol,Q2
2024-04-05T13:00_2024-04-10,primary,dev,2024-04-05,13:00,2024-04-05T13:01:00+05:30,2024-04-10,False,5.103472222222223,3-7d,22487.8,22505.65972019678,11.357966403669579,0.0023603038800877464,False,11.154259171813818,True,F20,hybrid,True,,11.999052051614276,20,7520,20.0,True,2024-04-05T15:30:00+05:30,2024-05-08T15:30:00+05:30,True,False,"sqrt(252 * mean variance per session-equivalent), percent",0.0011426765883916573,-0.6410856479446974,0.9465719754204709,True,0.6410856479446974,0.41099080800067245,,,,,,Q1 low,mid-vol,Q2
2024-04-24T10:00_2024-04-25,primary,dev,2024-04-24,10:00,2024-04-24T10:01:00+05:30,2024-04-25,False,1.2284722222222222,1-3d,22438.85,22449.66633289428,13.981706557495698,0.004813786037676886,False,12.129216119484534,False,EXP,hybrid,True,,9.724460887219736,1,705,1.8773333333333333,True,2024-04-24T10:01:00+05:30,2024-04-25T15:30:00+05:30,True,True,"sqrt(252 * mean variance per session-equivalent), percent",7.044852723929609e-05,4.257245670275962,1.4377873200015643,True,4.257245670275962,18.124140697083426,6.579499261830201e-05,-4.653534620994079e-06,0.45178481086550437,14.467707538861841,-0.4860009813661428,Q2,mid-vol,Q2
2024-06-06T13:00_2024-06-06,primary,dev,2024-06-06,13:00,2024-06-06T13:01:00+05:30,2024-06-06,True,0.1034722222222222,<=1d,22737.35,22708.74970056564,43.93193768869194,0.016498416526426262,False,23.773627320962234,False,F10,hybrid,True,,11.718469207849841,10,3760,10.0,True,2024-06-06T15:30:00+05:30,2024-06-21T15:30:00+05:30,True,False,"sqrt(252 * mean variance per session-equivalent), percent",0.0005449306372036701,32.213468480842096,3.7489485110617764,True,32.213468480842096,1037.7075515662073,,,,,,Q4 high,high-vol,Q3
2024-06-21T13:00_2024-07-04,primary,dev,2024-06-21,13:00,2024-06-21T13:01:00+05:30,2024-07-04,False,13.10347222222222,7-14d,23465.45,23528.307517169676,11.57438208896878,0.0014106865336280272,False,24.403940917748795,True,F10,hybrid,True,,10.007797119443923,10,3760,10.0,True,2024-06-21T15:30:00+05:30,2024-07-05T15:30:00+05:30,True,False,"sqrt(252 * mean variance per session-equivalent), percent",0.00039744445707916694,1.5665849695248575,1.1565364436176644,True,1.5665849695248575,2.454188466741199,,,,,,Q1 low,high-vol,Q2
2024-06-24T13:00_2024-07-04,primary,dev,2024-06-24,13:00,2024-06-24T13:01:00+05:30,2024-07-04,False,10.103472222222225,7-14d,23523.55,23568.468020993423,12.65366150304576,0.0016030041488088009,False,24.502876190288568,True,EXP,hybrid,True,,9.913530284945603,8,3157,8.397333333333334,True,2024-06-24T13:01:00+05:30,2024-07-04T15:30:00+05:30,True,True,"sqrt(252 * mean variance per session-equivalent), percent",0.0003274896110639899,2.7401312181001565,1.2764031721637286,True,2.7401312181001565,7.5083190924070475,0.0004432106752493062,0.0001157210641853163,0.8306860842972548,10.877018571708964,1.776642931336795,Q2,high-vol,Q2
2024-06-27T10:00_2024-07-04,primary,dev,2024-06-27,10:00,2024-06-27T10:01:00+05:30,2024-07-04,False,7.228472222222223,7-14d,23917.4,23949.98930794588,12.85367570124841,0.001861766545233647,False,24.460645896667128,True,EXP,hybrid,True,,10.530116503686742,5,2209,5.8773333333333335,True,2024-06-27T10:01:00+05:30,2024-07-04T15:30:00+05:30,True,True,"sqrt(252 * mean variance per session-equivalent), percent",0.00025861048814074055,2.323559197561668,1.2206584510957839,True,2.323559197561668,5.398927344573422,0.00032719625851466505,6.85857703739245e-05,0.8491293849290207,11.42736872795094,1.4263069732974696,Q2,high-vol,Q2
2024-07-01T13:00_2024-07-04,primary,dev,2024-07-01,13:00,2024-07-01T13:01:00+05:30,2024-07-04,False,3.1034722222222224,3-7d,24118.8,24148.21545303431,14.277534997818151,0.002817068522868695,False,24.44507770413886,False,F1,hybrid,True,,11.135727415257241,1,376,1.0,True,2024-07-01T15:30:00+05:30,2024-07-02T15:30:00+05:30,True,False,"sqrt(252 * mean variance per session-equivalent), percent",4.920810518528243e-05,3.1418075825609098,1.2821376157480533,True,3.1418075825609098,9.870954885837227,,,,,,Q2,high-vol,Q3
2024-07-11T15:00_2024-07-11,primary,dev,2024-07-11,15:00,2024-07-11T15:01:00+05:30,2024-07-11,True,0.0201388888888888,<=1d,24309.6,24312.62513493769,14.93808616808291,0.04954240482352796,False,10.401108425110458,False,EXP,hybrid,False,expiry_day_partial_session_only,,0,0,,False,,,True,False,"sqrt(252 * mean variance per session-equivalent), percent",,,,,,,,,,,,Q3,low-vol,
2024-08-05T10:00_2024-08-08,primary,dev,2024-08-05,10:00,2024-08-05T10:01:00+05:30,2024-08-08,False,3.2284722222222224,3-7d,24324.5,24331.775155735497,18.18898435241152,0.002744670753988693,False,11.214130516394203,False,EXP,intraday,True,,14.656090051868242,3,1454,3.8773333333333335,True,2024-08-05T10:01:00+05:30,2024-08-08T15:30:00+05:30,False,True,"sqrt(252 * mean variance per session-equivalent), percent",0.00033049800903144674,3.532894300543278,1.2410529880780128,True,3.532894300543278,12.481342138811177,0.00029263151000557234,-3.7866499025874395e-05,0.5748725763599706,19.33002113926456,-1.1410367868530393,Q3,mid-vol,Q4 high
2024-08-12T13:00_2024-08-22,primary,dev,2024-08-12,13:00,2024-08-12T13:01:00+05:30,2024-08-22,False,10.103472222222225,7-14d,24423.9,24445.90275312278,13.32856499319596,0.0015441135552158986,False,14.879541189657832,True,F10,hybrid,True,,8.604028443789868,10,3760,10.0,True,2024-08-12T15:30:00+05:30,2024-08-27T15:30:00+05:30,True,False,"sqrt(252 * mean variance per session-equivalent), percent",0.00029376708516486155,4.724536549406091,1.5491075000822574,True,4.724536549406091,22.32124560667401,,,,,,Q2,high-vol,Q1 low
2024-08-28T15:00_2024-08-29,primary,dev,2024-08-28,15:00,2024-08-28T15:01:00+05:30,2024-08-29,False,1.020138888888889,1-3d,25058.3,25045.037722497167,11.77383363058123,0.0047554696131388435,False,13.385188379434851,False,F5,hybrid,True,,9.386917722563387,5,1880,5.0,True,2024-08-28T15:30:00+05:30,2024-09-04T15:30:00+05:30,True,False,"sqrt(252 * mean variance per session-equivalent), percent",0.00017482981017891787,2.3869159080178424,1.2542811153314362,True,2.3869159080178424,5.697367551948641,,,,,,Q2,mid-vol,Q2
2024-09-16T13:00_2024-09-26,primary,dev,2024-09-16,13:00,2024-09-16T13:01:00+05:30,2024-09-26,False,10.103472222222225,7-14d,25369.45,25406.38141219313,11.87225586928157,0.0014860925369423426,False,8.80823244956658,True,F1,hybrid,True,,5.492857500879552,1,376,1.0,True,2024-09-16T15:30:00+05:30,2024-09-17T15:30:00+05:30,True,False,"sqrt(252 * mean variance per session-equivalent), percent",1.197281092260665e-05,6.379398368402018,2.1613988470264354,True,6.379398368402018,40.696723542770336,,,,,,Q2,low-vol,Q1 low
2024-09-17T13:00_2024-09-19,primary,dev,2024-09-17,13:00,2024-09-17T13:01:00+05:30,2024-09-19,False,2.103472222222222,1-3d,25426.65,25418.757024895844,12.87627413226328,0.0032644546515174545,False,8.690950611457577,False,EXP,hybrid,True,,10.022557436466494,2,901,2.397333333333333,True,2024-09-17T13:01:00+05:30,2024-09-19T15:30:00+05:30,True,True,"sqrt(252 * mean variance per session-equivalent), percent",9.556194725182597e-05,2.853716695796786,1.2847293930602686,True,2.853716695796786,8.143698979869326,9.554860373248173e-05,-1.3343519344237941e-08,0.6057815380864584,12.877173197284211,-0.0008990650209312889,Q2,low-vol,Q2
2024-09-24T10:00_2024-10-03,primary,dev,2024-09-24,10:00,2024-09-24T10:01:00+05:30,2024-10-03,False,9.22847222222222,7-14d,25962.05,25992.745190889444,12.03592253976155,0.0015197023153789386,False,10.108852102774149,True,F1,hybrid,True,,6.201510301515541,1,376,1.0,True,2024-09-24T15:30:00+05:30,2024-09-25T15:30:00+05:30,True,False,"sqrt(252 * mean variance per session-equivalent), percent",1.526140080150928e-05,5.834412238246009,1.940805054668728,True,5.834412238246009,34.04036616579481,,,,,,Q2,low-vol,Q1 low
2024-10-01T15:00_2024-10-10,primary,dev,2024-10-01,15:00,2024-10-01T15:01:00+05:30,2024-10-10,False,9.020138888888887,7-14d,25794.8,25873.23792730658,10.26025933990354,0.001545992699825775,False,9.973489602911286,True,F20,hybrid,True,,12.623495457978034,20,7520,20.0,True,2024-10-01T15:30:00+05:30,2024-10-30T15:30:00+05:30,True,False,"sqrt(252 * mean variance per session-equivalent), percent",0.0012647034728380325,-2.3632361180744947,0.812790670702786,True,2.3632361180744947,5.584884949771808,,,,,,Q1 low,low-vol,Q3
2024-10-10T15:00_2024-10-10,primary,dev,2024-10-10,15:00,2024-10-10T15:01:00+05:30,2024-10-10,True,0.0201388888888888,<=1d,24996.95,25002.550098804877,6.85724894735774,0.038915095746741506,False,12.497797982941908,False,EXP,intraday,False,expiry_day_partial_session_only,,0,0,,False,,,False,False,"sqrt(252 * mean variance per session-equivalent), percent",,,,,,,,,,,,Q1 low,mid-vol,
2024-10-15T13:00_2024-10-24,primary,dev,2024-10-15,13:00,2024-10-15T13:01:00+05:30,2024-10-24,False,9.103472222222225,7-14d,25046.7,25071.215358405258,11.546821744629609,0.0015876549952778519,False,12.025196301323959,True,F10,hybrid,True,,11.43049475453149,10,3760,10.0,True,2024-10-15T15:30:00+05:30,2024-10-29T15:30:00+05:30,True,False,"sqrt(252 * mean variance per session-equivalent), percent",0.0005184770251324282,0.11632699009811986,1.010176898952865,True,0.11632699009811986,0.013531968625288077,,,,,,Q1 low,mid-vol,Q2
2024-10-23T13:00_2024-10-24,primary,dev,2024-10-23,13:00,2024-10-23T13:01:00+05:30,2024-10-24,False,1.1034722222222222,1-3d,24564.8,24572.79465443674,16.52413782341667,0.0046681530168185765,False,11.823963540955383,False,F20,hybrid,True,,13.226234621301453,20,7520,20.0,True,2024-10-23T15:30:00+05:30,2024-11-25T15:30:00+05:30,True,False,"sqrt(252 * mean variance per session-equivalent), percent",0.0013883593829977236,3.297903202115217,1.2493455844797878,True,3.297903202115217,10.876165530521801,,,,,,Q3,mid-vol,Q3
2024-11-25T15:00_2024-12-05,primary,dev,2024-11-25,15:00,2024-11-25T15:01:00+05:30,2024-12-05,False,10.020138888888887,7-14d,24229.85,24301.41337893699,13.83145110154556,0.0015594089631999965,False,12.173541761917903,True,F10,hybrid,True,,12.24343694055114,10,3760,10.0,True,2024-11-25T15:30:00+05:30,2024-12-09T15:30:00+05:30,True,False,"sqrt(252 * mean variance per session-equivalent), percent",0.0005948482068144931,1.5880141609944207,1.1297032988943492,True,1.5880141609944207,2.521788975518814,,,,,,Q2,mid-vol,Q3
2024-12-04T13:00_2024-12-12,primary,dev,2024-12-04,13:00,2024-12-04T13:01:00+05:30,2024-12-12,False,8.103472222222223,7-14d,24482.3,24488.26623265002,15.837381019222411,0.0017211900791880672,False,13.565753561542115,True,EXP,intraday,True,,10.375851615949896,6,2399,6.397333333333333,True,2024-12-04T13:01:00+05:30,2024-12-12T15:30:00+05:30,False,True,"sqrt(252 * mean variance per session-equivalent), percent",0.00027330397240015657,5.461529403272515,1.5263692663912984,True,5.461529403272515,29.82830342281023,0.0005568587057739571,0.00028355473337380053,0.8745403335864831,11.095166666799583,4.7422143524228275,Q3,high-vol,Q3
2025-01-17T15:00_2025-01-23,primary,holdout,2025-01-17,15:00,2025-01-17T15:01:00+05:30,2025-01-23,False,6.020138888888888,3-7d,23216.4,23252.6081575332,13.959962127382031,0.0021015671259006163,False,12.847325608536453,True,F1,hybrid,True,,10.378955312094213,1,376,1.0,True,2025-01-17T15:30:00+05:30,2025-01-20T15:30:00+05:30,True,False,"sqrt(252 * mean variance per session-equivalent), percent",4.274710848033677e-05,3.581006815287818,1.3450257475446497,True,3.581006815287818,12.823609811137802,,,,,,Q2,mid-vol,Q2
2025-01-21T13:00_2025-01-30,primary,holdout,2025-01-21,13:00,2025-01-21T13:01:00+05:30,2025-01-30,False,9.103472222222225,7-14d,23236.45,23271.096157963373,16.87779656677262,0.0017093988599747988,False,11.673049536527174,True,F1,hybrid,True,,11.131296630176786,1,376,1.0,True,2025-01-21T15:30:00+05:30,2025-01-22T15:30:00+05:30,True,False,"sqrt(252 * mean variance per session-equivalent), percent",4.916895423372423e-05,5.746499936595834,1.5162471298282676,True,5.746499936595834,33.022261521295924,,,,,,Q3,mid-vol,Q3
2025-01-21T15:00_2025-01-23,primary,holdout,2025-01-21,15:00,2025-01-21T15:01:00+05:30,2025-01-23,False,2.020138888888889,1-3d,23013.65,23058.39600422859,19.04104099210152,0.003660428884308938,False,11.673049536527174,False,EXP,intraday,True,,9.003532167543886,2,779,2.0773333333333333,True,2025-01-21T15:01:00+05:30,2025-01-23T15:30:00+05:30,False,True,"sqrt(252 * mean variance per session-equivalent), percent",6.682384949446144e-05,10.037508824557635,2.1148412242854033,True,10.037508824557635,100.7515834030724,0.0002006641273137269,0.00013384027781926546,0.6714021312887967,10.988073676910616,8.052967315190905,Q4 high,mid-vol,Q2
2025-01-23T13:00_2025-01-30,primary,holdout,2025-01-23,13:00,2025-01-23T13:01:00+05:30,2025-01-30,False,7.103472222222222,7-14d,23247.65,23287.80439745272,14.838538772970361,0.0019333574889551502,False,12.395076451013654,True,F20,hybrid,True,,12.528764049957081,20,7520,20.0,True,2025-01-23T15:30:00+05:30,2025-02-20T15:30:00+05:30,True,False,"sqrt(252 * mean variance per session-equivalent), percent",0.0012457930842817218,2.3097747230132804,1.1843577478036384,True,2.3097747230132804,5.335059271071076,,,,,,Q3,mid-vol,Q3
2025-01-23T15:00_2025-01-23,primary,holdout,2025-01-23,15:00,2025-01-23T15:01:00+05:30,2025-01-23,True,0.0201388888888888,<=1d,23214.4,23206.599575372144,7.39585887738355,0.05878110947971439,False,12.395076451013654,False,EXP,hybrid,False,expiry_day_partial_session_only,,0,0,,False,,,True,False,"sqrt(252 * mean variance per session-equivalent), percent",,,,,,,,,,,,Q1 low,mid-vol,
2025-01-31T13:00_2025-02-06,primary,holdout,2025-01-31,13:00,2025-01-31T13:01:00+05:30,2025-02-06,False,6.103472222222222,3-7d,23488.55,23566.89983347511,20.84100741968215,0.00206015882014982,False,13.00490904849596,True,F10,hybrid,True,,12.779975130332305,10,3760,10.0,True,2025-01-31T15:30:00+05:30,2025-02-14T15:30:00+05:30,True,False,"sqrt(252 * mean variance per session-equivalent), percent",0.0006481260489361595,8.061032289349845,1.6307549277007272,True,8.061032289349845,64.9802415699408,,,,,,Q4 high,mid-vol,Q3
2025-02-07T10:00_2025-02-13,primary,holdout,2025-02-07,10:00,2025-02-07T10:01:00+05:30,2025-02-13,False,6.228472222222222,3-7d,23603.75,23642.271861108755,15.03219081447526,0.0020329504278004252,False,13.05716997604984,True,EXP,hybrid,True,,12.132714698566623,4,1833,4.8773333333333335,True,2025-02-07T10:01:00+05:30,2025-02-13T15:30:00+05:30,True,True,"sqrt(252 * mean variance per session-equivalent), percent",0.0002849035544285861,2.8994761159086373,1.238979996476072,True,2.8994761159086373,8.406961746724637,0.0003855966279611839,0.00010069307353259782,0.881671435098152,12.921252104407788,2.1109387100674724,Q3,mid-vol,Q3
2025-03-25T10:00_2025-04-03,primary,holdout,2025-03-25,10:00,2025-03-25T10:01:00+05:30,2025-04-03,False,9.22847222222222,7-14d,23859.25,23919.190460289192,14.07600919285007,0.0016521732649003224,False,11.234484109680348,True,F5,hybrid,True,,11.954340032335654,5,1880,5.0,True,2025-03-25T15:30:00+05:30,2025-04-02T15:30:00+05:30,True,False,"sqrt(252 * mean variance per session-equivalent), percent",0.0002835441381125056,2.121669160514415,1.1774810784012708,True,2.121669160514415,4.5014800266779424,,,,,,Q2,mid-vol,Q3
2025-04-03T13:00_2025-04-03,primary,holdout,2025-04-03,13:00,2025-04-03T13:01:00+05:30,2025-04-03,True,0.1034722222222222,<=1d,23267.55,23258.52561775612,8.19312282119848,0.018200122480431836,False,11.670293720480986,False,F10,hybrid,True,,33.46466593306405,10,3760,10.0,True,2025-04-03T15:30:00+05:30,2025-04-22T15:30:00+05:30,True,False,"sqrt(252 * mean variance per session-equivalent), percent",0.004443983595284038,-25.27154311186557,0.2448290635139268,True,25.27154311186557,638.6508912548801,,,,,,Q1 low,mid-vol,Q4 high
2025-04-23T13:00_2025-04-24,primary,holdout,2025-04-23,13:00,2025-04-23T13:01:00+05:30,2025-04-24,False,1.1034722222222222,1-3d,24250.0,24254.290579762037,12.45667218079881,0.004715609901965901,False,25.19546587619304,False,EXP,hybrid,True,,6.916458832854799,1,525,1.3973333333333333,True,2025-04-23T13:01:00+05:30,2025-04-24T15:30:00+05:30,True,True,"sqrt(252 * mean variance per session-equivalent), percent",2.6525713291180313e-05,5.540213347944011,1.801018770129405,True,5.540213347944011,30.693963940736985,4.691077538276264e-05,2.0385062091582326e-05,0.5452165899822232,9.366972932178971,3.089699248619839,Q2,high-vol,Q1 low
2025-04-24T13:00_2025-04-24,primary,holdout,2025-04-24,13:00,2025-04-24T13:01:00+05:30,2025-04-24,True,0.1034722222222222,<=1d,24261.8,24250.198161012355,6.19084982525413,0.015393289049124754,False,25.38380573978096,False,EXP,intraday,False,expiry_day_partial_session_only,,0,0,,False,,,False,False,"sqrt(252 * mean variance per session-equivalent), percent",,,,,,,,,,,,Q1 low,high-vol,
2025-05-06T15:00_2025-05-15,primary,holdout,2025-05-06,15:00,2025-05-06T15:01:00+05:30,2025-05-15,False,9.020138888888887,7-14d,24374.85,24393.45462034205,14.23070062488395,0.0016376538066357252,False,25.3317579728699,True,F1,hybrid,True,,13.489779251326581,1,376,1.0,True,2025-05-06T15:30:00+05:30,2025-05-07T15:30:00+05:30,True,False,"sqrt(252 * mean variance per session-equivalent), percent",7.221196200377822e-05,0.7409213735573683,1.0549246477465157,True,0.7409213735573683,0.5489644817941374,,,,,,Q2,high-vol,Q3
2025-05-30T13:00_2025-06-05,primary,holdout,2025-05-30,13:00,2025-05-30T13:01:00+05:30,2025-06-05,False,6.103472222222222,3-7d,24755.25,24785.28617417164,16.337628623867833,0.0019593042587657426,False,14.020867475074999,True,F1,hybrid,True,,10.69881741095001,1,376,1.0,True,2025-05-30T15:30:00+05:30,2025-06-02T15:30:00+05:30,True,False,"sqrt(252 * mean variance per session-equivalent), percent",4.542249761620917e-05,5.6388112129178225,1.5270499529365387,True,5.6388112129178225,31.796191894927766,,,,,,Q3,high-vol,Q2
2025-06-06T10:00_2025-06-19,primary,holdout,2025-06-06,10:00,2025-06-06T10:01:00+05:30,2025-06-19,False,13.228472222222225,7-14d,24712.15,24753.71020374878,14.033750396041489,0.001333298110236706,False,13.823290816437956,True,F1,hybrid,True,,11.58505742360779,1,376,1.0,True,2025-06-06T15:30:00+05:30,2025-06-09T15:30:00+05:30,True,False,"sqrt(252 * mean variance per session-equivalent), percent",5.3259347423924576e-05,2.448692972433699,1.2113664941741078,True,2.448692972433699,5.9960972732461855,,,,,,Q2,high-vol,Q3
2025-06-06T10:00_2025-06-19,primary,holdout,2025-06-06,10:00,2025-06-06T10:01:00+05:30,2025-06-19,False,13.228472222222225,7-14d,24712.15,24753.71020374878,14.033750396041489,0.001333298110236706,False,13.823290816437956,True,F20,hybrid,True,,10.919226115977624,20,7520,20.0,True,2025-06-06T15:30:00+05:30,2025-07-04T15:30:00+05:30,True,False,"sqrt(252 * mean variance per session-equivalent), percent",0.0009462658648559349,3.114524280063865,1.2852330601988833,True,3.114524280063865,9.700261491107335,,,,,,Q2,high-vol,Q2
2025-06-10T10:00_2025-06-12,primary,holdout,2025-06-10,10:00,2025-06-10T10:01:00+05:30,2025-06-12,False,2.2284722222222224,1-3d,25131.5,25140.80627149358,13.92596618078413,0.003199240404943642,False,11.80619283569676,False,F5,hybrid,True,,13.761523194621114,5,1880,5.0,True,2025-06-10T15:30:00+05:30,2025-06-17T15:30:00+05:30,True,False,"sqrt(252 * mean variance per session-equivalent), percent",0.0003757530171351089,0.16444298616301545,1.0119494756385172,True,0.16444298616301545,0.02704149569820969,,,,,,Q2,mid-vol,Q3
2025-06-16T13:00_2025-06-26,primary,holdout,2025-06-16,13:00,2025-06-16T13:01:00+05:30,2025-06-26,False,10.103472222222225,7-14d,24927.2,24981.601749047462,14.297292634885439,0.0015117831905775347,False,11.808408495470454,True,F20,hybrid,True,,8.957127362197523,20,7520,20.0,True,2025-06-16T15:30:00+05:30,2025-07-14T15:30:00+05:30,True,False,"sqrt(252 * mean variance per session-equivalent), percent",0.0006367470681160917,5.340165272687916,1.5961917316510916,True,5.340165272687916,28.517365139622,,,,,,Q2,mid-vol,Q1 low
2025-06-20T13:00_2025-07-03,primary,holdout,2025-06-20,13:00,2025-06-20T13:01:00+05:30,2025-07-03,False,13.10347222222222,7-14d,25020.7,25073.404358376098,12.740872907714932,0.0013233788061864883,False,11.38838391167995,True,F20,hybrid,True,,8.690166176800268,20,7520,20.0,True,2025-06-20T15:30:00+05:30,2025-07-18T15:30:00+05:30,True,False,"sqrt(252 * mean variance per session-equivalent), percent",0.0005993570490508205,4.050706730914664,1.466125347721042,True,4.050706730914664,16.408225019877364,,,,,,Q2,mid-vol,Q1 low
2025-07-09T15:00_2025-07-10,primary,holdout,2025-07-09,15:00,2025-07-09T15:01:00+05:30,2025-07-10,False,1.020138888888889,1-3d,25471.55,25501.27068952167,12.07853245112879,0.0046544999894462865,False,10.623510297116043,False,F10,hybrid,True,,7.413763730402083,10,3760,10.0,True,2025-07-09T15:30:00+05:30,2025-07-23T15:30:00+05:30,True,False,"sqrt(252 * mean variance per session-equivalent), percent",0.00021811068511994213,4.664768720726707,1.6292038552021288,True,4.664768720726707,21.76006721787028,,,,,,Q2,low-vol,Q1 low
2025-08-21T15:00_2025-08-28,primary,holdout,2025-08-21,15:00,2025-08-21T15:01:00+05:30,2025-08-28,False,7.020138888888889,7-14d,25095.7,25137.30283995916,8.67769599409778,0.0018044738198814156,False,9.986294663215025,True,EXP,hybrid,True,,8.034720096863046,4,1533,4.077333333333334,True,2025-08-21T15:01:00+05:30,2025-08-28T15:30:00+05:30,True,True,"sqrt(252 * mean variance per session-equivalent), percent",0.00010445210120255607,0.6429758972347344,1.080024679078213,True,0.6429758972347344,0.4134180044248117,0.00014483105785888478,4.037895665632871e-05,1.1887134128313788,7.369400685779475,1.3082953083183053,Q1 low,low-vol,Q1 low
2025-09-26T10:00_2025-09-30,primary,holdout,2025-09-26,10:00,2025-09-26T10:01:00+05:30,2025-09-30,False,4.228472222222222,3-7d,24803.95,24851.05697731691,8.35766835932645,0.002345854849689747,False,8.851234700894755,True,F20,hybrid,True,,9.245385545469297,20,7520,20.0,True,2025-09-26T15:30:00+05:30,2025-10-29T15:30:00+05:30,True,False,"sqrt(252 * mean variance per session-equivalent), percent",0.0006783901101934332,-0.8877171861428472,0.9039826752733018,True,0.8877171861428472,0.7880418025733744,,,,,,Q1 low,low-vol,Q1 low
2025-10-16T15:00_2025-10-20,primary,holdout,2025-10-16,15:00,2025-10-16T15:01:00+05:30,2025-10-20,False,4.020138888888889,3-7d,25623.15,25642.24444967108,8.391115340855709,0.0023374317917648803,False,8.343573183882812,True,EXP,intraday,True,,9.535106508048445,2,779,2.0773333333333333,True,2025-10-16T15:01:00+05:30,2025-10-20T15:30:00+05:30,False,True,"sqrt(252 * mean variance per session-equivalent), percent",7.494743017708556e-05,-1.1439911671927359,0.8800232418770457,True,1.1439911671927359,1.3087157906149982,7.755103075822991e-05,2.6036005811443482e-06,1.3361110134172718,8.249056469240019,0.1420588716156903,Q1 low,low-vol,Q3
2025-11-18T15:00_2025-11-18,primary,holdout,2025-11-18,15:00,2025-11-18T15:01:00+05:30,2025-11-18,True,0.0201388888888888,<=1d,25932.25,25923.024903257294,12.81627302368895,0.05453923153156965,False,9.29106005568846,False,F5,hybrid,True,,7.585160460348014,5,1880,5.0,True,2025-11-18T15:30:00+05:30,2025-11-25T15:30:00+05:30,True,False,"sqrt(252 * mean variance per session-equivalent), percent",0.0001141560698595772,5.231112563340936,1.689650876957312,True,5.231112563340936,27.36453865034338,,,,,,Q2,low-vol,Q1 low
2025-11-24T13:00_2025-12-02,primary,holdout,2025-11-24,13:00,2025-11-24T13:01:00+05:30,2025-12-02,False,8.103472222222223,7-14d,26086.25,26157.52189798669,11.048551969013399,0.0016116339021927917,False,8.436542325136495,True,EXP,intraday,True,,7.163018203812587,6,2399,6.397333333333333,True,2025-11-24T13:01:00+05:30,2025-12-02T15:30:00+05:30,False,True,"sqrt(252 * mean variance per session-equivalent), percent",0.00013025384408653232,3.8855337652008117,1.5424436535890274,True,3.8855337652008117,15.097372640515596,0.00027101230434575915,0.00014075846025922683,0.8745403335864831,7.659600748959266,3.3889512200541327,Q1 low,low-vol,Q1 low
2025-12-02T10:00_2025-12-09,primary,holdout,2025-12-02,10:00,2025-12-02T10:01:00+05:30,2025-12-09,False,7.228472222222223,7-14d,26072.5,26142.393858602023,10.49605488470936,0.0017074569859984838,False,8.330361707432578,True,F1,hybrid,True,,6.999794565074438,1,376,1.0,True,2025-12-02T15:30:00+05:30,2025-12-03T15:30:00+05:30,True,False,"sqrt(252 * mean variance per session-equivalent), percent",1.9443303156049858e-05,3.4962603196349225,1.499480418622506,True,3.4962603196349225,12.22383622265369,,,,,,Q1 low,low-vol,Q1 low
2025-12-02T13:00_2025-12-02,primary,holdout,2025-12-02,13:00,2025-12-02T13:01:00+05:30,2025-12-02,True,0.1034722222222222,<=1d,26040.95,26051.524567432512,17.630748388959162,0.01438533267603677,False,8.330361707432578,False,F1,hybrid,True,,6.999794565074438,1,376,1.0,True,2025-12-02T15:30:00+05:30,2025-12-03T15:30:00+05:30,True,False,"sqrt(252 * mean variance per session-equivalent), percent",1.9443303156049858e-05,10.630953823884724,2.5187522612346367,True,10.630953823884724,113.01717920556924,,,,,,Q3,low-vol,Q1 low
2026-01-02T15:00_2026-01-06,primary,holdout,2026-01-02,15:00,2026-01-02T15:01:00+05:30,2026-01-06,False,4.020138888888889,3-7d,26308.95,26319.045738779736,5.97710194073856,0.002295382580114248,False,7.062377619074518,True,F20,hybrid,True,,22.906251738166723,20,7520,20.0,True,2026-01-02T15:30:00+05:30,2026-02-03T15:30:00+05:30,True,False,"sqrt(252 * mean variance per session-equivalent), percent",0.004164256894383063,-16.929149797428163,0.26093758197808625,True,16.929149797428163,286.596112863762,,,,,,Q1 low,low-vol,Q4 high
2026-01-14T10:00_2026-01-20,primary,holdout,2026-01-14,10:00,2026-01-14T10:01:00+05:30,2026-01-20,False,6.228472222222222,3-7d,25727.85,25759.618805452163,9.77623266658299,0.0018677886388369675,False,7.334230771164027,True,F5,hybrid,True,,12.763339349888945,5,1880,5.0,True,2026-01-14T15:30:00+05:30,2026-01-22T15:30:00+05:30,True,False,"sqrt(252 * mean variance per session-equivalent), percent",0.00032321990349290383,-2.9871066833059547,0.7659619789603145,True,2.9871066833059547,8.922806337451101,,,,,,Q1 low,low-vol,Q3
2026-01-16T10:00_2026-01-20,primary,holdout,2026-01-16,10:00,2026-01-16T10:01:00+05:30,2026-01-20,False,4.228472222222222,3-7d,25740.5,25774.086949325203,9.477127665345,0.0022708902647184696,False,7.522162422155048,True,F20,hybrid,True,,23.06282884383023,20,7520,20.0,True,2026-01-16T15:30:00+05:30,2026-02-16T15:30:00+05:30,True,False,"sqrt(252 * mean variance per session-equivalent), percent",0.004221381541903235,-13.585701178485229,0.41092650556960286,True,13.585701178485229,184.57127651109494,,,,,,Q1 low,low-vol,Q4 high
2026-01-22T13:00_2026-01-27,primary,holdout,2026-01-22,13:00,2026-01-22T13:01:00+05:30,2026-01-27,False,5.103472222222223,3-7d,25215.7,25239.99319895897,11.62922041287852,0.00210510063517034,False,8.541053143590265,True,EXP,intraday,True,,12.882914926875383,2,899,2.397333333333333,True,2026-01-22T13:01:00+05:30,2026-01-27T15:30:00+05:30,False,True,"sqrt(252 * mean variance per session-equivalent), percent",0.00015789055853416355,-1.2536945139968623,0.9026854930648112,True,1.2536945139968623,1.5717499344258288,0.00018909240900032742,3.120185046616387e-05,1.4697552074603446,10.626533975732704,1.002686437145817,Q1 low,low-vol,Q4 high
2026-02-04T15:00_2026-02-10,primary,holdout,2026-02-04,15:00,2026-02-04T15:01:00+05:30,2026-02-10,False,6.020138888888888,3-7d,25806.05,25824.00429597732,11.93440669437663,0.0018953661781834414,False,22.906251738166723,True,F20,hybrid,True,,15.028842383269433,20,7520,20.0,True,2026-02-04T15:30:00+05:30,2026-03-05T15:30:00+05:30,True,False,"sqrt(252 * mean variance per session-equivalent), percent",0.0017925881220726644,-3.094435688892803,0.7941001968097274,True,3.094435688892803,9.575532232693476,,,,,,Q2,high-vol,Q4 high
2026-02-23T10:00_2026-02-24,primary,holdout,2026-02-23,10:00,2026-02-23T10:01:00+05:30,2026-02-24,False,1.2284722222222222,1-3d,25722.65,25731.77101249835,16.90553656837812,0.004217743696887186,False,22.641011135933788,False,F20,hybrid,True,,23.788673553025923,20,7520,20.0,True,2026-02-23T15:30:00+05:30,2026-03-24T15:30:00+05:30,True,False,"sqrt(252 * mean variance per session-equivalent), percent",0.004491277693749484,-6.883136984647802,0.7106548639921008,True,6.883136984647802,47.37757474942644,,,,,,Q3,high-vol,Q4 high
2026-04-02T15:00_2026-04-13,primary,holdout,2026-04-02,15:00,2026-04-02T15:01:00+05:30,2026-04-13,False,11.020138888888887,7-14d,22688.35,22698.046169386005,28.04930268912218,0.0015925464673120302,False,26.174025116463334,True,F1,hybrid,True,,19.906927012281837,1,376,1.0,True,2026-04-02T15:30:00+05:30,2026-04-06T15:30:00+05:30,True,False,"sqrt(252 * mean variance per session-equivalent), percent",0.00015725624725091913,8.142375676840341,1.409022229890972,True,8.142375676840341,66.29828166280122,,,,,,Q4 high,high-vol,Q4 high
2026-04-13T13:00_2026-04-21,primary,holdout,2026-04-13,13:00,2026-04-13T13:01:00+05:30,2026-04-21,False,8.103472222222223,7-14d,23807.75,23823.00817879121,21.60240628008779,0.0017691182341662203,False,25.467732888851245,True,EXP,intraday,True,,10.454563397160355,5,2024,5.397333333333333,True,2026-04-13T13:01:00+05:30,2026-04-21T15:30:00+05:30,False,True,"sqrt(252 * mean variance per session-equivalent), percent",0.00023409411761936085,11.147842882927437,2.0663135761322553,True,11.147842882927437,124.2744009424359,0.0010360543598331308,0.0008019602422137699,1.036572262981212,10.268478750916843,11.333927529170948,Q4 high,high-vol,Q3
2026-04-20T10:00_2026-04-28,primary,holdout,2026-04-20,10:00,2026-04-20T10:01:00+05:30,2026-04-28,False,8.228472222222223,7-14d,24332.5,24333.63943691554,19.35745546673299,0.0017188177963380902,False,26.28783321044886,True,F1,hybrid,True,,9.460769761360185,1,376,1.0,True,2026-04-20T15:30:00+05:30,2026-04-21T15:30:00+05:30,True,False,"sqrt(252 * mean variance per session-equivalent), percent",3.551831923709018e-05,9.896685705372805,2.0460761602922624,True,9.896685705372805,97.94438795093042,,,,,,Q4 high,high-vol,Q2
2026-04-23T10:00_2026-04-28,primary,holdout,2026-04-23,10:00,2026-04-23T10:01:00+05:30,2026-04-28,False,5.228472222222222,3-7d,24278.2,24257.056567296364,17.69018994141198,0.0021618696469389033,False,24.449377075661864,True,F1,hybrid,True,,10.321184960445107,1,376,1.0,True,2026-04-23T15:30:00+05:30,2026-04-24T15:30:00+05:30,True,False,"sqrt(252 * mean variance per session-equivalent), percent",4.2272563090364386e-05,7.3690049809668725,1.7139688910922375,True,7.3690049809668725,54.302234409514575,,,,,,Q3,high-vol,Q2
2026-05-04T10:00_2026-05-12,primary,holdout,2026-05-04,10:00,2026-05-04T10:01:00+05:30,2026-05-12,False,8.228472222222223,7-14d,24255.4,24314.04198840783,17.33750631337464,0.001720321512556678,False,21.721242922199973,True,EXP,hybrid,True,,12.648894279913957,6,2585,6.8773333333333335,True,2026-05-04T10:01:00+05:30,2026-05-12T15:30:00+05:30,True,True,"sqrt(252 * mean variance per session-equivalent), percent",0.00043664114693645604,4.688612033460682,1.3706736675715638,True,4.688612033460682,21.983082800312314,0.000677640894995349,0.00024099974805889292,0.8260509011138436,13.917113146792353,3.4203931665822864,Q3,high-vol,Q3
2026-05-06T10:00_2026-05-19,primary,holdout,2026-05-06,10:00,2026-05-06T10:01:00+05:30,2026-05-19,False,13.228472222222225,7-14d,24129.25,24197.737325100738,15.946452591950441,0.0013638384257833602,False,19.113149099026963,True,F10,hybrid,True,,13.571161740840894,10,3760,10.0,True,2026-05-06T15:30:00+05:30,2026-05-20T15:30:00+05:30,True,False,"sqrt(252 * mean variance per session-equivalent), percent",0.0007308588531589829,2.375290851109547,1.1750248723336172,True,2.375290851109547,5.642006627364716,,,,,,Q3,high-vol,Q3
2026-05-06T13:00_2026-05-19,primary,holdout,2026-05-06,13:00,2026-05-06T13:01:00+05:30,2026-05-19,False,13.10347222222222,7-14d,24017.55,24067.02294601393,16.885408245960733,0.0013782740027152348,False,19.113149099026963,True,EXP,intraday,True,,11.303882714727715,9,3524,9.397333333333334,True,2026-05-06T13:01:00+05:30,2026-05-19T15:30:00+05:30,False,True,"sqrt(252 * mean variance per session-equivalent), percent",0.000476496128936931,5.581525531233018,1.493770651385201,True,5.581525531233018,31.15342725580602,0.001023567901921332,0.0005470717729844011,0.9626965971110037,11.520807614583353,5.36460063137738,Q3,high-vol,Q3
2026-05-27T10:00_2026-06-09,primary,holdout,2026-05-27,10:00,2026-05-27T10:01:00+05:30,2026-06-09,False,13.228472222222225,7-14d,23874.75,23911.895639369464,13.71406999254425,0.0013807663840719958,False,12.972560923268281,True,F20,hybrid,True,,13.47178145564762,20,7520,20.0,True,2026-05-27T15:30:00+05:30,2026-06-25T15:30:00+05:30,True,False,"sqrt(252 * mean variance per session-equivalent), percent",0.0014403880602280245,0.24228853689663055,1.0179848921758643,True,0.24228853689663055,0.0587037351115099,,,,,,Q2,mid-vol,Q3
2026-06-19T13:00_2026-06-30,primary,holdout,2026-06-19,13:00,2026-06-19T13:01:00+05:30,2026-06-30,False,11.10347222222222,7-14d,23934.35,23972.844510948384,12.189882563128181,0.0015035904616600097,False,13.662989331934252,True,F10,hybrid,True,,9.660147293321542,10,3760,10.0,True,2026-06-19T15:30:00+05:30,2026-07-06T15:30:00+05:30,True,False,"sqrt(252 * mean variance per session-equivalent), percent",0.0003703112925740774,2.5297352698066398,1.2618733641417197,True,2.5297352698066398,6.399560535303673,,,,,,Q2,high-vol,Q1 low
2026-06-29T13:00_2026-06-30,primary,holdout,2026-06-29,13:00,2026-06-29T13:01:00+05:30,2026-06-30,False,1.1034722222222222,1-3d,23967.15,23972.289642971184,16.55127704438034,0.004786271633397199,False,13.47178145564762,False,EXP,intraday,True,,10.759444088813147,1,524,1.3973333333333333,True,2026-06-29T13:01:00+05:30,2026-06-30T15:30:00+05:30,False,True,"sqrt(252 * mean variance per session-equivalent), percent",6.419173951381501e-05,5.791832955567191,1.5383022494246799,True,5.791832955567191,33.54532898519418,8.281930030249855e-05,1.862756078868354e-05,0.5452165899822232,14.571534940172118,1.9797421042082206,Q3,high-vol,Q3
2026-07-03T10:00_2026-07-07,primary,holdout,2026-07-03,10:00,2026-07-03T10:01:00+05:30,2026-07-07,False,4.228472222222222,3-7d,24339.7,24349.581139622034,9.7649996775348,0.002393281407187751,False,12.700659121676678,True,EXP,hybrid,True,,6.435648813728556,2,1081,2.8773333333333335,True,2026-07-03T10:01:00+05:30,2026-07-07T15:30:00+05:30,True,True,"sqrt(252 * mean variance per session-equivalent), percent",4.7290544053210363e-05,3.3293508638062432,1.5173294814819691,True,3.3293508638062432,11.084577174327379,0.00011046764206202988,6.317709800881952e-05,1.0146143054832606,6.389131788921343,3.375867888613456,Q1 low,mid-vol,Q1 low
2026-07-28T13:00_2026-08-04,primary,holdout,2026-07-28,13:00,2026-07-28T13:01:00+05:30,2026-08-04,False,7.110416666666667,7-14d,24004.75,24041.345684437845,11.099501860128939,0.0018723672723160222,False,10.81111541543922,True,F20,hybrid,True,,9.0576224726266,20,7520,20.0,True,2026-07-28T15:30:00+05:30,2026-08-25T15:30:00+05:30,True,False,"sqrt(252 * mean variance per session-equivalent), percent",0.0006511152766399239,2.0418793875023393,1.2254321587892612,True,2.0418793875023393,4.169271433106928,,,,,,Q1 low,mid-vol,Q1 low
2026-09-04T10:00_2026-09-15,primary,holdout,2026-09-04,10:00,2026-09-04T10:01:00+05:30,2026-09-15,False,11.235416666666667,7-14d,23952.4,24024.02295911182,9.572684691847929,0.001492632152895528,False,8.006717281322995,True,F1,hybrid,True,,5.32130076930372,1,376,1.0,True,2026-09-04T15:30:00+05:30,2026-09-07T15:30:00+05:30,True,False,"sqrt(252 * mean variance per session-equivalent), percent",1.1236603919600147e-05,4.251383922544209,1.7989369717773898,True,4.251383922544209,18.07426525686738,,,,,,Q1 low,low-vol,Q1 low
2026-09-21T15:00_2026-09-22,primary,holdout,2026-09-21,15:00,2026-09-21T15:01:00+05:30,2026-09-22,False,1.0270833333333331,1-3d,23447.65,23445.303713316174,12.714674564732,0.005060019829158949,False,9.437955335864064,False,F10,hybrid,False,beyond_data_end,,0,0,,False,,,True,False,"sqrt(252 * mean variance per session-equivalent), percent",,,,,,,,,,,,Q2,low-vol,
2026-09-29T15:00_2026-09-29,primary,holdout,2026-09-29,15:00,2026-09-29T15:01:00+05:30,2026-09-29,True,0.0270833333333333,<=1d,22676.3,22676.125126002727,45.494467824054944,0.033374112856282084,False,10.249424247154595,False,EXP,hybrid,False,expiry_day_partial_session_only,,0,0,,False,,,True,False,"sqrt(252 * mean variance per session-equivalent), percent",,,,,,,,,,,,Q4 high,low-vol,
