split_group,time,horizon,measure,n_obs,unique_dates,unique_expiries,snapshots_per_date_median,snapshots_per_date_max,iv_mean,iv_median,rv_mean,rv_median,diff_mean,diff_median,diff_std,diff_p01,diff_p05,diff_p10,diff_p25,diff_p50,diff_p75,diff_p90,diff_p95,diff_p99,ratio_n_valid,ratio_median,ratio_mean,mae,mse,rmse,frac_iv_gt_rv,frac_iv_lt_rv,frac_iv_eq_rv,corr_pearson,corr_spearman,diff_mean_ci_lo,diff_mean_ci_hi,diff_median_ci_lo,diff_median_ci_hi,frac_iv_gt_rv_ci_lo,frac_iv_gt_rv_ci_hi,ci_method
all,10:00,EXP,hybrid,2164,1222,260,2.0,3,14.870039451969232,13.808869638176715,11.771360624944228,10.511480259889554,3.0986788270250045,3.054401475312907,4.77360165466463,-14.35352108457245,-3.3502861518652316,-0.9757150702519365,1.1610275116706807,3.054401475312907,5.346776761976043,7.895324814100882,9.939412433330947,14.119121473812779,2164,1.30445340124021,1.3434265848967595,4.294926824259207,32.378553067458206,5.690215555447632,0.8419593345656192,0.15804066543438078,0.0,0.5915788829165715,0.6522454920342209,2.6039952031740885,3.5755094695775664,2.7591022863048087,3.432055185957423,0.807882417590578,0.8745798132788054,"moving block bootstrap over dates, block=10, reps=300"
all,10:00,EXP,intraday,2164,1222,260,2.0,3,14.870039451969232,13.808869638176715,9.522565453624473,8.895896408062946,5.34747399834476,4.792078307848626,3.825910017103421,-2.2619485642400936,0.3288386279682976,1.4005558577045787,2.9339006735966575,4.792078307848626,7.1715130725160545,9.897269028629514,12.130236192915778,16.74330035646629,2164,1.5643915525215448,1.6027196945623672,5.491290894045165,43.226301487260294,6.574671207540366,0.9593345656192237,0.04066543438077634,0.0,0.6773095115601638,0.6639506843759907,4.904369263002693,5.795367832477137,4.378994299310738,5.244520388926566,0.9414820209730389,0.9754399266890899,"moving block bootstrap over dates, block=10, reps=300"
all,10:00,F1,close_to_close,2460,1236,262,2.0,3,15.83200180312501,14.387905571188606,10.126719922010079,7.891981428442409,5.70528188111493,6.53155888618801,9.451949892704535,-22.052187964703656,-9.959422106900893,-5.385093147908175,1.1151856434650136,6.53155888618801,10.925073383104014,15.828140524725846,19.541673789403674,27.436762095169417,2460,1.8238664094945278,10.966601051036948,8.79059293391338,121.85328130547877,11.038717375921841,0.7841463414634147,0.21585365853658536,0.0,0.3044031985140319,0.23609347037947387,5.165787609459713,6.252222917491487,6.078664260273511,6.9053829177414014,0.7600577702904169,0.807078139589169,"moving block bootstrap over dates, block=5, reps=300"
all,10:00,F1,hybrid,2453,1232,262,2.0,3,15.827275507986206,14.37636765972885,12.01190031380471,10.39860800203751,3.8153751941814966,3.7863602511862933,6.893221806063334,-16.992723444078244,-4.830603324161503,-1.9655743155856975,1.250000974376631,3.7863602511862933,6.459181424485338,10.034294272993138,13.808220416064316,22.13505842585054,2453,1.3894597501980717,1.457367098833555,5.616158447864894,62.05422396667775,7.877450346824013,0.8283734203016714,0.1716265796983286,0.0,0.4412688370063976,0.55020135134651,3.439471832273684,4.146731339501868,3.5396436024437894,4.067799232602711,0.8091177402721783,0.8474959963364425,"moving block bootstrap over dates, block=5, reps=300"
all,10:00,F1,intraday,2453,1232,262,2.0,3,15.827275507986206,14.37636765972885,9.573435888457844,8.690495334708771,6.253839619528362,5.467521470914786,5.483791910651527,-3.700415864132247,-0.06762299779643789,1.2387281879009562,3.1886672768102597,5.467521470914786,8.348495837797143,12.39280504040316,16.08575342524048,24.32859917153807,2453,1.6591377087836143,1.7425708037699368,6.577049364344585,69.17022444246554,8.316863858598717,0.9482266612311455,0.05177333876885446,0.0,0.49600854847768117,0.5781679753010341,5.8762181059136065,6.630951471483947,5.149077002308589,5.7258399228889,0.9356470403227665,0.959917596693498,"moving block bootstrap over dates, block=5, reps=300"
all,10:00,F10,close_to_close,2442,1227,261,2.0,3,15.853052558420725,14.39681485787399,12.529701982810902,11.065354687822687,3.323350575609822,2.908284488655309,6.0075458468164955,-11.30480650879284,-5.747642494259205,-3.0653783262383363,0.4081229943682767,2.908284488655309,5.828803286264732,10.36951793575166,13.57510526597525,21.167704741755912,2442,1.2836359674246027,1.380080560126638,5.02021697804055,47.12048703162105,6.864436395773586,0.7768222768222768,0.22317772317772316,0.0,0.4910602911019132,0.5237006051769937,2.6737525219210094,3.926349785176442,2.4859281024758935,3.3682106058413392,0.7322554996494328,0.825669552417544,"moving block bootstrap over dates, block=10, reps=300"
all,10:00,F10,hybrid,2368,1189,259,2.0,3,15.728852860383405,14.30326979097792,12.726018252953128,11.42923458345388,3.0028346074302754,2.5641389936023,5.852999689041584,-16.923377395596777,-4.419487541605063,-1.8497506758681046,0.4828418540088908,2.5641389936023,5.20237966129172,9.15446952447308,12.646802394993179,20.26235311680494,2368,1.2436581311910335,1.303064261717151,4.583402950932015,43.260154145346455,6.57724517905076,0.7981418918918919,0.20185810810810811,0.0,0.463865322008434,0.5973229376376558,2.3512321222943626,3.6858584464483894,2.191344517968004,3.062013047993932,0.7612022926106333,0.8446825743965977,"moving block bootstrap over dates, block=10, reps=300"
all,10:00,F10,intraday,2368,1189,259,2.0,3,15.728852860383405,14.30326979097792,9.858826144599364,9.455224805954897,5.870026715784039,4.765853339881108,5.328901118015081,-3.3865466422314965,-0.13290023922211197,1.069784880155259,2.767624909147659,4.765853339881108,7.9002206428043955,12.446706683329879,15.692812154546504,25.08188287900069,2368,1.5351065391383205,1.6353989515931757,6.119343995562548,62.84240871422674,7.927320399367415,0.9446790540540541,0.05532094594594594,0.0,0.4828214195665195,0.5715431071601591,5.392522239208484,6.436896900151328,4.2887761429580245,5.211815637629049,0.9178616966332032,0.9688306138306139,"moving block bootstrap over dates, block=10, reps=300"
all,10:00,F20,close_to_close,2422,1217,258,2.0,3,15.883951885263896,14.44418994137488,12.79842617495147,11.527534743368063,3.085525710312428,2.6114334923024627,5.9436985084590175,-12.161921800591335,-5.565398494279688,-2.7392189592097465,0.07625470251854338,2.6114334923024627,5.48768336303386,9.837686905866589,13.139009157762489,21.428328560870916,2422,1.24086122576229,1.3239303660325163,4.76731819451875,44.8334347611244,6.695777382882767,0.7555739058629232,0.2444260941370768,0.0,0.4601460401717591,0.5233895949183327,2.28832905530999,4.04461219255568,1.898579629893756,3.2545044185176693,0.6928081686344969,0.83088295687885,"moving block bootstrap over dates, block=20, reps=300"
all,10:00,F20,hybrid,2269,1139,247,2.0,3,15.71932945573117,14.28004927648247,12.889437014124328,11.808135075558782,2.829892441606842,2.332668462762726,5.906885602885473,-13.110300539139093,-7.473289726686257,-2.2432687954120625,0.24786074127549895,2.332668462762726,5.158959701966934,9.156798780109135,12.76495965197059,21.122016525249464,2269,1.2141633896971966,1.278557088405355,4.571586762520034,42.88421136680862,6.548603772317319,0.7783164389598942,0.22168356104010578,0.0,0.4106049050684931,0.542797425878646,1.8952592953734,3.667464174989064,1.8566982390618363,2.8662478162935434,0.7158980510992687,0.8334634722420505,"moving block bootstrap over dates, block=20, reps=300"
all,10:00,F20,intraday,2269,1139,247,2.0,3,15.71932945573117,14.28004927648247,9.924476518210021,9.710790345724151,5.7948529375211475,4.497748827299485,5.49706116232855,-4.566220768404347,-0.4528612663596895,0.8326984459403614,2.5899240703190136,4.497748827299485,7.881459783093808,12.448958014526808,15.80751781651343,25.014393626706784,2269,1.5120223876104815,1.6191196749003878,6.078943415623237,63.784684369154554,7.986531435432691,0.9360951961216395,0.0639048038783605,0.0,0.42827179324791714,0.5180314298132817,5.054796381969463,6.53606955649309,3.9094551952060232,5.188166962514304,0.8953011028031002,0.969430508797296,"moving block bootstrap over dates, block=20, reps=300"
all,10:00,F5,close_to_close,2452,1232,262,2.0,3,15.835642511476557,14.38919583234971,12.143513878556435,10.576656183671208,3.692128632920123,3.3306665813891163,6.546655762222087,-14.805249812709238,-6.449023406002149,-2.804382992552028,0.4913441365301092,3.3306665813891163,6.784382586261015,11.101555042977862,14.608075808132092,22.117745826707306,2452,1.3474254577555724,1.5192785359798602,5.585514397310455,56.473036432080164,7.514854385287859,0.7797716150081566,0.22022838499184338,0.0,0.4657642852437811,0.4403622715773397,3.088904423956339,4.220226896042254,2.9446075759401094,3.8497577966953584,0.7450027870875461,0.8159646619122307,"moving block bootstrap over dates, block=5, reps=300"
all,10:00,F5,hybrid,2417,1213,262,2.0,3,15.768320438137566,14.32782948171287,12.558099893117838,11.226512439835629,3.2102205450197294,2.789680151323057,5.8933747306633055,-13.344797338521365,-3.997268436344286,-1.737367924997933,0.6979761332995498,2.789680151323057,5.488223425682724,9.302010906516207,12.650031261041452,19.690671399932725,2417,1.2696423453262695,1.3346504705683864,4.677506460240818,45.023011839229135,6.709918914504789,0.8088539511791477,0.1911460488208523,0.0,0.5022080781196038,0.606665301070438,2.6956172319968497,3.641140953297458,2.5092525197348032,3.0728559919847136,0.7806309704865525,0.8374773715566453,"moving block bootstrap over dates, block=5, reps=300"
all,10:00,F5,intraday,2417,1213,262,2.0,3,15.768320438137566,14.32782948171287,9.785960131262593,9.168694878460157,5.982360306874975,4.96200879199239,5.261527618119557,-3.1164983999256086,0.11101136701966915,1.1844948523135577,2.8907596920518257,4.96200879199239,7.937680114963698,12.200885007707694,15.61433590224816,25.30631921532713,2417,1.574141969621403,1.6603933890798974,6.2186435366890676,63.46085398441905,7.96623210711432,0.9520066197765825,0.04799338022341746,0.0,0.5182797497747305,0.5900643668785222,5.5698234512211435,6.353810969891801,4.659808465250919,5.2808560935155615,0.9317650065822093,0.9698063761075267,"moving block bootstrap over dates, block=5, reps=300"
all,13:00,EXP,hybrid,2169,1224,260,2.0,3,14.636541938464184,13.56396999184502,12.095322755893722,10.758344318750728,2.54121918257046,2.67856411786941,5.01109494642877,-15.401129793911597,-4.184778930217514,-1.51153245041484,0.6811718958308148,2.67856411786941,4.795714520978784,7.1206490056651335,9.267125361821272,13.989515328832956,2169,1.2619452660292831,1.2859076329926054,4.019418828543108,31.55729023800642,5.617587581694337,0.8118948824343015,0.18810511756569848,0.0,0.5794084652133693,0.6720301807297479,2.029745053238283,3.0229074613577356,2.3916997426838686,2.9667177989121147,0.7778081901181239,0.8480640000693673,"moving block bootstrap over dates, block=10, reps=300"
all,13:00,EXP,intraday,2169,1224,260,2.0,3,14.636541938464184,13.56396999184502,9.646378762688908,9.019737895032952,4.9901631757752725,4.427422219593863,3.9311211154537635,-3.158631950888542,0.00463888713441706,1.0924374054205996,2.699273890650101,4.427422219593863,6.757851313327091,9.42114096659996,11.602458476184694,17.862656447995,2169,1.5233559346020547,1.5545572999001203,5.195676441395291,40.348316935075836,6.35203250425215,0.9497464269248501,0.05025357307514984,0.0,0.6645545784157277,0.674268625777066,4.568554461465374,5.453928869005505,4.073921574991298,4.870512405026325,0.9289479414813236,0.9678457353863232,"moving block bootstrap over dates, block=10, reps=300"
all,13:00,F1,close_to_close,2461,1236,262,2.0,3,15.598032289200695,14.000989963201699,10.1070759380311,7.88572818838818,5.490956351169596,6.2077278652271835,9.69637568449689,-22.240894939754313,-10.194564334706751,-5.894988541965969,0.8107535860994233,6.2077278652271835,10.639564334274251,15.498773815023384,19.413329745019972,29.461614333537966,2461,1.8069524101838172,11.02510534913214,8.71941574234308,124.13209920455787,11.141458576172056,0.7813896789922795,0.21861032100772043,0.0,0.28165473631397414,0.236530310797464,4.968984719755802,6.017025509858163,5.761136775439365,6.731310809732625,0.7584662286979607,0.8030567946061533,"moving block bootstrap over dates, block=5, reps=300"
all,13:00,F1,hybrid,2453,1232,262,2.0,3,15.589888288770037,13.9952016955005,11.984392830907254,10.387483177554191,3.6054954578627822,3.5022229033628713,7.175323175816471,-17.618210097563068,-5.2363920416101175,-1.9315992592517939,1.1389832486430498,3.5022229033628713,6.059313630186288,9.462036560602165,13.755472947998774,23.53313033106151,2453,1.3628734332949075,1.4341841707418617,5.467309473565631,64.46387148158834,8.0289396237354,0.8210354667753771,0.1789645332246229,0.0,0.4184040147607191,0.5610846516151765,3.214886101047391,3.930680180418559,3.25853254275449,3.78976254916788,0.7999458654757071,0.8421337706221427,"moving block bootstrap over dates, block=5, reps=300"
all,13:00,F1,intraday,2453,1232,262,2.0,3,15.589888288770037,13.9952016955005,9.564194498319921,8.690495334708771,6.025693790450114,5.094790586754233,5.794839658092454,-4.537275637140602,-0.24011479048977044,1.098741936543711,3.0043858336114484,5.094790586754233,7.837283949027343,11.980844708103621,16.20246721376102,27.17552410755917,2453,1.6260277820988311,1.7131525106156729,6.384121112128805,69.87546289136021,8.359154436386506,0.9429270281288219,0.05707297187117815,0.0,0.48349814651864687,0.5883981099543104,5.659795271338943,6.424893832080282,4.8135640813807425,5.435286900836055,0.9294945477056658,0.9553733879545303,"moving block bootstrap over dates, block=5, reps=300"
all,13:00,F10,close_to_close,2443,1227,261,2.0,3,15.615365973249009,14.04895108282122,12.521151924571475,11.065354687822687,3.0942140486775367,2.6258646537696935,6.433690211603552,-12.124734194756918,-6.039658841107094,-3.3411285143732137,0.14479908943364794,2.6258646537696935,5.382726208095049,10.155213208854533,13.538667355374741,23.704023210109504,2443,1.2552719141603568,1.3615715371393622,4.971277922132743,50.94958706382799,7.137897944341036,0.7621776504297995,0.23782234957020057,0.0,0.4507053911649645,0.5160259451873918,2.3903021132838482,3.7019729772702687,2.1806179199575335,3.107608498111973,0.7156639289735837,0.8091459664690243,"moving block bootstrap over dates, block=10, reps=300"
all,13:00,F10,hybrid,2369,1189,259,2.0,3,15.48832950433733,13.897900911365241,12.715513470158317,11.43049475453149,2.772816034179015,2.291190882847056,6.264741913181997,-18.249055337750566,-4.674257979650724,-2.3067133823754036,0.25711005863838565,2.291190882847056,4.724536549406091,9.103765028868867,12.701318043397432,22.833162349095744,2369,1.2170000886997987,1.283926443530845,4.5133919055894545,46.91893309601029,6.849739637096456,0.7783875052764879,0.22161249472351202,0.0,0.42753284886402404,0.59345928088202,2.115515588213632,3.4381379149548588,1.9312848364669493,2.6823162211816776,0.7388144509564367,0.828409218391051,"moving block bootstrap over dates, block=10, reps=300"
all,13:00,F10,intraday,2369,1189,259,2.0,3,15.48832950433733,13.897900911365241,9.852323234707672,9.455224805954897,5.636006269629661,4.390230001342956,5.73896314100605,-3.364913035498287,-0.5862037058592531,0.787387224940003,2.5082720822000626,4.390230001342956,7.385462177792378,11.93181426322963,15.626677866100904,27.48600975652377,2369,1.500694984495128,1.6110928401343492,5.937990192761388,64.68636182001741,8.042783213541032,0.9333051920641621,0.0666948079358379,0.0,0.4501393541113122,0.5648537575268309,5.136771158305694,6.199246365211509,3.965578801984741,4.871645913446377,0.9063868907837133,0.9593158682451568,"moving block bootstrap over dates, block=10, reps=300"
all,13:00,F20,close_to_close,2423,1217,258,2.0,3,15.642696576860741,14.063331943436971,12.797547487491245,11.527534743368063,2.845149089369497,2.228972419967562,6.324662736295215,-12.49893890956515,-6.443573401276686,-3.166088408045697,-0.2440806837260725,2.228972419967562,5.1057430722378365,9.906475227573594,13.409647332168433,24.287215990990255,2423,1.2069035638975716,1.3040045460450438,4.727621322488764,48.07972304727266,6.933954358608993,0.730499380932728,0.26950061906727196,0.0,0.4294248840600819,0.5156671527839507,2.0633446203243135,3.833243479257204,1.628621263889583,2.9757100980670206,0.6653571064177125,0.8074883892179597,"moving block bootstrap over dates, block=20, reps=300"
all,13:00,F20,hybrid,2269,1139,247,2.0,3,15.485931879087119,13.86605480104973,12.879238697296232,11.808135075558782,2.606693181790889,2.0462285043719977,6.297073665005959,-13.520233898975263,-7.831188788739679,-2.5876994550853554,-0.024118652138543695,2.0462285043719977,4.735440911060252,9.172036704648084,13.184450949019334,23.515978709281416,2269,1.18467237983272,1.2595281108892378,4.511802463861371,46.43051004563294,6.813993692808421,0.747906566769502,0.25209343323049804,0.0,0.38608039087558227,0.5384919210881434,1.6481751562355582,3.4592367306476306,1.5291213590387809,2.6120489251094154,0.6843857845550164,0.8058226601607437,"moving block bootstrap over dates, block=20, reps=300"
all,13:00,F20,intraday,2269,1139,247,2.0,3,15.485931879087119,13.86605480104973,9.918066412493031,9.710554626355048,5.56786546659409,4.132610485011742,5.91087919155107,-5.005573788503538,-0.8736423643450177,0.5549865607151049,2.3237464277008506,4.132610485011742,7.442073280483649,12.330366677887989,16.192305294368705,27.81418992865847,2269,1.4736549755135868,1.5953107046355253,5.90248136563687,65.92422048133153,8.11937315815276,0.9259585720581754,0.0740414279418246,0.0,0.4045426256854991,0.5104504065241533,4.793054570114272,6.335149165389875,3.583934168494438,4.873268591627018,0.88181906634573,0.9599769492360367,"moving block bootstrap over dates, block=20, reps=300"
all,13:00,F5,close_to_close,2453,1232,262,2.0,3,15.599764550218287,14.00404633706649,12.125096949626345,10.576656183671208,3.474667600591943,3.0686479224409133,6.958487698818697,-15.771651346116093,-6.874131928322602,-3.21694820182064,0.18107082959623177,3.0686479224409133,6.58464508363015,10.862356292621373,14.719095276879536,25.54022293939324,2453,1.3121935249967782,1.5007632319180526,5.5517775382185555,60.47412666958359,7.776511214521817,0.7631471667346107,0.2368528332653893,0.0,0.42472899167148026,0.4323198160963226,2.8595594804251356,4.036783496669432,2.643697982545466,3.462829955038878,0.7281556358002325,0.8000643466610253,"moving block bootstrap over dates, block=5, reps=300"
all,13:00,F5,hybrid,2418,1213,262,2.0,3,15.52353344226467,13.94340260496458,12.543140153893223,11.225641793577422,2.980393288371449,2.5220906746505856,6.29964490733206,-16.711192314045768,-4.377624283960635,-1.9277472045154034,0.4640460622562941,2.5220906746505856,5.070202711615293,8.778615105565473,12.353120722415357,22.820027412957888,2418,1.2421203466814603,1.3151146200877994,4.59833936968113,48.55185757009146,6.9679163004510505,0.7932175351530191,0.20678246484698098,0.0,0.46321208282309745,0.6043777712537903,2.460587638767182,3.468456218791248,2.2385823833342644,2.783563960823497,0.7622857945710375,0.8235961810320881,"moving block bootstrap over dates, block=5, reps=300"
all,13:00,F5,intraday,2418,1213,262,2.0,3,15.52353344226467,13.94340260496458,9.77732928588835,9.166959422605494,5.7462041563763195,4.618128913275462,5.6575499012821036,-3.743141625120832,-0.1493817052149359,0.8847301686994055,2.7297248893600212,4.618128913275462,7.375280584892749,11.908088827256472,15.637103084286435,26.833568161811876,2418,1.5342513161957685,1.6354660405871606,6.035507327134296,65.01349575938121,8.06309467632504,0.9441687344913151,0.05583126550868486,0.0,0.4845460042651542,0.5879155835486086,5.326563708769211,6.166031859795865,4.3231616049349535,4.876031848551544,0.9264112578109253,0.9617797891841563,"moving block bootstrap over dates, block=5, reps=300"
all,15:00,EXP,hybrid,2157,1222,260,2.0,3,14.270887657750727,13.175775545271682,12.319866086292715,10.900668238030477,1.9510215714580128,2.2634212545094936,5.034056642291351,-17.20709815282873,-4.997702199153022,-1.9552074481690929,0.2851630895329613,2.2634212545094936,4.201196546038291,6.346468393399597,8.139033180100403,12.188734952702093,2157,1.219566816924911,1.2336463943821072,3.696808459472704,29.136462851910533,5.397820194477632,0.779323133982383,0.22067686601761707,0.0,0.5892919885791391,0.6814602574179726,1.4129064266146323,2.4342974582895978,2.0426361949355436,2.5507627825195427,0.7449370419708683,0.8163968799151872,"moving block bootstrap over dates, block=10, reps=300"
all,15:00,EXP,intraday,2157,1222,260,2.0,3,14.270887657750727,13.175775545271682,9.690958270937923,9.034665929902854,4.579929386812806,4.11135976124018,3.802638194620965,-3.5901258950440735,-0.40504336151675113,0.7484916827183188,2.417993525815957,4.11135976124018,6.330311630554194,8.88328450867416,10.923343013038023,17.09357494977701,2157,1.480930752116359,1.5114724436485636,4.836109554488389,35.42910664562965,5.952235432644583,0.9397311080203987,0.0602688919796013,0.0,0.659822039017355,0.6677780577392537,4.153992692191404,5.05429791475841,3.7574381010526245,4.490552770513299,0.9162412367901819,0.9606829116199892,"moving block bootstrap over dates, block=10, reps=300"
all,15:00,F1,close_to_close,2448,1234,262,2.0,3,14.77871602285972,13.429116983147159,10.08808546236433,7.864304632549188,4.690630560495393,5.692829464984136,9.458916952475457,-24.08148580817418,-10.855946032985697,-6.597109675299485,0.1988831629044121,5.692829464984136,9.936978749949098,14.07149071890004,17.950953071871854,25.964506306094584,2448,1.7379210686017084,10.453380264029583,8.248804986537412,111.43657631287034,10.556352415151284,0.758578431372549,0.24142156862745098,0.0,0.2800654639587161,0.2284686197592039,4.195890426161277,5.188652375614238,5.19458030201788,6.043452279162111,0.7382946122777675,0.7799134111438786,"moving block bootstrap over dates, block=5, reps=300"
all,15:00,F1,hybrid,2441,1230,262,2.0,3,14.773393268160362,13.42298235662198,11.971329951551782,10.36394852252122,2.8020633166085798,3.079177891155794,6.751627968959903,-17.69389745764507,-6.018890116338802,-2.623907879931414,0.7332291539624283,3.079177891155794,5.327743314558861,8.106289593793603,10.97686628333549,21.01423626949601,2441,1.3148188741583264,1.3644364728784923,4.888239016238172,53.41736455098383,7.308718393192053,0.802130274477673,0.19786972552232693,0.0,0.43779306447044714,0.5720291592635085,2.425913281999792,3.1770645243094915,2.857742252610322,3.331831912881298,0.781648142763696,0.8247012774995137,"moving block bootstrap over dates, block=5, reps=300"
all,15:00,F1,intraday,2441,1230,262,2.0,3,14.773393268160362,13.42298235662198,9.546700748064353,8.670008722127058,5.226692520096009,4.683494272277912,5.174029863696793,-5.604948221946743,-0.6393270541296108,0.8310481173066488,2.6192155661702916,4.683494272277912,7.001502776079371,10.219590689882002,14.043930135017696,22.872836244036957,2441,1.5592545585262878,1.630735983333496,5.66368493273415,54.07793267350714,7.353769963325419,0.934043424825891,0.06595657517410897,0.0,0.5063333243286794,0.5959658948076854,4.877077700873002,5.610659886222834,4.35706879029652,4.997834090111846,0.9201353215785638,0.9473582169709989,"moving block bootstrap over dates, block=5, reps=300"
all,15:00,F10,close_to_close,2430,1225,261,2.0,3,14.77812302515432,13.470443548296384,12.500439645598886,11.049880633284992,2.2776833795554343,2.205396801289505,5.839200170441467,-12.250565105635172,-6.65698869616519,-3.7659978716892097,-0.369917400827799,2.205396801289505,4.658880513855989,8.466927919606754,11.144977748346438,18.831579142378466,2430,1.2122601062465017,1.2930925660926351,4.4185902537691355,39.27006882583426,6.2665835050555465,0.7218106995884773,0.2781893004115226,0.0,0.4814521405722796,0.5305689562178768,1.6071630772807508,2.9033576656194433,1.813982362041319,2.674723197578295,0.6720434279640293,0.7694225195214046,"moving block bootstrap over dates, block=10, reps=300"
all,15:00,F10,hybrid,2356,1187,259,2.0,3,14.656068491196283,13.348206811466689,12.701345466941357,11.424641700186317,1.9547230242549243,1.856523930048147,5.677391352917046,-18.594796794712455,-5.362396081632709,-3.0092528033666914,-0.12822527846831244,1.856523930048147,4.085679553778308,6.872541024636528,10.247486168800243,18.94266497527235,2356,1.1750160883846137,1.2183019633076109,3.9462187031698153,36.04003353287124,6.003335200775585,0.733446519524618,0.266553480475382,0.0,0.4537452401703236,0.609512686517425,1.3337894020181496,2.588869951530932,1.4994421464962677,2.26129775440267,0.6901717557251908,0.7879781426193455,"moving block bootstrap over dates, block=10, reps=300"
all,15:00,F10,intraday,2356,1187,259,2.0,3,14.656068491196283,13.348206811466689,9.844036477168101,9.454071161121682,4.812032014028182,3.9350126359062467,5.040516612329836,-4.612397369075721,-1.0890606453080656,0.37908052625534383,2.1600125360347215,3.9350126359062467,6.589868059630252,10.35134340387977,13.593735264446993,23.160404896596006,2356,1.4549745380516415,1.529071173365706,5.210383451742967,48.55167594896104,6.967903267767215,0.91553480475382,0.08446519524617997,0.0,0.4743958616819597,0.5733442594808027,4.3794751656283655,5.329071421685455,3.5978926414577734,4.330178463294461,0.8860829400488275,0.9464820918717234,"moving block bootstrap over dates, block=10, reps=300"
all,15:00,F20,close_to_close,2410,1215,258,2.0,3,14.776094269756623,13.51470271113897,12.777103468476632,11.522529964743516,1.9989908012799926,1.8645547484139469,5.6215715025361,-13.167289722114274,-7.038679680191266,-3.8446694048378096,-0.6398038362726077,1.8645547484139469,4.287987185686109,8.081542487843446,10.76290253293012,19.26075475012328,2410,1.1753421410213123,1.2355110053046916,4.189330275543882,35.58491749120598,5.965309505063923,0.7020746887966804,0.2979253112033195,0.0,0.46063186361042413,0.5307382787536631,1.2198094012562657,2.901273934299035,1.2661535199460763,2.4827507479468633,0.6372075710631168,0.7824679691019424,"moving block bootstrap over dates, block=20, reps=300"
all,15:00,F20,hybrid,2258,1137,247,2.0,3,14.621460092402186,13.290148502428874,12.86395796686637,11.80712289801647,1.7575021255358194,1.6109171085031972,5.614994882017761,-13.974069898267278,-8.586216321842672,-3.315791035241388,-0.3644457884408707,1.6109171085031972,3.9323680073305547,7.21426269110035,10.444826393456125,18.789939966013357,2258,1.147429889574322,1.1928089640144504,3.967602133796123,34.60301837321966,5.8824330317666735,0.7121346324180691,0.28786536758193093,0.0,0.40554249551886684,0.5481770977025251,0.8359300845020126,2.5766342026766598,1.10715724409842,2.1524377315226686,0.64807706632371,0.7707664924097658,"moving block bootstrap over dates, block=20, reps=300"
all,15:00,F20,intraday,2258,1137,247,2.0,3,14.621460092402186,13.290148502428874,9.911641788065864,9.709146154836946,4.709818304336323,3.727290181369204,5.102306699298706,-5.964066405129636,-1.5159004976443589,0.10386239013771227,1.9192848383259462,3.727290181369204,6.597778650586891,10.822590286089584,13.82028993808393,21.87929712833922,2258,1.4252183898006097,1.5097835609869146,5.172571793793378,48.204392647824264,6.942938329542058,0.9052258635961028,0.09477413640389726,0.0,0.4273728588456096,0.5156424376129117,3.982999068478593,5.423572187769564,3.200788280324916,4.31773485528667,0.856030709741442,0.941456906550041,"moving block bootstrap over dates, block=20, reps=300"
all,15:00,F5,close_to_close,2440,1230,262,2.0,3,14.773193790871291,13.444303790311906,12.106628896311287,10.53662151577899,2.6665648945600045,2.6219545854502853,6.417894728800529,-16.127416300727052,-7.301630276044229,-3.923708691370867,-0.3716884805983769,2.6219545854502853,5.811029887540419,9.378789643734155,11.988438010288041,19.959528486982926,2440,1.2671503116096596,1.4272463062683016,5.007025820008378,48.283060196394125,6.948601312235011,0.7295081967213115,0.27049180327868855,0.0,0.4573578725830246,0.4431843647814128,2.164899470147009,3.1892515101696546,2.236543520629033,2.9988269761986053,0.6942375213541009,0.7705091634336352,"moving block bootstrap over dates, block=5, reps=300"
all,15:00,F5,hybrid,2405,1211,262,2.0,3,14.70258906273733,13.39497204256451,12.529441287445739,11.207320722697467,2.17314777529159,2.04736168741578,5.731680714456709,-16.119481560523973,-5.120825228765142,-2.411199213798897,0.1303440648904477,2.04736168741578,4.338859286566544,6.898641355442268,9.908268164966344,19.50030804672216,2405,1.1995839813471851,1.2491321481157227,3.997572159814018,37.561075122356584,6.12870909102044,0.7646569646569646,0.23534303534303536,0.0,0.49475623396483437,0.6223935882438099,1.6477090504515524,2.6271380302368246,1.7869323850351677,2.317300589541504,0.7334008895766853,0.7977931305123679,"moving block bootstrap over dates, block=5, reps=300"
all,15:00,F5,intraday,2405,1211,262,2.0,3,14.70258906273733,13.39497204256451,9.763183362154333,9.157693780387005,4.939405700582997,4.1414152025389175,4.955569858596711,-5.029022742183773,-0.8570299647705567,0.5459603083100325,2.396365475091093,4.1414152025389175,6.625667939562605,10.036769315254451,13.446661834894133,22.938981433212216,2405,1.4860193559892623,1.5545424553850942,5.29686698244211,48.94519020789611,6.996083919443513,0.9305613305613306,0.06943866943866944,0.0,0.5165288139414115,0.5977384136501063,4.564372107282804,5.3324025315236225,3.835304969981779,4.403722464385587,0.9104639189468964,0.9485791955972659,"moving block bootstrap over dates, block=5, reps=300"
dev,10:00,EXP,hybrid,1394,793,170,2.0,2,15.453848546556967,14.28148991210864,11.890759754375646,10.728820700693316,3.563088792181323,3.4331475638217754,3.996743627592499,-7.226147789607069,-3.213797115908389,-0.6519805166029574,1.4720914337229747,3.4331475638217754,5.668424336225279,8.1921361342273,10.05740177060371,13.485516744811012,1394,1.3245965168390779,1.3635519264206992,4.3299669290841925,28.658102284159575,5.353326282243552,0.8637015781922525,0.13629842180774748,0.0,0.6799275654932685,0.6628382010815073,3.1536311802916286,3.997236391583265,3.025894134787826,3.889050567228395,0.8262007684918348,0.9003788568343104,"moving block bootstrap over dates, block=10, reps=300"
dev,10:00,EXP,intraday,1394,793,170,2.0,2,15.453848546556967,14.28148991210864,9.758145401884084,9.255852412955074,5.6957031446728825,5.170692291093711,3.74101254954293,-1.350963962361565,0.7330332070825509,1.7723529111324179,3.2291731577601746,5.170692291093711,7.755322199465846,10.309280121624578,12.363869553798647,16.437534059209785,1394,1.592498502472488,1.6297694181037812,5.78145389467115,46.42616962780464,6.8136751924203605,0.9705882352941176,0.029411764705882353,0.0,0.6924865327390208,0.6684377220241157,5.211269721943835,6.295379071334883,4.662311955555507,5.771374071085483,0.950805150176077,0.9845098503819779,"moving block bootstrap over dates, block=10, reps=300"
dev,10:00,F1,close_to_close,1593,806,171,2.0,3,16.463611764644845,14.92726859533552,10.366444821082853,8.023360261858699,6.097166943561993,6.777941967560271,9.810996988077395,-22.091789976220365,-10.14248888050563,-5.309726890592706,1.443192161684621,6.777941967560271,11.42857856340203,16.801511932231133,20.349838625520196,28.180625498638616,1593,1.8720394319397218,13.87612399169132,9.187267525002463,133.3706824934099,11.548622536623574,0.7934714375392341,0.20652856246076584,0.0,0.2909372637479,0.2350469540193144,5.491316913530547,6.760624891987174,6.371109096667787,7.258274050270841,0.7714146649127998,0.8231071172376279,"moving block bootstrap over dates, block=5, reps=300"
dev,10:00,F1,hybrid,1586,802,171,2.0,3,16.459089487062975,14.918658363656466,12.24942227246228,10.948951926079188,4.209667214600698,4.093337805679784,6.287385082896334,-15.096086382493837,-4.4587578613612875,-1.7391320226747977,1.5627339604312485,4.093337805679784,6.738098075305736,10.596691993402928,14.467685420657713,22.238892834938248,1586,1.4136119258135595,1.4670469123947059,5.717080729283088,57.22758413668421,7.564891548243385,0.8385876418663304,0.1614123581336696,0.0,0.4846862660786245,0.5690639906856394,3.8266851734565983,4.68590209601654,3.76529269794244,4.402872452268115,0.8162284791993782,0.8633221072601474,"moving block bootstrap over dates, block=5, reps=300"
dev,10:00,F1,intraday,1586,802,171,2.0,3,16.459089487062975,14.918658363656466,9.84480479677057,8.875585182713856,6.614284690292405,5.796255698196397,5.515831411469722,-3.576438257232581,0.3397973148291835,1.5544952537974712,3.5089414167663637,5.796255698196397,8.8482336772251,12.845771532952718,16.510794397435237,24.230862086438602,1586,1.688886524526711,1.7663879447688087,6.900663606756884,74.15397502427017,8.611270232913967,0.957124842370744,0.04287515762925599,0.0,0.5044829374637432,0.5943780869223956,6.214242708454277,7.117143319086653,5.510686413578942,6.215411185511157,0.9446659089817113,0.9697832865433482,"moving block bootstrap over dates, block=5, reps=300"
dev,10:00,F10,close_to_close,1593,806,171,2.0,3,16.463611764644845,14.92726859533552,12.926155230389922,11.328387558801381,3.5374565342549227,3.0945422541176733,6.228219087073217,-10.835126818589357,-5.222365703938562,-3.019320298747776,0.4197440356224309,3.0945422541176733,6.030578335565794,10.641570810920598,14.100424974592414,22.0356539698494,1593,1.297988535944686,1.392084350995066,5.23586544469124,51.279960998259085,7.161002792783919,0.7727558066541117,0.22724419334588827,0.0,0.4658822504028436,0.506673543827016,2.7694803537574195,4.371127961748526,2.517616616608176,3.8075495204506287,0.7139471266973632,0.8303474155218341,"moving block bootstrap over dates, block=10, reps=300"
dev,10:00,F10,hybrid,1519,768,169,2.0,3,16.299738490325037,14.75703552614253,12.74004541102934,11.680557827629137,3.5596930792956964,2.9059603251574107,5.408344800945359,-7.477337455658871,-3.5170129965326646,-1.6773198772933975,0.7062553338502404,2.9059603251574107,5.483572819255621,9.647001785130822,13.233408076390658,21.49518618175671,1519,1.2585135906196727,1.3274434669160249,4.585737048494214,41.902352087788636,6.473202614455123,0.8215931533903884,0.1784068466096116,0.0,0.5024875167352633,0.5962854376542899,2.9986986807063856,4.202374314684977,2.3254270423582555,3.3857912743645997,0.7714984998510874,0.8692444680999581,"moving block bootstrap over dates, block=10, reps=300"
dev,10:00,F10,intraday,1519,768,169,2.0,3,16.299738490325037,14.75703552614253,10.11936570026369,9.69118455197197,6.1803727900613445,5.008918710355736,5.349626404889792,-2.4740855556879833,0.37441042644922606,1.3648106594343008,2.985446492963075,5.008918710355736,8.183763260368224,12.717822771982092,16.264043782545073,24.55486144691789,1519,1.5601689118839868,1.6566962102513854,6.390482740436042,66.79667013876872,8.17292298622523,0.955892034233048,0.044107965766951945,0.0,0.4726692559130247,0.5657386392971846,5.529177799983047,6.943438370870002,4.491045606360533,5.7231340099988435,0.9348030025474425,0.9758611296334618,"moving block bootstrap over dates, block=10, reps=300"
dev,10:00,F20,close_to_close,1593,806,171,2.0,3,16.463611764644845,14.92726859533552,13.216139422466375,11.804148285047097,3.247472342178468,2.6539556099436954,6.005187410904286,-12.794606411052932,-4.902346633630655,-2.238793845767418,0.04246504067082135,2.6539556099436954,5.58794279796861,9.988349574378994,13.68708724285305,21.473606184833155,1593,1.2309960666901296,1.3257688887361647,4.772005760643524,46.5857144898071,6.825372846211927,0.7539234149403641,0.2460765850596359,0.0,0.45345949792359624,0.5279414314206795,2.362269406275768,4.3919101901414175,1.8109720891715115,3.423909788466306,0.683877587486491,0.8377046401967072,"moving block bootstrap over dates, block=20, reps=300"
dev,10:00,F20,hybrid,1440,728,160,2.0,3,16.265805979183405,14.671707308364269,12.814066121020907,12.129216119484534,3.4517398581625,2.3985308158242273,5.396263091066085,-8.847826366275811,-2.7059657645168107,-1.3395777246198624,0.37431897905943723,2.3985308158242273,5.455241318789538,9.802422384527784,13.290852026721033,21.062993493644324,1440,1.2173145572849147,1.305514255618414,4.362805537996499,41.01394141354922,6.404212786404682,0.7951388888888888,0.2048611111111111,0.0,0.47814954933275333,0.5823278114934795,2.631320265308586,4.156951699264712,1.8801900606984003,3.2816049837431662,0.7382059024762506,0.8507828810020877,"moving block bootstrap over dates, block=20, reps=300"
dev,10:00,F20,intraday,1440,728,160,2.0,3,16.265805979183405,14.671707308364269,10.192049032517899,9.911798538932514,6.073756946665508,4.705617518185745,5.4984940734019805,-4.7718958087626175,0.2873007703116908,1.238789900187174,2.6633839013836127,4.705617518185745,8.261987130639508,13.059858556126521,15.829561402991416,24.73994204357813,1440,1.5132175258796157,1.6364163241593228,6.279008439198819,67.10296507999087,8.191639950583209,0.9590277777777778,0.04097222222222222,0.0,0.4203402677919609,0.5306596396896559,5.157038319917236,6.975081258946864,3.974847812440985,5.668253675371158,0.9201600325884544,0.9826049309596877,"moving block bootstrap over dates, block=20, reps=300"
dev,10:00,F5,close_to_close,1593,806,171,2.0,3,16.463611764644845,14.92726859533552,12.491129164893247,10.836204627884927,3.9724825997516002,3.727321386663368,6.828753530505835,-15.20887180545049,-6.670025869729165,-3.1256857425667834,0.5185674594689029,3.727321386663368,7.228655972629451,11.624135478688679,15.400109649074766,22.82897737423954,1593,1.3678380651598896,1.541392654396169,5.914053377542406,62.383219794651446,7.89830486842914,0.7878217200251099,0.21217827997489014,0.0,0.442773333597615,0.4319975652159244,3.3066009694777656,4.647764543340229,3.2420791517081597,4.20993410941421,0.7487306625183322,0.8299886895947411,"moving block bootstrap over dates, block=5, reps=300"
dev,10:00,F5,hybrid,1558,787,171,2.0,3,16.373278948598987,14.822829342176664,12.651550032263737,11.349597582412965,3.721728916335248,3.1219930629855304,5.466229888622898,-9.190798899960498,-3.981232843926702,-1.561827049134385,1.0412082462183814,3.1219930629855304,5.876680890891888,9.758576509368712,12.982930321486208,21.67754415225395,1558,1.292807639880972,1.3586249270317918,4.807815924030045,43.71175710039715,6.611486754157279,0.82798459563543,0.17201540436456997,0.0,0.5362300078660966,0.60755370892019,3.194240002489795,4.188179467666713,2.7828014505430474,3.479740861412526,0.7846344459991055,0.8644602564607116,"moving block bootstrap over dates, block=5, reps=300"
dev,10:00,F5,intraday,1558,787,171,2.0,3,16.373278948598987,14.822829342176664,10.04693552383017,9.452353874357406,6.326343424768815,5.244984329900316,5.289138652171638,-2.681654480576966,0.3164522365713052,1.5354100786806164,3.213601057710618,5.244984329900316,8.353708883839033,12.729847828795837,15.758542802452933,24.80361473591163,1558,1.5947599528063312,1.684669687959137,6.534079607674735,67.97965310546613,8.244977447238174,0.9557124518613607,0.044287548138639284,0.0,0.5160496347789346,0.5915648842741515,5.846554204589362,6.801163120990201,4.8058087837791525,5.688907353269427,0.933903057338477,0.9736850442228872,"moving block bootstrap over dates, block=5, reps=300"
dev,13:00,EXP,hybrid,1399,795,170,2.0,2,15.230347192834676,14.063331943436971,12.21203596148706,10.987359968368962,3.018311231347617,2.947279627090966,4.052063531087857,-9.303922231594965,-3.805298909672639,-1.0741937443978988,1.1379644438457728,2.947279627090966,5.127568813901576,7.411995317784066,9.339687085490917,13.559889856157847,1399,1.2815584121685593,1.3051901915218729,3.9929357107276866,25.517685152639515,5.051503256718688,0.8434596140100071,0.15654038598999284,0.0,0.6844985915893415,0.6931062346801978,2.59750952651131,3.4726902581485617,2.6241079493703414,3.2979182340548245,0.8050016794640461,0.8806029302634085,"moving block bootstrap over dates, block=10, reps=300"
dev,13:00,EXP,intraday,1399,795,170,2.0,2,15.230347192834676,14.063331943436971,9.880778753461334,9.362409717972183,5.3495684393733445,4.793932664819687,3.7898738273991768,-2.2363874578637155,0.37861417614595183,1.5676696094599045,2.985069438236411,4.793932664819687,7.163951603393436,9.721909077138154,11.688750178313935,17.17373411709376,1399,1.5503063471171126,1.5819781605702348,5.48210537242426,42.97075939346659,6.555208569791398,0.9621157969978557,0.03788420300214439,0.0,0.6892647023082787,0.6861067312247647,4.8376453631015615,5.977399623725496,4.254642308953411,5.413706030000452,0.9396648074539471,0.9776595979534062,"moving block bootstrap over dates, block=10, reps=300"
dev,13:00,F1,close_to_close,1594,806,171,2.0,3,16.26121662142478,14.499821919325978,10.335965793810995,8.022318852405242,5.925250827613785,6.573825686691436,10.007930791363695,-22.43113570002333,-10.198457661860848,-5.542842903798182,1.29838745572588,6.573825686691436,11.235590945788289,16.454199353227054,20.58615422414745,32.10312718739447,1594,1.8378106719380056,13.996832044756403,9.094368358674839,135.20444129014274,11.627744462712567,0.7910915934755333,0.20890840652446674,0.0,0.27420601476300616,0.24054411017221008,5.326165717350498,6.5743195132627825,6.062958079087322,7.095130465845036,0.7672988374967142,0.8224038093896525,"moving block bootstrap over dates, block=5, reps=300"
dev,13:00,F1,hybrid,1586,802,171,2.0,3,16.251965827983028,14.495759717081931,12.206877596833364,10.941350167340753,4.045088231149665,3.8273854960179046,6.490793852535252,-14.456094880347022,-4.40084068577837,-1.4998145763276671,1.446523742568329,3.8273854960179046,6.336164104863842,9.767762038905474,14.008849180598363,24.34323120085703,1586,1.3817440266105332,1.4463373180716748,5.534632662147882,58.466579696419466,7.646344204678433,0.8354350567465322,0.16456494325346785,0.0,0.47687303081768007,0.5906876532653754,3.655943731499395,4.51530607570743,3.4959897728516798,4.1531444710045164,0.8108302122347066,0.860631954697827,"moving block bootstrap over dates, block=5, reps=300"
dev,13:00,F1,intraday,1586,802,171,2.0,3,16.251965827983028,14.495759717081931,9.830511524381969,8.875585182713856,6.421454303601062,5.45107678133299,5.796995972289252,-3.3258790961131974,0.07480629799415084,1.4025028095511995,3.3581082575587837,5.45107678133299,8.23981273627578,12.29050322726497,16.909859306422852,27.127787270403875,1586,1.6534179261635114,1.7402071288201022,6.714994459452218,74.8190490490496,8.649800520766338,0.9508196721311475,0.04918032786885246,0.0,0.4981745105214065,0.6128333443829354,6.0070158737867585,6.943593708217502,5.063275978018469,5.84468397525861,0.9384804359154998,0.9658557370992931,"moving block bootstrap over dates, block=5, reps=300"
dev,13:00,F10,close_to_close,1594,806,171,2.0,3,16.26121662142478,14.499821919325978,12.912802504212694,11.325678366028326,3.348414117212087,2.8896195247938943,6.644690336293669,-11.656184328897682,-5.742974417008844,-3.2695798771003663,0.1694327373835227,2.8896195247938943,5.695271635996089,10.798309568077716,14.17340472482805,25.888974841624698,1594,1.2787653947541486,1.3760403811263997,5.218970844355729,55.33608795148604,7.438823021922624,0.7634880803011292,0.23651191969887075,0.0,0.42788624398595354,0.5049551945727585,2.4931895977007494,4.212300070295584,2.25778279071865,3.4104050774301244,0.7037148171544887,0.8202168221330665,"moving block bootstrap over dates, block=10, reps=300"
dev,13:00,F10,hybrid,1520,768,169,2.0,3,16.09466632742033,14.359715458046306,12.72366392576685,11.680557827629137,3.3710024016534854,2.5821591438711913,5.834323858365402,-8.305777705416931,-3.7013074658989247,-2.0764792592638304,0.5098727912701917,2.5821591438711913,5.0210991881254,9.697589082668388,13.099822741583294,23.759116757053203,1520,1.2390717776641498,1.3112497276200785,4.50885488480181,45.38059777697934,6.7365122858181845,0.8019736842105263,0.1980263157894737,0.0,0.46869013970482953,0.598449415144256,2.7913135827189897,4.048744595004279,2.074578605878423,3.0519794394249944,0.7484282786885246,0.8530014175712163,"moving block bootstrap over dates, block=10, reps=300"
dev,13:00,F10,intraday,1520,768,169,2.0,3,16.09466632742033,14.359715458046306,10.10905916533666,9.69118455197197,5.985607162083675,4.701510587344849,5.771896879082307,-2.629256495802917,-0.06551437784377664,1.0786445917122172,2.800706349982314,4.701510587344849,7.868782377874965,12.524794633132018,15.906579687751078,27.48542358957998,1520,1.5205253040688906,1.6366667889564208,6.23363313587383,69.12036905419038,8.313866071461002,0.9460526315789474,0.05394736842105263,0.0,0.44174940747845476,0.5631031836510241,5.366683120585956,6.78190018192061,4.105608021850826,5.410767086673156,0.9198353814348267,0.9702604798151122,"moving block bootstrap over dates, block=10, reps=300"
dev,13:00,F20,close_to_close,1594,806,171,2.0,3,16.26121662142478,14.499821919325978,13.214541697896967,11.804873587668503,3.046674923527811,2.3063671785233817,6.371420306270035,-13.173367968560056,-5.180224535977472,-2.4669018757713954,-0.24253368876480064,2.3063671785233817,5.255712186312881,10.16903040737491,13.862102997841815,24.66729270393739,1594,1.1972037197149594,1.3084047265038417,4.736992026520332,49.85175743319534,7.060577698262044,0.7245922208281054,0.27540777917189463,0.0,0.4271284566114935,0.5256088494598518,2.1577087510166595,4.151278031715726,1.5527599860184342,3.092951232810014,0.6557609870267349,0.806696984522327,"moving block bootstrap over dates, block=20, reps=300"
dev,13:00,F20,hybrid,1440,728,160,2.0,3,16.080350640601527,14.295224427968435,12.79799668985219,12.12338519676363,3.282353950749336,2.138995170909035,5.803578638862361,-9.230295441779383,-2.948459888046013,-1.5029346858300956,0.1471388049764788,2.138995170909035,5.022162105736999,9.788569819826325,13.613066128839867,24.261528203764026,1440,1.1888676536919416,1.2895242378878515,4.293929452773994,44.43198252753049,6.66573195737201,0.7680555555555556,0.23194444444444445,0.0,0.4615659607726408,0.5869939754200747,2.4455710512064748,4.057518470919898,1.555338622912793,2.8581920016762057,0.7068886777240267,0.8231707704183591,"moving block bootstrap over dates, block=20, reps=300"
dev,13:00,F20,intraday,1440,728,160,2.0,3,16.080350640601527,14.295224427968435,10.181948664551335,9.9047597410292,5.8984019760501925,4.297407218262977,5.932675078629837,-5.022450084389309,0.06492933394834735,0.9783164045127851,2.4249710672566964,4.297407218262977,7.993743029350027,12.75186937966686,16.23975859713182,27.60226170682513,1440,1.4843437862730982,1.6173329372661969,6.1356829181089125,69.9633373530096,8.364408966149945,0.9527777777777777,0.04722222222222222,0.0,0.40242636712158686,0.5298577904863552,4.980726911083788,6.830928982760195,3.650492482737056,5.255003179980407,0.9147368459609341,0.9784365926248548,"moving block bootstrap over dates, block=20, reps=300"
dev,13:00,F5,close_to_close,1594,806,171,2.0,3,16.26121662142478,14.499821919325978,12.46256935187452,10.829859620946351,3.7986472695502598,3.382909935308252,7.211272693673063,-16.935727849995153,-7.295397181340709,-3.493593472642673,0.35028873755079726,3.382909935308252,6.961570181246326,11.456302859318496,15.533116611029001,26.658508632743327,1594,1.3361693024143033,1.526553227695409,5.870174710441832,66.39955106778787,8.148591968419321,0.7716436637390214,0.22835633626097868,0.0,0.4064890901275718,0.4356248296288032,3.154215093250801,4.458375738609886,2.926766791160887,3.845926681344383,0.7298479999655174,0.8149812147777082,"moving block bootstrap over dates, block=5, reps=300"
dev,13:00,F5,hybrid,1559,787,171,2.0,3,16.157832402990127,14.44995053747892,12.628287620727967,11.345343178347902,3.529544782262162,2.822973164153886,5.858727467529595,-10.306346077061058,-4.250604861182391,-1.7330446664007708,0.872251844231732,2.822973164153886,5.463255152125851,9.56316043559522,13.152551158952297,23.604310156616386,1559,1.2691966541323492,1.3417307754767929,4.701679237571702,46.76035679040982,6.838154487170484,0.822963438101347,0.177036561898653,0.0,0.5023298425139261,0.6147207548334527,2.9700304683871646,4.016774705971766,2.5065252908172613,3.133426775280507,0.7792129270305898,0.858246601669109,"moving block bootstrap over dates, block=5, reps=300"
dev,13:00,F5,intraday,1559,787,171,2.0,3,16.157832402990127,14.44995053747892,10.03338173325449,9.445024818688312,6.12445066973564,4.92357600663781,5.678630479929901,-3.1815482465808036,-0.00428806280432865,1.3205381686092958,3.092870698599212,4.92357600663781,7.827102217256891,12.489123751658525,15.846112706785547,27.42227535159728,1559,1.5631682924492487,1.6635938551199412,6.36377368680614,69.73505582051122,8.350751811694035,0.949326491340603,0.05067350865939705,0.0,0.4852705508073383,0.5970132967966305,5.641069775184082,6.659558517015263,4.498019377456156,5.427273407844679,0.9275307752243144,0.9677693518992729,"moving block bootstrap over dates, block=5, reps=300"
dev,15:00,EXP,hybrid,1390,794,170,2.0,2,14.802138632956149,13.66361899096638,12.414479279824867,11.216937779688134,2.3876593531312857,2.4999503736836735,3.9254339167778114,-9.805849646761338,-4.598921232427189,-1.5864831191178426,0.661050845498214,2.4999503736836735,4.381857014344945,6.5136506314427525,8.211398604713388,11.882876657122596,1390,1.2335821924875419,1.2493561267137296,3.596623619373114,21.098862987459007,4.593349865562061,0.8079136690647482,0.1920863309352518,0.0,0.7023555585058854,0.7043317466182387,1.9778406665707504,2.8180071719279325,2.2168645549965507,2.893817697404738,0.7677255134802304,0.8493450048569609,"moving block bootstrap over dates, block=10, reps=300"
dev,15:00,EXP,intraday,1390,794,170,2.0,2,14.802138632956149,13.66361899096638,9.90142999875834,9.34325820254713,4.9007086341978106,4.364101514090699,3.6241579659777177,-2.4098870663377054,0.18783424567542178,1.17884390248237,2.6803597837250783,4.364101514090699,6.617412305282862,9.279626867086094,11.010267003177923,17.081990693767004,1390,1.497591472241723,1.5362732202549452,5.05300390299292,37.14201678400433,6.0944250577067836,0.9546762589928057,0.045323741007194246,0.0,0.6916865504118885,0.6795344650722632,4.407404560716507,5.521120900791882,3.9078225847598578,4.910168928379566,0.9322833676373555,0.9713612813507593,"moving block bootstrap over dates, block=10, reps=300"
dev,15:00,F1,close_to_close,1584,805,171,2.0,3,15.39025168958291,14.01180513572394,10.299404201662785,7.946407644903678,5.090847487920122,5.953983773614416,9.660604519665261,-23.100095627191394,-11.052988527152925,-6.448179112868105,0.5408843964054384,5.953983773614416,10.488331146098481,15.2225986302819,18.901016813795408,25.795531855061462,1584,1.7719700380228804,13.290931404932554,8.605460495437905,119.18508909346436,10.91719236312452,0.7664141414141414,0.2335858585858586,0.0,0.28341205906206896,0.22103993188386686,4.455556860625696,5.777113922656784,5.455387550782257,6.487889319883448,0.7384514875074578,0.7930450447130306,"moving block bootstrap over dates, block=5, reps=300"
dev,15:00,F1,hybrid,1577,801,171,2.0,3,15.384727216181469,13.993369372905889,12.19125763693088,10.924331143836854,3.1934695792505887,3.3372352816797015,5.869402594820805,-15.119208235146028,-5.397249261874179,-2.195554893476894,1.050791323740647,3.3372352816797015,5.555719712311299,8.450528247286897,11.681757489556723,20.47086571713904,1577,1.331756362214541,1.3768630817647718,4.923090720797485,44.626289569617065,6.680291129106355,0.8167406467977172,0.18325935320228282,0.0,0.5103945373988494,0.5845938168522072,2.803277218196222,3.647403955547757,3.027640791180653,3.619853592997157,0.7913430245456929,0.8437290903540903,"moving block bootstrap over dates, block=5, reps=300"
dev,15:00,F1,intraday,1577,801,171,2.0,3,15.384727216181469,13.993369372905889,9.80164432188091,8.847897916465127,5.583082894300557,4.9917681680629435,5.013384863410578,-5.1676717351681365,-0.26254811421531915,1.0978472825556842,2.9658547360149665,4.9917681680629435,7.465537309587196,10.961149864926472,14.341257291059282,22.11828813740872,1577,1.5812412991228266,1.6574096020012024,5.95890672864991,56.288904518994634,7.502593186291966,0.9422954977805961,0.05770450221940393,0.0,0.5317089492382139,0.6053441916316131,5.190483590840998,6.083441268437635,4.620634842555588,5.314989429422846,0.9278241115591506,0.9556185120133307,"moving block bootstrap over dates, block=5, reps=300"
dev,15:00,F10,close_to_close,1584,805,171,2.0,3,15.39025168958291,14.01180513572394,12.880997301967252,11.306581619643982,2.5092543876156554,2.473464569080943,5.922900720184547,-11.368052413494919,-6.610324251673269,-3.8273221271283155,-0.4114014214120947,2.473464569080943,4.989483001998417,9.279934606731974,11.98128005417662,18.952486695253494,1584,1.2400551922567984,1.306409499812597,4.67476360861189,41.354963582942936,6.430782501604524,0.7222222222222222,0.2777777777777778,0.0,0.47057775383367084,0.5076609924610371,1.6929559451379328,3.3129062620176852,1.9245562968573227,3.0517920251478126,0.6516212044408662,0.7823569883233118,"moving block bootstrap over dates, block=10, reps=300"
dev,15:00,F10,hybrid,1510,767,169,2.0,3,15.229812642670707,13.893279129600204,12.699732782298158,11.650486077175595,2.5300798603725494,2.1464719850553635,5.008548790389511,-8.31006683243951,-4.225833393917918,-2.5735172311462677,0.03174747330676819,2.1464719850553635,4.419262109687689,7.735785876070848,11.26652024772502,19.31865937592277,1510,1.1973241056113388,1.2441386664325758,3.915381509535614,31.470252131279835,5.609835303400612,0.7536423841059603,0.24635761589403973,0.0,0.5180377806573576,0.6044083526066821,2.0233078084732496,3.1473779793543004,1.6950952155720749,2.6260301702803477,0.6966058081888417,0.8077944859392774,"moving block bootstrap over dates, block=10, reps=300"
dev,15:00,F10,intraday,1510,767,169,2.0,3,15.229812642670707,13.893279129600204,10.095132788797251,9.676112265303201,5.134679853873456,4.220250819369643,4.9207558328319525,-4.447971705363309,-0.6244084711565346,0.7844393698444609,2.353650086124634,4.220250819369643,7.050963958240989,10.793191290485385,14.186390788610208,22.681394438256312,1510,1.4700356125593106,1.553125757281133,5.478004352186649,50.56273951384126,7.110748168360433,0.9304635761589404,0.0695364238410596,0.0,0.48345202531058257,0.5606020210306313,4.541245859727442,5.903847922308129,3.6990472975895616,4.82777143818597,0.9020276611393837,0.9561014466190658,"moving block bootstrap over dates, block=10, reps=300"
dev,15:00,F20,close_to_close,1584,805,171,2.0,3,15.39025168958291,14.01180513572394,13.18280309240815,11.778822503769636,2.207448597174759,1.8518866245810175,5.665495582254305,-13.694852503144112,-6.030123046464905,-3.1776805505290393,-0.6266337864587008,1.8518866245810175,4.375744848820511,8.613739506544723,11.592772726789677,19.572957813057478,1584,1.158314683358436,1.2424948982893098,4.2346292448288425,36.95040571371152,6.078684538097986,0.6950757575757576,0.30492424242424243,0.0,0.45676657952367256,0.5293207839786604,1.314885550146052,3.3275851749817944,1.1014108335572805,2.674975116172397,0.6201575453549291,0.78487196391478,"moving block bootstrap over dates, block=20, reps=300"
dev,15:00,F20,hybrid,1432,727,160,2.0,3,15.211611993596371,13.819226204932868,12.769763714942638,12.117397579709825,2.441848278653733,1.6798049103637505,5.027639336815835,-9.79100954682612,-3.7106260258039483,-2.0638771474219006,-0.2714882097760687,1.6798049103637505,4.276135908860885,7.9985781451492155,11.791797796585255,18.804982805081224,1432,1.1527073484683865,1.2243076363563647,3.7464626722945455,31.22212867090219,5.58767650020133,0.7248603351955307,0.2751396648044693,0.0,0.48865890023599357,0.5865577493127779,1.6427595615875978,3.180108218381582,1.1188198383909096,2.4450452208441398,0.6588746173574915,0.7867064769508112,"moving block bootstrap over dates, block=20, reps=300"
dev,15:00,F20,intraday,1432,727,160,2.0,3,15.211611993596371,13.819226204932868,10.169391424385239,9.902337176097484,5.042220569211131,3.8606492084171204,5.116758925509121,-6.625138869872444,-0.4802730396332341,0.6983818722049433,2.075706124231687,3.8606492084171204,7.093320480071033,11.514994498294454,14.759069350418615,21.82255039966321,1432,1.4338515020146128,1.5342198843144896,5.405905632740638,51.58692719416468,7.1824039982560635,0.9301675977653632,0.06983240223463687,0.0,0.4261172976074917,0.5246847047742623,4.191710923278041,5.9353271274021004,3.28287469698844,4.661916374618793,0.8890646731571628,0.9604169482007345,"moving block bootstrap over dates, block=20, reps=300"
dev,15:00,F5,close_to_close,1584,805,171,2.0,3,15.39025168958291,14.01180513572394,12.4381236089198,10.814746342964728,2.9521280806631083,2.890313244082243,6.529460734675489,-16.66454625118578,-7.638939603977178,-4.1560204472900795,-0.16682431197544645,2.890313244082243,6.336398913770558,10.059727666322244,13.063455973361938,20.041280787484638,1584,1.2865525876041168,1.4490014302466938,5.315916220748904,51.32200237623939,7.1639376306776565,0.7367424242424242,0.26325757575757575,0.0,0.45336600856425063,0.4325666905380487,2.2509898163956983,3.6374030580343697,2.419770613760149,3.435168719124549,0.6897386691555318,0.7827218981545196,"moving block bootstrap over dates, block=5, reps=300"
dev,15:00,F5,hybrid,1549,786,171,2.0,3,15.294572319210232,13.95240757555857,12.604908109506656,11.313667683386429,2.689664209703578,2.379748931928532,4.98972783802326,-10.063336955240233,-4.9430762324464865,-2.1862955986251373,0.46802987873250856,2.379748931928532,4.698150277448061,7.578080641983289,10.935468693254094,19.116522822906354,1549,1.2263477551309576,1.2733767224710468,4.056375385596795,32.11560426037841,5.6670631071462765,0.7914783731439639,0.20852162685603615,0.0,0.5646166193979346,0.6235824121270154,2.1814778839372004,3.151662815992844,2.038490242826073,2.7324933247151995,0.7447761547227856,0.8275160051298384,"moving block bootstrap over dates, block=5, reps=300"
dev,15:00,F5,intraday,1549,786,171,2.0,3,15.294572319210232,13.95240757555857,10.012186555225165,9.431560151145364,5.282385763985066,4.406199040940438,4.766880643573954,-4.2773937858286235,-0.39615247434903417,0.8701651518430993,2.7053542172035403,4.406199040940438,7.084291211855611,10.604870267053201,13.97053374126213,22.15918572121093,1549,1.5138276632494339,1.5801757820333526,5.584884858994693,50.6120808679342,7.1142168133909305,0.9412524209167205,0.05874757908327954,0.0,0.5412338918084879,0.5959698784257073,4.838174258951531,5.708871071990253,4.022077345065113,4.805583896753979,0.9190063194415762,0.9603640069429615,"moving block bootstrap over dates, block=5, reps=300"
holdout,10:00,EXP,hybrid,770,429,92,2.0,3,13.813117532676632,12.61871751634388,11.555201681532026,10.116469354135385,2.2579158511446056,2.5363239778218434,5.836100442563616,-23.823763640500548,-4.3530596432963105,-1.4526330337118192,0.6024686206175478,2.5363239778218434,4.714406279515358,7.194527684276747,9.58422300214629,15.824343337571515,770,1.2672640174610768,1.3069918756962766,4.231490582537092,39.11401851150794,6.254120122887627,0.8025974025974026,0.1974025974025974,0.0,0.4902144004118124,0.6126943677120014,1.2619441692589108,3.234045500865378,1.9726437107763628,3.078083345259326,0.7357370846151476,0.8632526178010471,"moving block bootstrap over dates, block=10, reps=300"
holdout,10:00,EXP,intraday,770,429,92,2.0,3,13.813117532676632,12.61871751634388,9.09607396287915,8.419318266218333,4.717043569797481,4.225264205432304,3.8990430833905623,-3.4020354427293826,-0.408374932494753,0.8824022211321971,2.439044148551961,4.225264205432304,6.377189921823661,9.187418907484217,11.234613262972026,17.537085313745287,770,1.521558806281592,1.5537491560990802,4.965982812392407,37.43329345100207,6.118275365738459,0.938961038961039,0.06103896103896104,0.0,0.6361648415463751,0.6288002798838541,3.908171656595358,5.503395592701219,3.5419555612442353,4.828273044306782,0.8897270665322581,0.980637638997716,"moving block bootstrap over dates, block=10, reps=300"
holdout,10:00,F1,close_to_close,867,430,93,2.0,3,14.671500455142196,13.359108068309961,9.686256526135882,7.68441981052756,4.985243929006314,5.990521178911987,8.713579508107285,-20.48361432805774,-9.494807214618909,-5.57050788545035,0.4858058491487185,5.990521178911987,10.033040927366862,14.071409929560266,17.897366752817053,25.19008814365496,867,1.802787799225728,5.620730180838087,8.061754844403684,100.6915510951278,10.034517980208507,0.7670126874279123,0.23298731257208766,0.0,0.32817016417049,0.22826215372497113,4.271346641637547,5.820351485863681,5.4214569038619125,6.780468089966376,0.7331356620255822,0.8024371767254251,"moving block bootstrap over dates, block=5, reps=300"
holdout,10:00,F1,hybrid,867,430,93,2.0,3,14.671500455142196,13.359108068309961,11.577402244103551,9.640506598841226,3.094098211038645,3.1591419406499215,7.834598402798081,-22.6912602462585,-5.5970500279502495,-2.5500941012785345,0.8598345595812549,3.1591419406499215,6.153465004529021,9.51964107675107,13.002905912598637,21.15600991426909,867,1.3492075487594066,1.4396598504967788,5.431541679319038,70.88357894980321,8.419238620552527,0.8096885813148789,0.1903114186851211,0.0,0.3835565171739926,0.49518229549360326,2.469363465089623,3.8155058673354083,2.7789030602439424,3.68439621561752,0.7782703244452732,0.845367797874324,"moving block bootstrap over dates, block=5, reps=300"
holdout,10:00,F1,intraday,867,430,93,2.0,3,14.671500455142196,13.359108068309961,9.077021714773895,8.437096138425474,5.594478740368301,4.7062142629277925,5.365489693574766,-4.709691111173753,-0.5733653215213416,0.8024121538145796,2.6346298460511335,4.7062142629277925,7.637978478049335,11.466625404976307,14.945212894908643,24.536467965350823,867,1.60523953327404,1.6990021929000276,5.98506298779798,60.05346732280913,7.749417224721426,0.9319492502883506,0.06805074971164937,0.0,0.4598999173676557,0.5306486412738879,5.055438576809394,6.213132092820369,4.255216756971976,5.170961660683696,0.9076212471131639,0.9573241061130334,"moving block bootstrap over dates, block=5, reps=300"
holdout,10:00,F10,close_to_close,849,421,92,2.0,3,14.707445001865926,13.39122051639903,11.785826808024826,10.399283427131953,2.921618193841101,2.586074444700407,5.551252660549491,-11.477229624463485,-6.080156707002008,-3.355441814756506,0.38762364255901716,2.586074444700407,5.415109776272832,9.087851974484744,12.535518027384276,19.443487944032633,849,1.2478604649805993,1.3575575461650287,4.615590349801978,39.31596167372424,6.270244147856145,0.784452296819788,0.21554770318021202,0.0,0.5248477796485969,0.5355754295176026,1.828286992802075,3.8689386588676653,1.9294128815079792,3.22286815025117,0.6814858490566038,0.8664197446241823,"moving block bootstrap over dates, block=10, reps=300"
holdout,10:00,F10,hybrid,849,421,92,2.0,3,14.707445001865926,13.39122051639903,12.700921370600051,11.012363192821025,2.0065236312658765,2.147735227254751,6.45851984213928,-19.970198765666275,-11.03433915177915,-2.9159999456236902,0.05549096741767379,2.147735227254751,4.482343252830862,8.169741424548885,11.987816575462766,18.33985868932107,849,1.2013139399923403,1.2594458722035002,4.57922686825006,45.689484328421045,6.759399701779815,0.7561837455830389,0.24381625441696114,0.0,0.4381699244230116,0.5862472708674281,0.5251737106413561,3.232332732602936,1.463177679978795,2.7250664984328026,0.6617189035449762,0.8376207864350156,"moving block bootstrap over dates, block=10, reps=300"
holdout,10:00,F10,intraday,849,421,92,2.0,3,14.707445001865926,13.39122051639903,9.392678223452002,8.520817293300276,5.314766778413926,4.241681384132111,5.249123311551848,-3.6737900268341415,-1.4088684406300083,0.6319712118155406,2.301316839768603,4.241681384132111,7.1289933998231945,11.563786410232854,14.882707971820412,26.339494713537118,849,1.490369943521009,1.5972946690233047,5.634232389599252,55.76758762602978,7.467769923212002,0.9246171967020024,0.07538280329799764,0.0,0.48535069177873796,0.5381711964536423,4.321113898421706,6.220327073927981,3.487416905304535,4.91215387627561,0.8566209516410629,0.9735305604306416,"moving block bootstrap over dates, block=10, reps=300"
holdout,10:00,F20,close_to_close,829,411,89,2.0,3,14.770081936103642,13.52386123532566,11.995751623333556,10.705472398296969,2.774330312770085,2.5202458451306917,5.814649011577443,-10.465222256049612,-6.93695458284176,-4.301494379590445,0.16038243456354095,2.5202458451306917,5.284293026957645,9.331076867753591,11.895775041032845,21.215949703407063,829,1.2590109745519085,1.3203974749988479,4.758310603642072,41.46626756234085,6.439430686197411,0.758745476477684,0.24125452352231605,0.0,0.44921156117196226,0.4917482455072423,1.2826965965109163,4.272265856073214,1.373807090102392,3.6540636675183618,0.6188614749555121,0.8828571449408751,"moving block bootstrap over dates, block=20, reps=300"
holdout,10:00,F20,hybrid,829,411,89,2.0,3,14.770081936103642,13.52386123532566,13.020358710226773,11.234484109680348,1.7497232258768671,2.2412697361317235,6.566842347792635,-14.615555630173867,-11.817423548922923,-8.241669064451365,-0.01407709118455358,2.2412697361317235,4.634293622441437,8.518194441976693,11.636530197003932,21.109921880223478,829,1.2099108021535157,1.2317316109785696,4.934246549388418,46.13293118911687,6.7921227307165815,0.7490952955367913,0.25090470446320867,0.0,0.3578840692088548,0.48639985598121604,-0.02905634332279331,3.5799261992822142,1.0886700319678309,3.0047170762424984,0.6083476759262446,0.8844390033492338,"moving block bootstrap over dates, block=20, reps=300"
holdout,10:00,F20,intraday,829,411,89,2.0,3,14.770081936103642,13.52386123532566,9.459694346191514,8.678633103761014,5.310387589912127,4.234408456484147,5.464112137332043,-4.4513922770711165,-1.7922097341509324,-0.06656345176579805,2.408946407434195,4.234408456484147,7.199538284557264,11.672568669514392,15.69180013070518,26.756687968114054,829,1.5089116119113417,1.5890748317968098,5.731423953682539,58.02072270015059,7.617133496279988,0.8962605548854041,0.1037394451145959,0.0,0.4205147328369808,0.46168683951896805,4.1378889099781055,6.559500904738552,3.4021426536471435,5.399713786455186,0.8064393939393939,0.9705623559053842,"moving block bootstrap over dates, block=20, reps=300"
holdout,10:00,F5,close_to_close,859,426,93,2.0,3,14.671084862702305,13.359108068309961,11.498867602497599,10.217113155028205,3.1722172602047056,2.830305537989311,5.9574375703750215,-14.354822231571653,-5.786416043632438,-2.6694118355043734,0.3581923583197195,2.830305537989311,5.976608131496365,10.014796264943303,12.997041267433946,20.152310153842055,859,1.300037547964188,1.4782683024092202,4.97624478670568,45.51270803094389,6.746310697777259,0.7648428405122235,0.2351571594877765,0.0,0.5020352672630537,0.44497935435682495,2.495922091039754,4.037053822052003,2.268337868926562,3.4963869288410443,0.7133553817432727,0.8188838837480665,"moving block bootstrap over dates, block=5, reps=300"
holdout,10:00,F5,hybrid,859,426,93,2.0,3,14.671084862702305,13.359108068309961,12.388605927123294,11.060616885826038,2.2824789355790123,2.1655841491908188,6.499288206007878,-27.07624065549465,-4.390126834921849,-1.8859242528049738,0.22236975920164248,2.1655841491908188,4.596600312005631,8.12278075144053,11.692585723728541,17.993215880857722,859,1.2255188660469303,1.2911671141423253,4.441159376907154,47.40128294877538,6.884858963608142,0.7741559953434226,0.22584400465657742,0.0,0.4728878160116378,0.5844536672817856,1.413789191154695,3.121306837376626,1.7590639911134274,2.6985648620564393,0.7202797202797203,0.8247663551401869,"moving block bootstrap over dates, block=5, reps=300"
holdout,10:00,F5,intraday,859,426,93,2.0,3,14.671084862702305,13.359108068309961,9.312619430889734,8.678916941445426,5.358465431812571,4.340102324946318,5.155844801512419,-5.354579116685275,-0.2241506515624154,0.9132822794916174,2.2600502374574862,4.340102324946318,7.035580046133878,11.185028196739632,14.778867641685867,25.71068764131572,859,1.5243601528629558,1.6163625699252346,5.646525494086426,55.264941259632856,7.434039363605284,0.9452852153667055,0.05471478463329453,0.0,0.5065688155809428,0.5604268051190493,4.6914932657966935,6.008679184081925,3.7532800561098245,5.001263944928753,0.9116152821248003,0.9760526315789474,"moving block bootstrap over dates, block=5, reps=300"
holdout,13:00,EXP,hybrid,770,429,92,2.0,3,13.557667197081944,12.354484030678812,11.883268503133879,10.282009845137688,1.674398693948067,2.076564662676784,6.307027531143612,-24.94501396368422,-5.068908838493769,-1.9653922053468929,0.034169254241057434,2.076564662676784,4.244634953416851,6.360389577413828,8.90152512634421,17.18199537211286,770,1.2233366943947166,1.2508734779504684,4.067535558184374,42.530546750250956,6.521544813175093,0.7545454545454545,0.24545454545454545,0.0,0.45992775332888064,0.6197396446686798,0.6460765426846732,2.676617160347283,1.5732382806504532,2.605984448431997,0.6776851644663235,0.8253889681302294,"moving block bootstrap over dates, block=10, reps=300"
holdout,13:00,EXP,intraday,770,429,92,2.0,3,13.557667197081944,12.354484030678812,9.220501376856935,8.52513354057054,4.337165820225009,3.9248595386326133,4.098103113416488,-5.440502806900776,-0.8324490783315656,0.45890955833430186,2.1116137268914907,3.9248595386326133,5.950094108841488,8.633930018881928,11.103372709865887,18.581411171400187,770,1.4720331550545156,1.5047368010981848,4.675268552421878,35.58364550742823,5.96520288904143,0.9272727272727272,0.07272727272727272,0.0,0.6036823734762742,0.6289457679691092,3.548522063799885,5.092648465286938,3.2033005867370723,4.5963644232241885,0.8716467993951613,0.9689138784159951,"moving block bootstrap over dates, block=10, reps=300"
holdout,13:00,F1,close_to_close,867,430,93,2.0,3,14.37875221357764,12.731103541497802,9.686256526135882,7.68441981052756,4.692495687441756,5.804865423668243,9.047111525798579,-20.528092361491897,-10.165087235219584,-6.057620840814142,0.27371833388103717,5.804865423668243,9.481766898541665,13.818849430481617,17.662969913214436,26.924815732114055,867,1.7626829095725445,5.561515553486147,8.030056491555513,103.77533647742727,10.187018036571216,0.7635524798154556,0.2364475201845444,0.0,0.2922194654109008,0.21960219838641915,3.944942410242072,5.585180410734216,5.0961024445285465,6.395983685308704,0.7312413527953087,0.8001322608291682,"moving block bootstrap over dates, block=5, reps=300"
holdout,13:00,F1,hybrid,867,430,93,2.0,3,14.37875221357764,12.731103541497802,11.577402244103551,9.640506598841226,2.801349969474088,2.9723299765409337,8.225884720732815,-22.948275850380025,-6.366455541235683,-2.7220136818958003,0.6014874153985597,2.9723299765409337,5.543569185224931,9.115710814116964,12.319085170163609,23.300719605023247,867,1.3163684081251412,1.411952461785595,5.3441554054094045,75.43469590059395,8.68531495690248,0.7946943483275664,0.20530565167243367,0.0,0.3393512168889725,0.4923240857193022,2.109652669565755,3.5427427366567064,2.4334165119344817,3.337528220261916,0.7624263753623595,0.8301608284718792,"moving block bootstrap over dates, block=5, reps=300"
holdout,13:00,F1,intraday,867,430,93,2.0,3,14.37875221357764,12.731103541497802,9.077021714773895,8.437096138425474,5.301730498803743,4.358916307098532,5.723776678225838,-5.685918364728286,-0.6744548648349642,0.7151729430747396,2.3545183646124817,4.358916307098532,7.042832356808043,11.342972489622198,15.36087963091582,26.93948459057059,867,1.5677633211395754,1.6636615942693933,5.778855680923576,60.832178409127955,7.799498599854221,0.9284890426758939,0.07151095732410612,0.0,0.432949141721936,0.5288070705375696,4.728343281721566,5.904521958538822,3.837378298850252,4.945946939407647,0.9050570089188169,0.9544674120113664,"moving block bootstrap over dates, block=5, reps=300"
holdout,13:00,F10,close_to_close,849,421,92,2.0,3,14.402779479500861,12.781234789121958,11.785826808024826,10.399283427131953,2.6169526714760347,2.240998612352148,5.992309374601447,-12.361907099318783,-6.711925839103427,-3.4751745074977287,0.10810487960130644,2.240998612352148,4.864549718530318,8.94172109739713,12.546109017914397,19.599532986503103,849,1.2125141350695494,1.3344062399481524,4.506233731292412,42.71391873058072,6.53558862923461,0.7597173144876325,0.24028268551236748,0.0,0.47803439997951214,0.515819383174836,1.4511708719812553,3.639217854669333,1.416389452882365,2.8877154138947425,0.6531427749772563,0.8432112645893564,"moving block bootstrap over dates, block=10, reps=300"
holdout,13:00,F10,hybrid,849,421,92,2.0,3,14.402779479500861,12.781234789121958,12.700921370600051,11.012363192821025,1.7018581089008098,1.8171812755305332,6.8433850561829805,-20.904872937560405,-11.708478633177076,-3.705535499566128,-0.18874584291847185,1.8171812755305332,4.0275133543070325,8.05919421040472,11.691958917988769,19.16850885546193,849,1.1726106746840435,1.2350084319694374,4.521514722547312,49.67307877908102,7.047913079705298,0.7361601884570083,0.26383981154299174,0.0,0.39812613627656535,0.5717113289910813,0.16764649330328435,2.948231736947697,1.1647628638066558,2.3486360545800125,0.6430601892177648,0.8180295908556778,"moving block bootstrap over dates, block=10, reps=300"
holdout,13:00,F10,intraday,849,421,92,2.0,3,14.402779479500861,12.781234789121958,9.392678223452002,8.520817293300276,5.010101256048858,3.933535394500888,5.628870146330508,-4.204303061929757,-1.857183997021718,0.19660456603145499,2.086094339283262,3.933535394500888,6.487814716279718,11.107046417854786,15.253519241408261,27.45430851378356,849,1.4645967071977546,1.5653067362361754,5.408688339368086,56.74797431007285,7.533125135697193,0.9104829210836278,0.0895170789163722,0.0,0.4466039329540627,0.5237461053458654,4.052264602186205,5.928972737865921,3.2511115672283357,4.614543538149075,0.8392141224346253,0.9640780828957969,"moving block bootstrap over dates, block=10, reps=300"
holdout,13:00,F20,close_to_close,829,411,89,2.0,3,14.453407130497562,12.88442914783717,11.995751623333556,10.705472398296969,2.457655507164006,2.0798263568615267,6.2192479268624785,-11.166173889709798,-7.417858666841115,-4.773817860027354,-0.2618427658397593,2.0798263568615267,4.875162363021807,9.124006383657635,12.358500563752596,20.901363177593012,829,1.22453432507122,1.2955438854282477,4.709603346341212,44.6724578950884,6.683745798209893,0.7418576598311218,0.25814234016887816,0.0,0.4076851382849392,0.47344015740553386,0.9541339816463907,3.9988187414890586,1.1275332723655986,3.206072701777048,0.5933838952934039,0.8725093760280731,"moving block bootstrap over dates, block=20, reps=300"
holdout,13:00,F20,hybrid,829,411,89,2.0,3,14.453407130497562,12.88442914783717,13.020358710226773,11.234484109680348,1.4330484202707883,1.8587651503381046,6.9214288677062825,-14.522056249999629,-12.32950447425353,-8.644183290047351,-0.4296934050037571,1.8587651503381046,4.06481456592201,8.038850007391,11.094304921983836,20.920374623468998,829,1.1794022464934364,1.2074238613379664,4.890254980104825,49.902017435340476,7.0641360006260125,0.7129071170084439,0.2870928829915561,0.0,0.324176524534896,0.47275624328985333,-0.445735372786885,3.2777786623732266,0.656497196047345,2.716321947173721,0.5707683671244822,0.8444702743902438,"moving block bootstrap over dates, block=20, reps=300"
holdout,13:00,F20,intraday,829,411,89,2.0,3,14.453407130497562,12.88442914783717,9.459694346191514,8.678633103761014,4.993712784306048,3.8706947793875734,5.831981078491391,-4.43212859517102,-2.07590759659915,-0.5049252317900542,1.9348295619985976,3.8706947793875734,6.711511622461565,11.290568138733486,15.480591560512345,27.846274191662612,829,1.4573384739544295,1.5570573693060115,5.497402673767463,58.908142923772516,7.675164032369114,0.879372738238842,0.12062726176115803,0.0,0.3820779106785721,0.44436729903633077,3.774366352181182,6.275108136440328,3.0243892207292777,4.984964056887882,0.7867141048866593,0.9594420548898065,"moving block bootstrap over dates, block=20, reps=300"
holdout,13:00,F5,close_to_close,859,426,93,2.0,3,14.372343593870037,12.731103541497802,11.498867602497599,10.217113155028205,2.8734759913724353,2.563732015396752,6.424158757651593,-15.374328755605765,-6.233708040785249,-3.108338976618114,-0.13699573418361233,2.563732015396752,5.557875265331811,9.623245104245317,12.326466602365983,21.092523644628976,859,1.2733480446323968,1.452906126831783,4.960945067294341,49.47863599352115,7.034105202051015,0.7473806752037253,0.25261932479627475,0.0,0.4496171053653204,0.4126715157679532,2.1406662830420244,3.7712887670817374,2.069572776064817,3.244833356126997,0.6965162104094245,0.8052923976608187,"moving block bootstrap over dates, block=5, reps=300"
holdout,13:00,F5,hybrid,859,426,93,2.0,3,14.372343593870037,12.731103541497802,12.388605927123294,11.060616885826038,1.9837376667467421,1.9126250253254558,6.92270390360694,-28.01288643090005,-5.5948120039321925,-2.267261850345989,-0.12170642258959496,1.9126250253254558,4.273345356515382,7.90310986298121,11.145177358674566,20.293654436165575,859,1.2058133813116425,1.2668089317857736,4.41078773517426,51.803254212144616,7.1974477568194,0.7392316647264261,0.2607683352735739,0.0,0.42590830442764394,0.5661851668121455,1.0068199828026168,2.8273207242741134,1.503724637269391,2.363269397354529,0.6827894781220335,0.7944367479630929,"moving block bootstrap over dates, block=5, reps=300"
holdout,13:00,F5,intraday,859,426,93,2.0,3,14.372343593870037,12.731103541497802,9.312619430889734,8.678916941445426,5.059724162980301,4.170783817156937,5.556929999010442,-5.906067734743844,-1.0975981166457551,0.4441388934592075,2.022855646357622,4.170783817156937,6.48622417636224,11.058753516325488,15.331505755504384,26.2835399730871,859,1.493643065427042,1.584416840521264,5.4397363670313785,56.44433145751665,7.512944260242894,0.9348079161816065,0.06519208381839348,0.0,0.464420128555584,0.5439549226608859,4.407444617485241,5.762497323478108,3.531530110598254,4.635819224438627,0.9031982350157214,0.9678836694540088,"moving block bootstrap over dates, block=5, reps=300"
holdout,15:00,EXP,hybrid,767,428,92,2.0,3,13.30812513423634,12.07853245112879,12.148402802055836,10.438738538884031,1.1597223321805044,1.7802625766617641,6.512525554902174,-26.825445579199073,-6.1172545404183705,-2.406382997025679,-0.24158043904948734,1.7802625766617641,3.6675182119581606,6.014982582995812,7.843368578342482,14.121711172584508,767,1.1879580067811166,1.205176344915412,3.8783689910743084,43.70264774315906,6.610797814421423,0.727509778357236,0.27249022164276404,0.0,0.4648514333337942,0.6258892220206221,0.012696432471224595,2.138073206334159,1.3527546598477593,2.2859017118325413,0.6506057065447464,0.804689224634155,"moving block bootstrap over dates, block=10, reps=300"
holdout,15:00,EXP,intraday,767,428,92,2.0,3,13.30812513423634,12.07853245112879,9.309529715956986,8.595301815555617,3.9985954182793555,3.6228338150290416,4.044432834385157,-6.203473963597433,-1.1677013884490475,0.1521002542133973,1.882640635868908,3.6228338150290416,5.67541084652165,8.220992681672113,10.670893668677573,16.575144687903666,767,1.4420399289242738,1.4665270988208323,4.443041569584479,32.32487575600669,5.685496966493491,0.9126466753585397,0.08735332464146023,0.0,0.5889082345368872,0.6234252983292541,3.2574794923320147,4.737757175198752,2.994355500557836,4.280640143790536,0.8528437853936827,0.9610942791246171,"moving block bootstrap over dates, block=10, reps=300"
holdout,15:00,F1,close_to_close,864,429,93,2.0,3,13.657567300533877,12.225947723518651,9.700667773650489,7.68523315719946,3.9568995268833898,5.18616986455274,9.037059219637804,-25.076604095838242,-10.459702932801344,-6.600966019681955,-0.19197674744179194,5.18616986455274,8.886051854079316,12.541943469640962,15.126077538845466,26.319287473033203,864,1.656662437054651,5.251203172374141,7.594936553553168,97.23096954844799,9.86057653225449,0.7442129629629629,0.25578703703703703,0.0,0.27066898629376734,0.2253481065964137,3.3454851674982877,4.726212140465816,4.489169921807985,5.871712326291156,0.7121321686999361,0.7789196208415861,"moving block bootstrap over dates, block=5, reps=300"
holdout,15:00,F1,hybrid,864,429,93,2.0,3,13.657567300533877,12.225947723518651,11.5699110165485,9.61007754796189,2.0876562839853765,2.588361956445973,8.07342818749824,-22.49979045887517,-6.606426022270466,-3.3443072638487976,0.295001971436041,2.588361956445973,4.889038883563973,7.213718914490719,9.284725767648402,22.200318043150187,864,1.2880657944909217,1.3417550351311982,4.824626587893225,69.46311136303868,8.33445327319307,0.7754629629629629,0.22453703703703703,0.0,0.34145393447017314,0.5254278279390451,1.4099527331922315,2.728480814729204,2.165538343657671,3.0141463116475746,0.745814718943757,0.8069575883855357,"moving block bootstrap over dates, block=5, reps=300"
holdout,15:00,F1,intraday,864,429,93,2.0,3,13.657567300533877,12.225947723518651,9.081369711132977,8.437096138425474,4.576197589400901,4.061500940597695,5.397641466787942,-6.5762912068729475,-1.1381304826699445,0.3710798603824602,2.113568108090415,4.061500940597695,6.243046773600688,8.82740957286934,11.630722285095892,24.648742566365524,864,1.5135946730124261,1.5820504548161662,5.124836816809205,50.04239725645416,7.074065115367129,0.9189814814814815,0.08101851851851852,0.0,0.44280715036307666,0.5585790832836139,4.050209774612163,5.124424802257542,3.6090023891311533,4.615426050659196,0.8944207680078756,0.9456049270256331,"moving block bootstrap over dates, block=5, reps=300"
holdout,15:00,F10,close_to_close,846,420,92,2.0,3,13.632009781117816,12.266814305368095,11.78790616133471,10.395958492553518,1.8441036197831047,1.7615422989509426,5.657167770237109,-12.362835308817617,-7.035780102123988,-3.608352929330689,-0.291396128402142,1.7615422989509426,4.058838545813016,6.67944119280177,9.167363838143627,17.609445907995305,846,1.1684405629969907,1.2681587327446213,3.9389465255529155,35.36643608912013,5.946968647060461,0.7210401891252955,0.2789598108747045,0.0,0.48505109525955553,0.5474270408608255,0.7457145858196503,2.797845587880863,1.0215736461468592,2.4463620136189994,0.6144273246379731,0.8124844541298794,"moving block bootstrap over dates, block=10, reps=300"
holdout,15:00,F10,hybrid,846,420,92,2.0,3,13.632009781117816,12.266814305368095,12.704223899342344,10.975056655307688,0.9277858817754739,1.4085247508639442,6.586880701785486,-20.662074403887708,-12.52424909181738,-3.9842547378822513,-0.4496634663084582,1.4085247508639442,3.4486701468424075,5.477339333867992,7.600554311485487,18.310720956812144,846,1.130918571116727,1.1721868076117519,4.001259084242681,44.19649915509704,6.648044761815089,0.6973995271867612,0.30260047281323876,0.0,0.3970964050144916,0.6023892303517113,-0.8167427289033117,2.095831469755312,0.7380613326615361,1.97028261395349,0.5956026813552276,0.7805112960760999,"moving block bootstrap over dates, block=10, reps=300"
holdout,15:00,F10,intraday,846,420,92,2.0,3,13.632009781117816,12.266814305368095,9.39586220936666,8.521784408183102,4.236147571751156,3.534812617352666,5.200886058174391,-4.619617362640607,-2.2828545360026307,-0.2752715106150725,1.847141632609506,3.534812617352666,5.702797277272243,8.723437777576681,12.008377946818623,24.709046787871316,846,1.4169369189058765,1.4861368687412446,4.7327149414947876,44.96218897145616,6.705385072570863,0.8888888888888888,0.1111111111111111,0.0,0.4386773601053484,0.5448241725667476,3.30564373817652,5.093817557108307,2.8194551017358034,4.082644905494778,0.7998252369668247,0.9476190476190476,"moving block bootstrap over dates, block=10, reps=300"
holdout,15:00,F20,close_to_close,826,410,89,2.0,3,13.598339605101861,12.350079971494925,11.99910322113096,10.68367503163794,1.5992363839709012,1.8757586804558017,5.517758263678869,-12.180002833976369,-7.746988217262775,-5.32450418970117,-0.6666046463181856,1.8757586804558017,4.017795782890648,6.729641637804999,9.403507323982385,17.446901848358436,826,1.19788751197106,1.2221181645206294,4.102461549941729,32.9663541202026,5.741633401759694,0.715496368038741,0.2845036319612591,0.0,0.441819111541439,0.5012250082149453,0.1889846200606778,3.005983723411798,0.7787030024352828,2.7411366896749296,0.5707494131940967,0.8538193051879183,"moving block bootstrap over dates, block=20, reps=300"
holdout,15:00,F20,hybrid,826,410,89,2.0,3,13.598339605101861,12.350079971494925,13.02725841330073,11.257682974808201,0.5710811918011303,1.5101764218130707,6.339308897518194,-15.300107619414398,-12.623460887855337,-9.077789622051004,-0.693454741665394,1.5101764218130707,3.298137724616046,6.056775107959199,8.260197269868605,17.84457203072616,826,1.1400964686667379,1.138201096225563,4.350981926617259,40.464318680385055,6.361157023717073,0.6900726392251816,0.3099273607748184,0.0,0.34078567020887496,0.4939445347535447,-1.3403210061062059,2.3294601152935677,0.4151406730902902,2.2629961238092,0.5458916532556217,0.8266028071008374,"moving block bootstrap over dates, block=20, reps=300"
holdout,15:00,F20,intraday,826,410,89,2.0,3,13.598339605101861,12.350079971494925,9.464792539628402,8.690235498916508,4.133547065473459,3.5243334514753926,5.028383472738606,-5.216184508895925,-2.5120782842820675,-1.0590576279184818,1.629975295924889,3.5243334514753926,5.962044852261132,9.080144540342207,12.554679208396298,22.21785489933831,826,1.4199869868212924,1.467419378172039,4.768051143221371,42.340240746662666,6.506937893253836,0.8619854721549637,0.13801452784503632,0.0,0.4011917672934878,0.45940528760811955,3.0393739754087226,5.308496435747711,2.651415152400662,4.423681828888177,0.7643834945325803,0.9482618242240816,"moving block bootstrap over dates, block=20, reps=300"
holdout,15:00,F5,close_to_close,856,425,93,2.0,3,13.631348333442322,12.225947723518651,11.493208773914226,10.208863678009923,2.138139559528093,2.209915860968506,6.175152114608754,-15.85096308344156,-6.5560487100082625,-3.5457438921559223,-0.5807464652657042,2.209915860968506,4.720735002444233,7.7487848483129,10.309415973276515,18.600742402232495,856,1.2240229305662194,1.386989160962492,4.43543423732965,42.659597097241196,6.531431473822656,0.7161214953271028,0.2838785046728972,0.0,0.45466972385662385,0.44411146708461496,1.426882153820067,2.9015588363406613,1.6064886813458603,2.7708893451556547,0.6611807332437062,0.7745054978996787,"moving block bootstrap over dates, block=5, reps=300"
holdout,15:00,F5,hybrid,856,425,93,2.0,3,13.631348333442322,12.225947723518651,12.39287807789859,11.048342464708256,1.2384702555437297,1.5640002507330824,6.777532070864186,-28.327133966057495,-6.212905856790373,-2.7681531468433715,-0.37978818369957956,1.5640002507330824,3.555669838595859,5.671256140913856,7.730382706248193,19.180391727036387,856,1.1524730547228024,1.2052596648489038,3.8911630514757922,47.415087231239994,6.8858614008154415,0.7161214953271028,0.2838785046728972,0.0,0.4177820919865008,0.5957973690892795,0.20690050095819829,2.1276201538783033,1.106110560860036,1.9851069592346489,0.6543017354514206,0.7759115402129366,"moving block bootstrap over dates, block=5, reps=300"
holdout,15:00,F5,intraday,856,425,93,2.0,3,13.631348333442322,12.225947723518651,9.312592303665172,8.664602581064594,4.318756029777149,3.6742901168059174,5.225807938951986,-5.893865527316436,-1.5350143909585765,0.1542102709707862,1.8175845736721823,3.6742901168059174,5.709161130660695,8.5673090519089,11.732648070897586,24.992970203679892,856,1.4284797099295874,1.508156914522767,4.775675754895438,45.92881914200942,6.777080429064526,0.9112149532710281,0.08878504672897196,0.0,0.45337642467363365,0.567076108289896,3.7038461597676147,4.924569350897985,3.151970077599314,4.200275138486259,0.875554906542056,0.9424882629107981,"moving block bootstrap over dates, block=5, reps=300"
