expiry,day1,days,lot,entry_time,entry_width,late_entry,premium0,exit,rolls,range_changes,pnl_pts,pnl_rs,charges,net_rs
2021-09-30,2021-09-23,6,50,2021-09-23 09:20,350.0,False,142.85,EXPIRY,4,21,48.05,2402.5,268.87,2133.63
2021-10-07,2021-10-01,5,50,2021-10-01 09:20,575.0,False,122.1,TARGET,3,13,95.6,4780.0,268.77,4511.23
2021-10-14,2021-10-08,5,50,2021-10-08 12:05,383.65,True,97.25,EXPIRY,6,14,-136.3,-6815.0,364.84,-7179.84
2021-10-21,2021-10-18,4,50,2021-10-18 09:20,381.3,False,84.2,EXPIRY,5,9,-30.6,-1530.0,298.72,-1828.72
2021-10-28,2021-10-22,5,50,2021-10-22 09:20,380.35,False,133.9,TARGET,5,16,102.3,5115.0,369.01,4745.99
2021-11-03,2021-10-29,4,50,2021-10-29 09:20,568.0,False,174.85,TARGET,4,14,129.15,6457.5,317.05,6140.45
2021-11-18,2021-11-12,5,50,2021-11-15 09:20,366.15,True,102.45,EXPIRY,5,16,-171.5,-8575.0,303.83,-8878.83
2021-11-25,2021-11-22,4,50,2021-11-22 09:20,362.15,False,128.35,EXPIRY,5,9,103.15,5157.5,301.17,4856.33
2021-12-02,2021-11-26,5,50,2021-11-26 09:20,471.5,False,131.45,TARGET,5,14,99.45,4972.5,355.39,4617.11
2021-12-09,2021-12-03,5,50,2021-12-03 09:20,457.85,False,142.7,EXPIRY,6,21,-54.6,-2730.0,364.63,-3094.63
2021-12-16,2021-12-10,5,50,2021-12-10 09:20,369.7,False,133.15,EXPIRY,5,17,49.05,2452.5,311.86,2140.64
2021-12-23,2021-12-17,5,50,2021-12-17 09:20,378.6,False,127.75,EXPIRY,5,14,85.1,4255.0,306.47,3948.53
2021-12-30,2021-12-24,5,50,2021-12-24 09:20,429.95,False,131.5,TARGET,5,14,99.45,4972.5,362.87,4609.63
2022-01-06,2021-12-31,5,50,2021-12-31 09:20,366.0,False,121.5,EXPIRY,6,16,-82.0,-4100.0,367.0,-4467.0
2022-01-13,2022-01-07,5,50,2022-01-07 09:25,452.2,True,127.1,TARGET,5,6,94.95,4747.5,363.59,4383.91
2022-01-20,2022-01-14,5,50,2022-01-14 09:20,375.0,False,118.75,EXPIRY,6,15,-273.1,-13655.0,358.0,-14013.0
2022-01-27,2022-01-21,4,50,2022-01-21 09:20,697.7,False,135.8,EXPIRY,5,21,-49.3,-2465.0,311.37,-2776.37
2022-02-03,2022-01-28,5,50,2022-01-28 09:20,731.85,False,259.05,TARGET,4,19,204.25,10212.5,347.69,9864.81
2022-02-10,2022-02-04,5,50,2022-02-04 09:20,438.55,False,168.95,TARGET,4,18,124.55,6227.5,315.82,5911.68
2022-02-17,2022-02-11,5,50,2022-02-11 09:20,403.5,False,143.2,TARGET,5,17,106.75,5337.5,373.27,4964.23
2022-02-24,2022-02-18,5,50,2022-02-18 09:20,696.45,False,200.9,TARGET,4,18,152.3,7615.0,329.66,7285.34
2022-03-03,2022-02-25,4,50,2022-02-25 09:20,992.0,False,213.95,TARGET,3,15,231.85,11592.5,281.63,11310.87
2022-03-10,2022-03-04,5,50,2022-03-04 09:20,1701.0,False,193.1,TARGET,3,15,142.6,7130.0,276.33,6853.67
2022-03-17,2022-03-11,5,50,2022-03-11 09:20,837.5,False,201.4,TARGET,3,19,197.65,9882.5,286.46,9596.04
2022-03-24,2022-03-21,4,50,2022-03-21 09:20,524.45,False,193.0,TARGET,3,20,142.0,7100.0,273.52,6826.48
2022-03-31,2022-03-25,5,50,2022-03-25 09:20,709.35,False,136.0,TARGET,3,11,115.35,5767.5,276.85,5490.65
2022-04-07,2022-04-01,5,50,2022-04-01 09:20,444.0,False,179.0,TARGET,4,20,131.1,6555.0,317.11,6237.89
2022-04-13,2022-04-08,4,50,2022-04-08 10:30,383.35,True,143.05,TARGET,4,11,128.15,6407.5,314.36,6093.14
2022-04-21,2022-04-18,4,50,2022-04-18 09:20,401.25,False,142.35,EXPIRY,4,14,-39.9,-1995.0,266.48,-2261.48
2022-04-28,2022-04-22,5,50,2022-04-22 09:20,878.95,False,112.6,TARGET,4,12,107.55,5377.5,303.52,5073.98
2022-05-05,2022-04-29,4,50,2022-05-02 09:20,430.85,True,132.35,TARGET,5,10,114.95,5747.5,361.16,5386.34
2022-05-12,2022-05-06,5,50,2022-05-06 09:20,470.65,False,200.15,EXPIRY,5,23,-197.55,-9877.5,330.67,-10208.17
2022-05-19,2022-05-13,5,50,2022-05-13 09:20,405.4,False,203.9,EXPIRY,6,13,-119.05,-5952.5,373.52,-6326.02
2022-05-26,2022-05-20,5,50,2022-05-20 09:20,445.15,False,191.2,TARGET,4,17,169.65,8482.5,335.02,8147.48
2022-06-02,2022-05-27,5,50,2022-05-27 09:20,584.7,False,175.6,TARGET,4,13,142.25,7112.5,327.7,6784.8
2022-06-09,2022-06-03,5,50,2022-06-03 09:20,548.0,False,143.15,TARGET,4,17,105.8,5290.0,322.05,4967.95
2022-06-16,2022-06-10,5,50,2022-06-10 09:20,459.1,False,144.8,EXPIRY,4,22,-614.95,-30747.5,265.92,-31013.42
2022-06-23,2022-06-17,5,50,2022-06-17 09:20,467.45,False,206.1,TARGET,7,21,155.3,7765.0,498.85,7266.15
2022-06-30,2022-06-24,5,50,2022-06-24 09:20,377.4,False,180.2,TARGET,3,17,143.15,7157.5,271.52,6885.98
2022-07-07,2022-07-01,5,50,2022-07-01 09:20,507.8,False,177.65,EXPIRY,5,16,11.45,572.5,320.01,252.49
2022-07-14,2022-07-08,5,50,2022-07-11 09:20,380.75,True,103.25,TARGET,5,13,81.45,4072.5,364.78,3707.72
2022-07-21,2022-07-15,5,50,2022-07-18 09:20,370.0,True,96.8,EXPIRY,3,9,-191.4,-9570.0,207.57,-9777.57
2022-08-04,2022-07-29,5,50,2022-07-29 09:25,361.35,True,142.75,TARGET,4,13,109.65,5482.5,312.72,5169.78
2022-08-11,2022-08-05,4,50,2022-08-05 09:20,420.05,False,159.75,TARGET,3,7,117.05,5852.5,262.93,5589.57
2022-08-25,2022-08-19,5,50,2022-08-19 13:00,384.6,True,137.65,EXPIRY,4,12,13.35,667.5,260.25,407.25
2022-09-01,2022-08-26,4,50,2022-08-26 09:20,365.1,False,124.65,EXPIRY,2,15,35.35,1767.5,159.82,1607.68
2022-09-08,2022-09-02,5,50,2022-09-02 09:20,371.45,False,169.4,TARGET,5,11,125.25,6262.5,371.93,5890.57
2022-09-15,2022-09-09,5,50,2022-09-09 13:10,364.35,True,134.45,TARGET,4,11,100.95,5047.5,310.7,4736.8
2022-09-22,2022-09-16,5,50,2022-09-16 09:20,370.0,False,173.8,TARGET,5,23,130.55,6527.5,379.26,6148.24
2022-09-29,2022-09-23,5,50,2022-09-23 09:20,394.15,False,175.95,EXPIRY,5,17,-254.8,-12740.0,332.0,-13072.0
2022-10-06,2022-09-30,4,50,2022-09-30 09:20,429.0,False,214.55,EXPIRY,6,16,-16.95,-847.5,373.21,-1220.71
2022-10-13,2022-10-07,5,50,2022-10-10 09:20,641.8,True,87.35,TARGET,4,13,104.25,5212.5,309.01,4903.49
2022-10-20,2022-10-14,5,50,2022-10-14 09:20,547.25,False,162.55,EXPIRY,5,14,13.35,667.5,317.96,349.54
2022-11-03,2022-10-28,5,50,2022-10-28 09:20,352.0,False,133.85,EXPIRY,5,9,61.9,3095.0,312.26,2782.74
2022-11-10,2022-11-04,4,50,2022-11-07 09:20,368.95,True,95.45,EXPIRY,4,8,20.9,1045.0,248.05,796.95
2022-11-17,2022-11-11,5,50,2022-11-11 09:20,469.0,False,95.7,TARGET,2,8,96.6,4830.0,204.34,4625.66
2022-12-29,2022-12-23,5,50,2022-12-23 09:20,419.9,False,126.4,TARGET,1,9,92.2,4610.0,163.01,4446.99
2023-01-12,2023-01-06,5,50,2023-01-06 15:00,396.35,True,82.8,EXPIRY,5,11,51.2,2560.0,299.09,2260.91
2023-01-19,2023-01-13,5,50,2023-01-13 09:20,371.0,False,120.25,TARGET,6,13,97.5,4875.0,414.14,4460.86
2023-02-02,2023-01-27,5,50,2023-01-27 09:20,540.5,False,169.7,TARGET,4,24,127.3,6365.0,320.33,6044.67
2023-02-09,2023-02-03,5,50,2023-02-03 10:25,397.85,True,113.4,TARGET,1,11,81.9,4095.0,159.35,3935.65
2023-02-16,2023-02-10,5,50,2023-02-10 09:20,356.8,False,83.65,TARGET,3,9,62.95,3147.5,254.73,2892.77
2023-03-16,2023-03-10,5,50,2023-03-13 15:00,361.45,True,152.45,EXPIRY,2,10,30.6,1530.0,158.68,1371.32
2023-03-23,2023-03-17,5,50,2023-03-17 11:15,394.75,True,122.15,TARGET,4,10,106.05,5302.5,306.98,4995.52
2023-04-06,2023-03-31,4,50,2023-03-31 09:20,400.45,False,126.05,EXPIRY,5,14,-145.05,-7252.5,309.32,-7561.82
2023-08-03,2023-07-28,5,50,2023-07-28 09:20,375.55,False,76.6,EXPIRY,6,16,-161.15,-8057.5,357.9,-8415.4
2023-10-26,2023-10-20,4,50,2023-10-25 14:00,410.4,True,24.95,EXPIRY,6,13,-70.45,-3522.5,340.21,-3862.71
2023-12-28,2023-12-22,4,50,2023-12-22 11:45,360.5,True,134.25,EXPIRY,5,7,-18.75,-937.5,309.77,-1247.27
2024-01-04,2023-12-29,5,50,2023-12-29 09:20,443.15,False,138.2,TARGET,3,11,101.0,5050.0,269.91,4780.09
2024-01-18,2024-01-12,5,50,2024-01-12 09:20,355.85,False,118.5,EXPIRY,6,22,-250.9,-12545.0,372.64,-12917.64
2024-01-25,2024-01-19,4,50,2024-01-19 09:20,376.7,False,159.9,EXPIRY,6,19,54.65,2732.5,367.55,2364.95
2024-02-01,2024-01-29,4,50,2024-01-29 09:20,428.4,False,192.55,TARGET,5,14,155.75,7787.5,379.63,7407.87
2024-02-08,2024-02-02,5,50,2024-02-02 09:20,482.55,False,139.05,TARGET,4,19,102.6,5130.0,319.31,4810.69
2024-02-15,2024-02-09,5,50,2024-02-09 09:20,1088.85,False,165.15,TARGET,2,20,122.9,6145.0,218.02,5926.98
2024-02-22,2024-02-16,5,50,2024-02-19 09:20,378.0,True,149.75,TARGET,2,15,109.35,5467.5,212.04,5255.46
2024-02-29,2024-02-23,5,50,2024-02-23 09:20,541.6,False,141.55,TARGET,5,10,107.55,5377.5,374.44,5003.06
2024-03-07,2024-03-01,5,50,2024-03-01 09:20,418.25,False,191.45,EXPIRY,5,14,20.15,1007.5,331.01,676.49
2024-03-14,2024-03-11,4,50,2024-03-13 12:30,531.85,True,54.9,TARGET,1,14,41.85,2092.5,150.86,1941.64
2024-03-21,2024-03-15,5,50,2024-03-15 09:20,409.85,False,164.7,TARGET,5,13,179.85,8992.5,377.7,8614.8
2024-03-28,2024-03-22,4,50,2024-03-26 09:20,606.75,True,77.7,TARGET,2,10,57.55,2877.5,202.93,2674.57
2024-04-18,2024-04-12,4,50,2024-04-15 09:20,541.2,True,87.0,TARGET,4,14,99.75,4987.5,313.68,4673.82
2024-04-25,2024-04-19,5,50,2024-04-19 09:20,521.6,False,164.8,EXPIRY,3,10,-150.45,-7522.5,215.11,-7737.61
2024-05-02,2024-04-26,4,25,2024-04-26 11:35,360.65,True,132.25,TARGET,4,11,108.15,2703.75,298.83,2404.92
2024-05-09,2024-05-03,5,25,2024-05-03 11:45,411.25,True,165.95,EXPIRY,4,15,-200.05,-5001.25,250.72,-5251.97
2024-05-16,2024-05-10,5,25,2024-05-10 09:20,367.95,False,197.75,EXPIRY,6,10,-20.25,-506.25,348.31,-854.56
2024-05-23,2024-05-17,5,25,2024-05-17 13:40,381.15,True,136.65,EXPIRY,5,16,-128.85,-3221.25,298.99,-3520.24
2024-05-30,2024-05-24,5,25,2024-05-24 09:20,442.05,False,179.35,EXPIRY,5,7,51.15,1278.75,299.98,978.77
2024-06-06,2024-05-31,5,25,2024-05-31 09:20,1139.4,False,411.15,TARGET,5,20,345.75,8643.75,387.17,8256.58
2024-06-13,2024-06-07,5,25,2024-06-07 09:20,1440.3,False,230.85,TARGET,4,14,175.45,4386.25,319.86,4066.39
2024-06-20,2024-06-14,4,25,2024-06-14 09:20,353.75,False,127.6,TARGET,4,9,100.2,2505.0,295.29,2209.71
2024-06-27,2024-06-21,5,25,2024-06-21 11:50,365.2,True,126.15,EXPIRY,5,15,-247.95,-6198.75,302.46,-6501.21
2024-07-04,2024-06-28,5,25,2024-06-28 09:20,420.7,False,165.6,TARGET,6,12,130.95,3273.75,402.78,2870.97
2024-07-11,2024-07-05,5,25,2024-07-05 09:20,358.0,False,134.05,TARGET,5,12,106.0,2650.0,348.35,2301.65
2024-07-25,2024-07-19,5,25,2024-07-19 09:20,484.05,False,243.5,TARGET,5,18,186.25,4656.25,365.3,4290.95
2024-08-01,2024-07-26,5,25,2024-07-26 09:20,358.8,False,161.95,EXPIRY,5,18,-226.2,-5655.0,300.78,-5955.78
2024-08-08,2024-08-02,5,25,2024-08-02 09:20,447.9,False,147.65,EXPIRY,2,16,-355.6,-8890.0,152.79,-9042.79
2024-08-14,2024-08-09,4,25,2024-08-09 09:20,541.75,False,121.3,TARGET,6,12,101.1,2527.5,407.28,2120.22
2024-08-22,2024-08-16,5,25,2024-08-16 09:20,480.7,False,113.75,EXPIRY,6,11,-78.55,-1963.75,349.95,-2313.7
2024-09-12,2024-09-06,5,25,2024-09-06 09:20,351.15,False,132.95,TARGET,5,21,111.45,2786.25,352.71,2433.54
2024-09-19,2024-09-13,5,25,2024-09-13 09:20,426.0,False,127.95,TARGET,4,7,108.1,2702.5,296.67,2405.83
2024-09-26,2024-09-20,5,25,2024-09-20 12:05,386.0,True,190.85,EXPIRY,4,12,-165.85,-4146.25,253.85,-4400.1
2024-10-03,2024-09-27,4,25,2024-09-27 10:45,373.25,True,137.15,EXPIRY,5,15,-583.95,-14598.75,300.42,-14899.17
2024-10-10,2024-10-04,5,25,2024-10-04 09:20,720.45,False,142.4,TARGET,5,23,116.55,2913.75,360.09,2553.66
2024-10-17,2024-10-11,5,25,2024-10-11 09:20,359.2,False,171.55,EXPIRY,7,12,-80.2,-2005.0,396.72,-2401.72
2024-10-24,2024-10-18,5,25,2024-10-18 09:20,624.25,False,157.15,EXPIRY,7,20,-101.0,-2525.0,399.4,-2924.4
2024-10-31,2024-10-25,5,25,2024-10-25 09:20,358.35,False,180.05,TARGET,4,18,150.05,3751.25,303.09,3448.16
2024-11-07,2024-11-04,4,25,2024-11-04 09:20,635.25,False,170.9,TARGET,5,11,134.6,3365.0,351.78,3013.22
2024-11-14,2024-11-08,5,25,2024-11-08 09:20,428.0,False,189.65,EXPIRY,5,24,-236.0,-5900.0,303.56,-6203.56
2024-11-21,2024-11-18,3,25,2024-11-18 09:20,402.2,False,131.0,EXPIRY,7,11,-73.45,-1836.25,395.98,-2232.23
2024-11-28,2024-11-22,5,25,2024-11-22 09:20,413.5,False,196.45,EXPIRY,4,13,-88.5,-2212.5,257.8,-2470.3
2024-12-05,2024-11-29,5,25,2024-11-29 09:20,395.15,False,208.15,EXPIRY,3,19,-150.05,-3751.25,210.19,-3961.44
2024-12-12,2024-12-06,5,25,2024-12-06 09:20,490.3,False,263.6,TARGET,3,9,195.55,4888.75,259.47,4629.28
2024-12-19,2024-12-13,5,25,2024-12-13 09:20,383.0,False,185.05,EXPIRY,4,16,-394.8,-9870.0,255.51,-10125.51
2024-12-26,2024-12-20,4,25,2024-12-20 09:20,505.65,False,207.35,TARGET,3,9,169.5,4237.5,250.63,3986.87
2025-01-02,2024-12-27,5,75,2024-12-27 09:20,388.6,False,208.45,EXPIRY,4,13,-171.35,-12851.25,282.32,-13133.57
2025-01-09,2025-01-03,5,75,2025-01-03 09:20,398.3,False,197.95,EXPIRY,4,17,-117.8,-8835.0,300.9,-9135.9
2025-01-16,2025-01-10,5,75,2025-01-10 09:20,435.45,False,173.4,TARGET,3,14,126.15,9461.25,298.55,9162.7
2025-01-23,2025-01-17,5,75,2025-01-17 09:20,507.1,False,168.0,TARGET,6,15,129.15,9686.25,458.55,9227.7
2025-01-30,2025-01-24,5,25,2025-01-24 09:20,484.5,False,181.4,TARGET,4,14,159.0,3975.0,304.01,3670.99
2025-02-06,2025-01-31,6,75,2025-01-31 09:20,670.1,False,373.45,TARGET,3,15,265.2,19890.0,351.86,19538.14
2025-02-13,2025-02-07,5,75,2025-02-07 09:20,464.0,False,189.15,TARGET,7,23,143.5,10762.5,509.63,10252.87
2025-02-20,2025-02-14,5,75,2025-02-14 09:20,380.9,False,184.0,TARGET,4,18,134.1,10057.5,350.61,9706.89
2025-02-27,2025-02-21,4,75,2025-02-21 09:20,379.65,False,160.95,TARGET,4,8,116.65,8748.75,338.92,8409.83
2025-03-06,2025-02-28,5,75,2025-02-28 09:20,771.85,False,151.15,TARGET,5,23,111.7,8377.5,387.43,7990.07
2025-03-13,2025-03-07,5,75,2025-03-07 09:20,373.6,False,179.35,TARGET,4,14,131.6,9870.0,331.06,9538.94
2025-03-20,2025-03-17,4,75,2025-03-18 09:20,515.6,True,99.45,EXPIRY,5,12,-152.25,-11418.75,326.77,-11745.52
2025-03-27,2025-03-21,5,75,2025-03-21 11:50,489.15,True,99.95,TARGET,5,15,82.1,6157.5,398.42,5759.08
2025-04-03,2025-03-28,4,75,2025-03-28 09:20,359.55,False,181.45,EXPIRY,5,12,101.2,7590.0,330.94,7259.06
2025-04-09,2025-04-04,4,75,2025-04-04 09:20,626.2,False,158.95,EXPIRY,3,12,-366.5,-27487.5,225.21,-27712.71
2025-04-17,2025-04-11,4,75,2025-04-11 09:25,667.5,True,208.85,TARGET,2,8,148.4,11130.0,229.14,10900.86
2025-04-24,2025-04-21,4,75,2025-04-21 09:20,719.25,False,146.3,TARGET,6,10,111.9,8392.5,453.16,7939.34
2025-04-30,2025-04-25,4,75,2025-04-25 09:20,512.85,False,166.05,TARGET,4,15,121.75,9131.25,341.88,8789.37
2025-05-08,2025-05-02,5,75,2025-05-02 09:20,546.0,False,186.7,TARGET,2,15,134.9,10117.5,234.48,9883.02
2025-05-15,2025-05-09,5,75,2025-05-09 09:20,1344.65,False,238.55,EXPIRY,4,18,-312.9,-23467.5,289.61,-23757.11
2025-05-22,2025-05-16,5,75,2025-05-16 09:25,437.95,True,216.95,TARGET,4,14,170.9,12817.5,342.06,12475.44
2025-05-29,2025-05-23,5,75,2025-05-23 09:20,475.5,False,188.7,TARGET,5,11,199.9,14992.5,420.88,14571.62
2025-06-05,2025-05-30,5,75,2025-05-30 09:20,446.95,False,217.45,TARGET,2,15,156.15,11711.25,236.05,11475.2
2025-06-12,2025-06-06,5,75,2025-06-06 09:20,573.15,False,157.4,TARGET,2,13,134.75,10106.25,234.84,9871.41
2025-06-19,2025-06-13,5,75,2025-06-13 09:20,772.65,False,154.7,TARGET,5,14,112.95,8471.25,418.64,8052.61
2025-06-26,2025-06-20,5,75,2025-06-20 09:20,456.0,False,160.55,EXPIRY,5,9,-169.25,-12693.75,338.07,-13031.82
2025-07-03,2025-06-27,5,75,2025-06-27 09:20,381.45,False,164.4,TARGET,3,7,119.5,8962.5,284.62,8677.88
2025-07-10,2025-07-04,5,75,2025-07-04 09:20,395.95,False,152.0,TARGET,3,9,109.1,8182.5,285.61,7896.89
2025-07-17,2025-07-11,5,75,2025-07-11 11:20,356.55,True,126.65,TARGET,4,14,100.75,7556.25,327.52,7228.73
2025-07-24,2025-07-18,5,75,2025-07-18 09:20,548.85,False,109.5,TARGET,2,12,79.8,5985.0,224.71,5760.29
2025-07-31,2025-07-25,5,75,2025-07-25 09:20,413.5,False,146.45,TARGET,3,11,118.05,8853.75,279.14,8574.61
2025-08-07,2025-08-01,5,75,2025-08-04 09:35,366.35,True,129.2,TARGET,3,7,93.4,7005.0,273.6,6731.4
2025-08-14,2025-08-08,5,75,2025-08-08 09:20,356.6,False,135.55,TARGET,5,7,101.25,7593.75,384.8,7208.95
2025-08-21,2025-08-18,4,75,2025-08-18 09:20,367.5,False,118.05,TARGET,2,8,97.8,7335.0,220.56,7114.44
2025-10-20,2025-10-15,4,75,2025-10-15 09:25,366.95,True,93.15,EXPIRY,6,12,-238.5,-17887.5,369.61,-18257.11
2025-10-28,2025-10-21,5,75,2025-10-23 09:45,358.85,True,141.8,TARGET,4,11,106.45,7983.75,323.75,7660.0
2025-11-04,2025-10-29,5,75,2025-10-29 09:20,358.05,False,174.0,TARGET,3,11,130.65,9798.75,285.5,9513.25
2025-11-11,2025-11-06,4,75,2025-11-06 09:20,367.0,False,108.95,TARGET,4,11,83.15,6236.25,322.77,5913.48
2025-11-18,2025-11-12,5,75,2025-11-12 09:20,423.7,False,128.8,TARGET,5,9,109.05,8178.75,385.05,7793.7
2025-11-25,2025-11-19,5,75,2025-11-19 10:55,396.5,True,130.7,TARGET,2,11,93.75,7031.25,219.6,6811.65
2025-12-02,2025-11-26,5,75,2025-11-26 09:20,384.6,False,123.05,EXPIRY,7,13,70.75,5306.25,432.16,4874.09
2025-12-09,2025-12-03,5,75,2025-12-03 11:35,373.65,True,115.65,EXPIRY,6,10,25.8,1935.0,363.68,1571.32
2025-12-16,2025-12-10,5,75,2025-12-10 09:20,356.55,False,134.0,TARGET,5,11,98.7,7402.5,382.94,7019.56
2026-01-13,2026-01-07,5,65,2026-01-09 14:45,360.9,True,60.1,EXPIRY,3,16,38.9,2528.5,206.75,2321.75
2026-01-20,2026-01-14,4,65,2026-01-14 13:20,369.6,True,108.05,EXPIRY,4,7,-182.15,-11839.75,261.74,-12101.49
2026-01-27,2026-01-21,4,65,2026-01-21 09:20,442.25,False,154.9,TARGET,5,12,132.7,8625.5,380.68,8244.82
2026-02-03,2026-01-28,6,65,2026-01-28 09:20,538.05,False,272.9,EXPIRY,4,16,-168.8,-10972.0,301.51,-11273.51
2026-02-10,2026-02-04,5,65,2026-02-04 09:20,450.25,False,188.65,EXPIRY,7,11,88.45,5749.25,444.62,5304.63
2026-02-17,2026-02-11,5,65,2026-02-13 09:20,536.0,True,83.6,TARGET,3,14,81.35,5287.75,264.89,5022.86
2026-02-24,2026-02-18,5,65,2026-02-18 09:20,366.95,False,124.1,EXPIRY,4,16,-18.65,-1212.25,271.38,-1483.63
2026-03-02,2026-02-25,4,65,2026-02-25 09:20,417.0,False,151.55,EXPIRY,6,16,-348.05,-22623.25,377.76,-23001.01
2026-03-10,2026-03-04,5,65,2026-03-04 09:20,651.95,False,353.55,TARGET,3,17,264.1,17166.5,326.62,16839.88
2026-03-17,2026-03-11,5,65,2026-03-11 09:20,609.5,False,254.85,EXPIRY,4,25,-55.95,-3636.75,324.75,-3961.5
2026-03-24,2026-03-18,5,65,2026-03-18 09:20,507.7,False,240.75,EXPIRY,4,22,-184.65,-12002.25,299.64,-12301.89
2026-03-30,2026-03-25,3,65,2026-03-25 09:20,669.85,False,307.45,EXPIRY,8,16,-362.75,-23578.75,585.88,-24164.63
2026-04-07,2026-04-01,4,65,2026-04-01 09:20,1814.6,False,266.15,TARGET,4,28,305.4,19851.0,411.4,19439.6
2026-04-13,2026-04-08,4,65,2026-04-08 09:20,2551.05,False,24.9,TARGET,2,14,21.05,1368.25,231.83,1136.42
2026-04-21,2026-04-15,5,65,2026-04-15 09:20,1520.95,False,225.35,TARGET,4,14,169.25,11001.25,348.63,10652.62
2026-04-28,2026-04-22,5,65,2026-04-22 09:20,509.5,False,240.45,TARGET,5,15,204.8,13312.0,418.27,12893.73
2026-05-05,2026-04-29,4,65,2026-04-29 09:20,425.2,False,214.75,TARGET,6,18,178.8,11622.0,464.86,11157.14
2026-05-12,2026-05-06,5,65,2026-05-06 09:20,415.65,False,203.1,EXPIRY,3,13,-561.75,-36513.75,240.78,-36754.53
2026-05-19,2026-05-13,5,65,2026-05-13 09:20,560.0,False,237.95,TARGET,8,15,186.05,12093.25,578.41,11514.84
2026-05-26,2026-05-20,5,65,2026-05-20 09:20,878.75,False,199.5,TARGET,4,14,157.3,10224.5,344.97,9879.53
2026-06-02,2026-05-27,4,65,2026-05-27 09:20,401.4,False,185.35,EXPIRY,4,9,41.15,2674.75,276.22,2398.53
2026-06-09,2026-06-03,5,65,2026-06-03 09:20,572.95,False,171.7,TARGET,5,15,198.75,12918.75,405.42,12513.33
2026-06-16,2026-06-10,5,65,2026-06-10 09:20,448.5,False,218.7,EXPIRY,5,11,-391.15,-25424.75,334.8,-25759.55
2026-06-23,2026-06-17,5,65,2026-06-17 09:20,350.1,False,182.05,TARGET,3,9,131.85,8570.25,275.61,8294.64
2026-06-30,2026-06-24,4,65,2026-06-24 09:20,363.2,False,175.3,TARGET,5,12,129.9,8443.5,386.44,8057.06
2026-07-07,2026-07-01,5,65,2026-07-01 09:20,365.9,False,194.6,EXPIRY,4,13,-24.4,-1586.0,283.28,-1869.28
2026-07-14,2026-07-08,5,65,2026-07-08 09:35,364.1,True,147.0,TARGET,3,14,114.45,7439.25,273.89,7165.36
2026-07-21,2026-07-15,5,65,2026-07-15 09:20,389.45,False,162.75,TARGET,5,13,119.5,7767.5,399.32,7368.18
2026-07-28,2026-07-22,5,65,2026-07-22 09:20,366.85,False,157.75,TARGET,5,13,116.55,7575.75,396.59,7179.16
2026-08-04,2026-07-29,5,65,2026-07-31 09:20,511.8,True,84.8,EXPIRY,4,7,-46.85,-3045.25,260.21,-3305.46
2026-08-11,2026-08-05,5,65,2026-08-05 09:20,353.4,False,112.0,TARGET,3,8,83.05,5398.25,273.63,5124.62
2026-08-18,2026-08-12,5,65,2026-08-12 09:20,368.75,False,134.45,TARGET,3,9,131.05,8518.25,276.29,8241.96
2026-09-01,2026-08-26,5,65,2026-08-26 09:20,356.6,False,87.95,TARGET,3,9,67.55,4390.75,284.75,4106.0
2026-09-08,2026-09-02,5,65,2026-09-02 09:20,403.65,False,123.4,EXPIRY,4,6,7.45,484.25,265.75,218.5
2026-09-15,2026-09-09,4,65,2026-09-11 09:20,421.5,True,73.35,EXPIRY,4,11,-137.0,-8905.0,262.45,-9167.45
2026-09-22,2026-09-16,5,65,2026-09-16 09:20,388.75,False,191.55,TARGET,4,9,140.45,9129.25,329.44,8799.81
