trade,type,strike,entry,entry_time,exit,exit_time,exit_reason,pnl_pts,day,expiry,lot,pnl_rs
1,CE,17900,4.25,09:20,4.5,09:30,RANGE SL,-0.25,2021-09-30,2021-09-30,50,-12.5
1,PE,17650,37.9,09:20,50.85,09:30,RANGE SL,-12.95,2021-09-30,2021-09-30,50,-647.5
1,PE,17650,6.1,09:20,6.1,09:57,ROLL UP,0.0,2021-10-07,2021-10-07,50,0.0
1,PE,17750,13.45,09:57,5.8,12:57,ROLL UP,7.65,2021-10-07,2021-10-07,50,382.5
1,CE,17900,9.05,09:20,0.65,15:15,TIME 15:15,8.4,2021-10-07,2021-10-07,50,420.0
1,PE,17800,11.1,12:57,8.4,15:15,TIME 15:15,2.7,2021-10-07,2021-10-07,50,135.0
1,PE,18200,16.1,09:20,6.8,12:19,ROLL UP,9.3,2021-10-14,2021-10-14,50,465.0
1,CE,18350,9.0,09:20,3.3,13:05,RANGE SL,5.7,2021-10-14,2021-10-14,50,285.0
1,PE,18300,31.3,12:19,41.45,13:05,RANGE SL,-10.15,2021-10-14,2021-10-14,50,-507.5
1,CE,18450,11.9,09:20,7.3,09:33,STOP LOSS,4.6,2021-10-21,2021-10-21,50,230.0
1,PE,18250,21.3,09:20,46.4,09:33,STOP LOSS,-25.1,2021-10-21,2021-10-21,50,-1255.0
1,CE,18350,4.75,09:20,5.65,09:29,ROLL DOWN,-0.9,2021-10-28,2021-10-28,50,-45.0
1,CE,18250,14.3,09:29,10.15,10:08,ROLL DOWN,4.15,2021-10-28,2021-10-28,50,207.5
1,PE,18100,40.55,09:20,77.15,10:45,STOP LOSS,-36.6,2021-10-28,2021-10-28,50,-1830.0
1,CE,18200,15.25,10:08,11.4,10:45,STOP LOSS,3.85,2021-10-28,2021-10-28,50,192.5
1,CE,18050,16.65,09:20,3.7,12:55,RANGE SL,12.95,2021-11-03,2021-11-03,50,647.5
1,PE,17850,16.7,09:20,30.05,12:55,RANGE SL,-13.35,2021-11-03,2021-11-03,50,-667.5
1,CE,18050,15.1,09:20,7.45,10:22,STOP LOSS,7.65,2021-11-11,2021-11-11,50,382.5
1,PE,17850,17.95,09:20,43.4,10:22,STOP LOSS,-25.45,2021-11-11,2021-11-11,50,-1272.5
1,CE,18050,9.4,09:20,5.4,09:31,STOP LOSS,4.0,2021-11-18,2021-11-18,50,200.0
1,PE,17900,35.5,09:20,71.2,09:31,STOP LOSS,-35.7,2021-11-18,2021-11-18,50,-1785.0
1,PE,17250,13.05,09:20,14.8,09:25,ROLL UP,-1.75,2021-11-25,2021-11-25,50,-87.5
1,CE,17550,10.45,09:20,8.75,09:27,STOP LOSS,1.7,2021-11-25,2021-11-25,50,85.0
1,PE,17350,29.9,09:25,42.35,09:27,STOP LOSS,-12.45,2021-11-25,2021-11-25,50,-622.5
1,PE,16950,9.4,09:20,11.05,09:26,ROLL UP,-1.65,2021-12-02,2021-12-02,50,-82.5
1,PE,17150,44.4,09:26,1.4,14:39,ROLL UP,43.0,2021-12-02,2021-12-02,50,2150.0
1,CE,17250,46.65,09:20,120.45,15:01,STOP LOSS,-73.8,2021-12-02,2021-12-02,50,-3690.0
1,PE,17250,0.9,14:39,0.9,15:01,STOP LOSS,0.0,2021-12-02,2021-12-02,50,0.0
1,CE,17650,5.8,09:20,4.2,09:25,RANGE SL,1.6,2021-12-09,2021-12-09,50,80.0
1,PE,17500,46.15,09:20,72.0,09:25,RANGE SL,-25.85,2021-12-09,2021-12-09,50,-1292.5
1,PE,17250,19.85,09:20,19.35,09:21,ROLL UP,0.5,2021-12-16,2021-12-16,50,25.0
1,PE,17300,30.55,09:21,36.2,09:23,ROLL UP,-5.65,2021-12-16,2021-12-16,50,-282.5
1,PE,17200,11.6,09:23,14.2,09:27,ROLL UP,-2.6,2021-12-16,2021-12-16,50,-130.0
1,CE,17450,14.0,09:20,6.6,09:51,STOP LOSS,7.4,2021-12-16,2021-12-16,50,370.0
1,PE,17300,39.7,09:27,59.6,09:51,STOP LOSS,-19.9,2021-12-16,2021-12-16,50,-995.0
1,CE,17150,9.8,09:20,0.6,15:15,TIME 15:15,9.2,2021-12-23,2021-12-23,50,460.0
1,PE,16950,18.0,09:20,0.55,15:15,TIME 15:15,17.45,2021-12-23,2021-12-23,50,872.5
1,PE,16950,2.4,09:20,3.2,09:21,ROLL UP,-0.8,2021-12-30,2021-12-30,50,-40.0
1,PE,17150,26.3,09:21,13.6,10:03,ROLL UP,12.7,2021-12-30,2021-12-30,50,635.0
1,CE,17200,46.85,09:20,12.5,15:11,ROLL DOWN,34.35,2021-12-30,2021-12-30,50,1717.5
1,PE,17200,24.3,10:03,1.85,15:15,TIME 15:15,22.45,2021-12-30,2021-12-30,50,1122.5
1,CE,17300,-0.35,15:11,0.6,15:15,TIME 15:15,-0.95,2021-12-30,2021-12-30,50,-47.5
1,CE,18050,1.15,09:20,2.15,09:23,ROLL DOWN,-1.0,2022-01-06,2022-01-06,50,-50.0
1,PE,17700,28.5,09:20,56.8,09:35,STOP LOSS,-28.3,2022-01-06,2022-01-06,50,-1415.0
1,CE,17850,17.2,09:23,6.7,09:35,STOP LOSS,10.5,2022-01-06,2022-01-06,50,525.0
1,CE,18350,6.4,09:20,0.65,15:15,TIME 15:15,5.75,2022-01-13,2022-01-13,50,287.5
1,PE,18150,17.75,09:20,0.65,15:15,TIME 15:15,17.1,2022-01-13,2022-01-13,50,855.0
1,CE,18050,5.55,09:20,4.1,09:55,RANGE SL,1.45,2022-01-20,2022-01-20,50,72.5
1,PE,17850,20.9,09:20,28.95,09:55,RANGE SL,-8.05,2022-01-20,2022-01-20,50,-402.5
1,CE,17650,0.9,09:20,1.95,09:22,ROLL DOWN,-1.05,2022-01-27,2022-01-27,50,-52.5
1,PE,17000,108.8,09:20,2.05,14:35,RANGE SL,106.75,2022-01-27,2022-01-27,50,5337.5
1,CE,17150,26.25,09:22,27.9,14:35,RANGE SL,-1.65,2022-01-27,2022-01-27,50,-82.5
1,CE,18050,0.7,09:20,1.5,09:31,ROLL DOWN,-0.8,2022-02-03,2022-02-03,50,-40.0
1,PE,17700,26.1,09:20,41.65,09:37,STOP LOSS,-15.55,2022-02-03,2022-02-03,50,-777.5
1,CE,17850,7.35,09:31,7.55,09:37,STOP LOSS,-0.2,2022-02-03,2022-02-03,50,-10.0
1,CE,17650,7.55,09:20,7.9,09:35,ROLL DOWN,-0.35,2022-02-10,2022-02-10,50,-17.5
1,CE,17600,15.7,09:35,13.35,09:42,ROLL DOWN,2.35,2022-02-10,2022-02-10,50,117.5
1,PE,17450,29.9,09:20,52.3,09:45,STOP LOSS,-22.4,2022-02-10,2022-02-10,50,-1120.0
1,CE,17500,40.55,09:42,40.15,09:45,STOP LOSS,0.4,2022-02-10,2022-02-10,50,20.0
1,PE,17250,11.95,09:20,11.85,09:21,ROLL UP,0.1,2022-02-17,2022-02-17,50,5.0
1,CE,17450,37.6,09:20,21.9,09:31,STOP LOSS,15.7,2022-02-17,2022-02-17,50,785.0
1,PE,17350,25.5,09:21,72.6,09:31,STOP LOSS,-47.1,2022-02-17,2022-02-17,50,-2355.0
1,CE,17150,2.15,09:20,3.4,09:47,STOP LOSS,-1.25,2022-02-24,2022-02-24,50,-62.5
1,PE,16450,46.5,09:20,86.75,09:47,STOP LOSS,-40.25,2022-02-24,2022-02-24,50,-2012.5
1,CE,17050,1.95,09:20,1.95,10:07,STOP LOSS,0.0,2022-03-03,2022-03-03,50,0.0
1,PE,16500,18.9,09:20,33.5,10:07,STOP LOSS,-14.6,2022-03-03,2022-03-03,50,-730.0
1,CE,17050,4.2,09:20,2.9,11:26,ROLL DOWN,1.3,2022-03-10,2022-03-10,50,65.0
1,PE,16500,20.75,09:20,9.9,11:41,ROLL UP,10.85,2022-03-10,2022-03-10,50,542.5
1,CE,16850,14.1,11:26,1.7,13:46,ROLL DOWN,12.4,2022-03-10,2022-03-10,50,620.0
1,PE,16550,14.25,11:41,64.15,13:52,STOP LOSS,-49.9,2022-03-10,2022-03-10,50,-2495.0
1,CE,16800,2.05,13:46,1.85,13:52,STOP LOSS,0.2,2022-03-10,2022-03-10,50,10.0
1,CE,17550,0.9,09:20,1.8,09:25,ROLL DOWN,-0.9,2022-03-17,2022-03-17,50,-45.0
1,CE,17450,2.7,09:25,3.5,09:27,ROLL DOWN,-0.8,2022-03-17,2022-03-17,50,-40.0
1,PE,16900,6.6,09:20,7.85,09:34,ROLL UP,-1.25,2022-03-17,2022-03-17,50,-62.5
1,CE,17350,12.35,09:27,11.45,09:35,STOP LOSS,0.9,2022-03-17,2022-03-17,50,45.0
1,PE,17150,54.3,09:34,58.85,09:35,STOP LOSS,-4.55,2022-03-17,2022-03-17,50,-227.5
1,CE,17450,3.1,09:20,8.2,09:53,ROLL DOWN,-5.1,2022-03-24,2022-03-24,50,-255.0
1,PE,17000,18.55,09:20,8.45,10:25,ROLL UP,10.1,2022-03-24,2022-03-24,50,505.0
1,CE,17350,20.9,09:53,4.45,12:25,RANGE SL,16.45,2022-03-24,2022-03-24,50,822.5
1,PE,17150,27.6,10:25,42.5,12:25,RANGE SL,-14.9,2022-03-24,2022-03-24,50,-745.0
1,CE,17750,0.85,09:20,1.55,09:27,ROLL DOWN,-0.7,2022-03-31,2022-03-31,50,-35.0
1,PE,17500,36.05,09:20,51.7,11:55,RANGE SL,-15.65,2022-03-31,2022-03-31,50,-782.5
1,CE,17650,4.35,09:27,2.45,11:55,RANGE SL,1.9,2022-03-31,2022-03-31,50,95.0
1,CE,18050,0.95,09:20,1.95,09:28,ROLL DOWN,-1.0,2022-04-07,2022-04-07,50,-50.0
1,CE,17950,1.8,09:28,2.8,09:29,ROLL DOWN,-1.0,2022-04-07,2022-04-07,50,-50.0
1,PE,17700,28.8,09:20,45.1,10:32,STOP LOSS,-16.3,2022-04-07,2022-04-07,50,-815.0
1,CE,17850,6.35,09:29,4.8,10:32,STOP LOSS,1.55,2022-04-07,2022-04-07,50,77.5
1,PE,17550,13.95,09:20,11.45,09:36,ROLL UP,2.5,2022-04-13,2022-04-13,50,125.0
1,CE,17700,11.25,09:20,10.05,10:02,STOP LOSS,1.2,2022-04-13,2022-04-13,50,60.0
1,PE,17600,20.8,09:36,41.25,10:02,STOP LOSS,-20.45,2022-04-13,2022-04-13,50,-1022.5
1,CE,17350,6.05,09:20,37.2,12:45,RANGE SL,-31.15,2022-04-21,2022-04-21,50,-1557.5
1,PE,17200,26.4,09:20,3.75,12:45,RANGE SL,22.65,2022-04-21,2022-04-21,50,1132.5
1,PE,16950,6.7,09:20,9.75,09:27,ROLL UP,-3.05,2022-04-28,2022-04-28,50,-152.5
1,CE,17200,20.75,09:20,14.25,11:26,ROLL DOWN,6.5,2022-04-28,2022-04-28,50,325.0
1,PE,17050,28.9,09:27,3.15,13:00,STOP LOSS,25.75,2022-04-28,2022-04-28,50,1287.5
1,CE,17150,30.1,11:26,75.5,13:00,STOP LOSS,-45.4,2022-04-28,2022-04-28,50,-2270.0
1,PE,16500,3.75,09:20,3.75,09:33,ROLL UP,0.0,2022-05-05,2022-05-05,50,0.0
1,CE,17000,9.7,09:20,2.4,13:31,ROLL DOWN,7.3,2022-05-05,2022-05-05,50,365.0
1,PE,16800,44.9,09:33,62.4,14:00,STOP LOSS,-17.5,2022-05-05,2022-05-05,50,-875.0
1,CE,16950,2.75,13:31,1.75,14:00,STOP LOSS,1.0,2022-05-05,2022-05-05,50,50.0
1,CE,16300,2.45,09:20,3.6,09:25,RANGE SL,-1.15,2022-05-12,2022-05-12,50,-57.5
1,PE,15950,64.05,09:20,77.7,09:25,RANGE SL,-13.65,2022-05-12,2022-05-12,50,-682.5
1,CE,16600,1.1,09:20,2.2,09:22,ROLL DOWN,-1.1,2022-05-19,2022-05-19,50,-55.0
1,CE,16400,1.6,09:22,2.65,09:36,ROLL DOWN,-1.05,2022-05-19,2022-05-19,50,-52.5
1,PE,15900,64.55,09:20,101.85,13:10,RANGE SL,-37.3,2022-05-19,2022-05-19,50,-1865.0
1,CE,16100,10.3,09:36,1.75,13:10,RANGE SL,8.55,2022-05-19,2022-05-19,50,427.5
1,CE,16350,2.1,09:20,2.45,09:31,ROLL DOWN,-0.35,2022-05-26,2022-05-26,50,-17.5
1,PE,16000,31.8,09:20,55.5,10:27,STOP LOSS,-23.7,2022-05-26,2022-05-26,50,-1185.0
1,CE,16250,6.05,09:31,3.15,10:27,STOP LOSS,2.9,2022-05-26,2022-05-26,50,145.0
1,CE,16750,1.4,09:20,3.15,09:32,ROLL DOWN,-1.75,2022-06-02,2022-06-02,50,-87.5
1,PE,16400,39.9,09:20,12.1,10:33,ROLL UP,27.8,2022-06-02,2022-06-02,50,1390.0
1,CE,16550,35.05,09:32,78.5,15:15,TIME 15:15,-43.45,2022-06-02,2022-06-02,50,-2172.5
1,PE,16500,32.0,10:33,0.6,15:15,TIME 15:15,31.4,2022-06-02,2022-06-02,50,1570.0
1,CE,16550,1.7,09:20,3.2,09:45,ROLL DOWN,-1.5,2022-06-09,2022-06-09,50,-75.0
1,PE,16200,23.3,09:20,11.75,10:02,ROLL UP,11.55,2022-06-09,2022-06-09,50,577.5
1,PE,16250,20.35,10:02,23.25,10:12,ROLL UP,-2.9,2022-06-09,2022-06-09,50,-145.0
1,CE,16350,36.25,09:45,97.9,14:45,STOP LOSS,-61.65,2022-06-09,2022-06-09,50,-3082.5
1,PE,16300,39.95,10:12,1.25,14:45,STOP LOSS,38.7,2022-06-09,2022-06-09,50,1935.0
1,PE,15700,11.9,09:20,17.0,09:24,ROLL UP,-5.1,2022-06-16,2022-06-16,50,-255.0
1,CE,16050,3.75,09:20,3.35,09:26,STOP LOSS,0.4,2022-06-16,2022-06-16,50,20.0
1,PE,15800,45.15,09:24,50.55,09:26,STOP LOSS,-5.4,2022-06-16,2022-06-16,50,-270.0
1,CE,15650,6.6,09:20,10.25,09:22,ROLL DOWN,-3.65,2022-06-23,2022-06-23,50,-182.5
1,PE,15400,34.05,09:20,12.55,09:49,STOP LOSS,21.5,2022-06-23,2022-06-23,50,1075.0
1,CE,15550,30.5,09:22,75.5,09:49,STOP LOSS,-45.0,2022-06-23,2022-06-23,50,-2250.0
1,PE,15600,10.7,09:20,8.75,09:43,ROLL UP,1.95,2022-06-30,2022-06-30,50,97.5
1,CE,16000,16.05,09:20,7.25,10:20,STOP LOSS,8.8,2022-06-30,2022-06-30,50,440.0
1,PE,15800,43.65,09:43,73.8,10:20,STOP LOSS,-30.15,2022-06-30,2022-06-30,50,-1507.5
1,PE,15650,1.8,09:20,2.9,09:21,ROLL UP,-1.1,2022-07-07,2022-07-07,50,-55.0
1,PE,15750,3.15,09:21,4.7,09:24,ROLL UP,-1.55,2022-07-07,2022-07-07,50,-77.5
1,CE,16200,21.8,09:20,21.45,09:25,ROLL DOWN,0.35,2022-07-07,2022-07-07,50,17.5
1,CE,16250,9.45,09:25,0.65,14:43,ROLL DOWN,8.8,2022-07-07,2022-07-07,50,440.0
1,PE,16050,42.85,09:24,1.45,14:49,ROLL UP,41.4,2022-07-07,2022-07-07,50,2070.0
1,CE,16150,3.25,14:43,0.7,15:15,TIME 15:15,2.55,2022-07-07,2022-07-07,50,127.5
1,PE,16000,0.0,14:49,0.55,15:15,TIME 15:15,-0.55,2022-07-07,2022-07-07,50,-27.5
1,CE,16250,2.2,09:20,1.85,10:50,ROLL DOWN,0.35,2022-07-14,2022-07-14,50,17.5
1,PE,16000,48.35,09:20,76.4,11:35,RANGE SL,-28.05,2022-07-14,2022-07-14,50,-1402.5
1,CE,16150,7.95,10:50,3.6,11:35,RANGE SL,4.35,2022-07-14,2022-07-14,50,217.5
1,PE,16450,22.6,09:20,22.7,09:23,ROLL UP,-0.1,2022-07-21,2022-07-21,50,-5.0
1,CE,16550,23.2,09:20,52.4,15:15,TIME 15:15,-29.2,2022-07-21,2022-07-21,50,-1460.0
1,PE,16500,39.6,09:23,0.6,15:15,TIME 15:15,39.0,2022-07-21,2022-07-21,50,1950.0
1,PE,16450,1.9,09:20,2.9,09:22,ROLL UP,-1.0,2022-07-28,2022-07-28,50,-50.0
1,PE,16550,4.35,09:22,5.85,09:37,ROLL UP,-1.5,2022-07-28,2022-07-28,50,-75.0
1,CE,16800,34.65,09:20,60.0,10:19,STOP LOSS,-25.35,2022-07-28,2022-07-28,50,-1267.5
1,PE,16650,14.1,09:37,5.9,10:19,STOP LOSS,8.2,2022-07-28,2022-07-28,50,410.0
1,PE,17250,5.35,09:20,5.85,09:22,ROLL UP,-0.5,2022-08-04,2022-08-04,50,-25.0
1,CE,17500,32.7,09:20,8.7,11:25,RANGE SL,24.0,2022-08-04,2022-08-04,50,1200.0
1,PE,17350,13.2,09:22,44.3,11:25,RANGE SL,-31.1,2022-08-04,2022-08-04,50,-1555.0
1,PE,17450,4.45,09:20,6.1,10:04,ROLL UP,-1.65,2022-08-11,2022-08-11,50,-82.5
1,CE,17700,45.35,09:20,29.2,12:20,ROLL DOWN,16.15,2022-08-11,2022-08-11,50,807.5
1,PE,17650,29.0,10:04,2.3,15:15,TIME 15:15,26.7,2022-08-11,2022-08-11,50,1335.0
1,CE,17750,10.3,12:20,0.55,15:15,TIME 15:15,9.75,2022-08-11,2022-08-11,50,487.5
1,CE,18050,5.95,09:20,3.35,11:35,RANGE SL,2.6,2022-08-18,2022-08-18,50,130.0
1,PE,17850,23.75,09:20,29.9,11:35,RANGE SL,-6.15,2022-08-18,2022-08-18,50,-307.5
1,PE,17550,9.3,09:20,8.3,10:13,ROLL UP,1.0,2022-08-25,2022-08-25,50,50.0
1,CE,17750,15.45,09:20,9.05,11:25,RANGE SL,6.4,2022-08-25,2022-08-25,50,320.0
1,PE,17650,22.85,10:13,42.35,11:25,RANGE SL,-19.5,2022-08-25,2022-08-25,50,-975.0
1,CE,18050,0.7,09:20,1.6,09:22,ROLL DOWN,-0.9,2022-09-01,2022-09-01,50,-45.0
1,CE,17850,2.9,09:22,3.45,09:29,ROLL DOWN,-0.55,2022-09-01,2022-09-01,50,-27.5
1,CE,17750,9.15,09:29,9.65,09:32,ROLL DOWN,-0.5,2022-09-01,2022-09-01,50,-25.0
1,PE,17500,47.7,09:20,13.75,10:13,ROLL UP,33.95,2022-09-01,2022-09-01,50,1697.5
1,CE,17650,29.2,09:32,0.75,15:15,TIME 15:15,28.45,2022-09-01,2022-09-01,50,1422.5
1,PE,17450,7.9,10:13,0.65,15:15,TIME 15:15,7.25,2022-09-01,2022-09-01,50,362.5
1,PE,17450,4.25,09:20,4.55,09:24,ROLL UP,-0.3,2022-09-08,2022-09-08,50,-15.0
1,CE,17800,22.5,09:20,40.2,09:26,STOP LOSS,-17.7,2022-09-08,2022-09-08,50,-885.0
1,PE,17650,17.65,09:24,16.55,09:26,STOP LOSS,1.1,2022-09-08,2022-09-08,50,55.0
1,CE,18150,25.9,09:20,8.85,10:04,STOP LOSS,17.05,2022-09-15,2022-09-15,50,852.5
1,PE,17950,18.2,09:20,61.65,10:04,STOP LOSS,-43.45,2022-09-15,2022-09-15,50,-2172.5
1,CE,18100,0.95,09:20,1.95,09:24,ROLL DOWN,-1.0,2022-09-22,2022-09-22,50,-50.0
1,CE,18050,1.25,09:24,2.0,09:39,ROLL DOWN,-0.75,2022-09-22,2022-09-22,50,-37.5
1,PE,17600,68.2,09:20,1.1,15:15,TIME 15:15,67.1,2022-09-22,2022-09-22,50,3355.0
1,CE,17800,22.7,09:39,0.55,15:15,TIME 15:15,22.15,2022-09-22,2022-09-22,50,1107.5
1,CE,17100,19.5,09:20,7.1,11:04,ROLL DOWN,12.4,2022-09-29,2022-09-29,50,620.0
1,PE,16950,28.45,09:20,74.4,11:49,STOP LOSS,-45.95,2022-09-29,2022-09-29,50,-2297.5
1,CE,17050,13.45,11:04,7.05,11:49,STOP LOSS,6.4,2022-09-29,2022-09-29,50,320.0
1,PE,17150,6.1,09:20,6.2,09:26,ROLL UP,-0.1,2022-10-06,2022-10-06,50,-5.0
1,PE,17200,8.7,09:26,11.7,09:36,ROLL UP,-3.0,2022-10-06,2022-10-06,50,-150.0
1,CE,17400,45.5,09:20,35.9,09:42,ROLL DOWN,9.6,2022-10-06,2022-10-06,50,480.0
1,PE,17350,48.75,09:36,14.3,15:15,TIME 15:15,34.45,2022-10-06,2022-10-06,50,1722.5
1,CE,17450,17.8,09:42,0.65,15:15,TIME 15:15,17.15,2022-10-06,2022-10-06,50,857.5
1,CE,17350,1.2,09:20,2.1,09:32,ROLL DOWN,-0.9,2022-10-13,2022-10-13,50,-45.0
1,PE,17000,28.75,09:20,1.75,15:15,TIME 15:15,27.0,2022-10-13,2022-10-13,50,1350.0
1,CE,17150,27.0,09:32,0.6,15:15,TIME 15:15,26.4,2022-10-13,2022-10-13,50,1320.0
1,CE,17650,1.3,09:20,2.45,09:38,ROLL DOWN,-1.15,2022-10-20,2022-10-20,50,-57.5
1,PE,17400,28.65,09:20,1.2,14:42,ROLL UP,27.45,2022-10-20,2022-10-20,50,1372.5
1,CE,17550,7.05,09:38,8.7,15:15,TIME 15:15,-1.65,2022-10-20,2022-10-20,50,-82.5
1,PE,17450,0.6,14:42,0.65,15:15,TIME 15:15,-0.05,2022-10-20,2022-10-20,50,-2.5
1,CE,17850,12.45,09:20,0.95,14:42,ROLL DOWN,11.5,2022-10-27,2022-10-27,50,575.0
1,PE,17650,8.75,09:20,0.6,15:15,TIME 15:15,8.15,2022-10-27,2022-10-27,50,407.5
1,CE,17750,0.7,14:42,1.3,15:15,TIME 15:15,-0.6,2022-10-27,2022-10-27,50,-30.0
1,CE,18300,0.95,09:20,1.95,09:32,ROLL DOWN,-1.0,2022-11-03,2022-11-03,50,-50.0
1,PE,18000,46.75,09:20,1.05,15:15,TIME 15:15,45.7,2022-11-03,2022-11-03,50,2285.0
1,CE,18200,5.0,09:32,0.55,15:15,TIME 15:15,4.45,2022-11-03,2022-11-03,50,222.5
1,CE,18250,2.8,09:20,2.9,09:36,STOP LOSS,-0.1,2022-11-10,2022-11-10,50,-5.0
1,PE,18000,12.8,09:20,22.1,09:36,STOP LOSS,-9.3,2022-11-10,2022-11-10,50,-465.0
1,CE,18550,1.05,09:20,2.05,09:22,ROLL DOWN,-1.0,2022-11-17,2022-11-17,50,-50.0
1,PE,18300,11.35,09:20,3.0,13:09,ROLL UP,8.35,2022-11-17,2022-11-17,50,417.5
1,CE,18450,10.8,09:22,0.6,15:15,RANGE SL,10.2,2022-11-17,2022-11-17,50,510.0
1,PE,18350,7.45,13:09,10.05,15:15,RANGE SL,-2.6,2022-11-17,2022-11-17,50,-130.0
1,CE,18350,9.55,09:20,23.4,09:40,RANGE SL,-13.85,2022-11-24,2022-11-24,50,-692.5
1,PE,18250,10.0,09:20,6.15,09:40,RANGE SL,3.85,2022-11-24,2022-11-24,50,192.5
1,PE,18650,2.85,09:20,3.3,09:22,ROLL UP,-0.45,2022-12-01,2022-12-01,50,-22.5
1,CE,18900,21.7,09:20,0.6,15:15,TIME 15:15,21.1,2022-12-01,2022-12-01,50,1055.0
1,PE,18750,4.9,09:22,1.0,15:15,TIME 15:15,3.9,2022-12-01,2022-12-01,50,195.0
1,CE,18700,5.8,09:20,6.0,09:22,ROLL DOWN,-0.2,2022-12-08,2022-12-08,50,-10.0
1,PE,18500,17.2,09:20,6.25,10:01,STOP LOSS,10.95,2022-12-08,2022-12-08,50,547.5
1,CE,18600,23.55,09:22,47.55,10:01,STOP LOSS,-24.0,2022-12-08,2022-12-08,50,-1200.0
1,CE,18750,3.5,09:20,3.2,09:33,STOP LOSS,0.3,2022-12-15,2022-12-15,50,15.0
1,PE,18550,8.5,09:20,17.25,09:33,STOP LOSS,-8.75,2022-12-15,2022-12-15,50,-437.5
1,CE,18350,22.1,09:20,11.7,09:39,STOP LOSS,10.4,2022-12-22,2022-12-22,50,520.0
1,PE,18150,16.5,09:20,46.45,09:39,STOP LOSS,-29.95,2022-12-22,2022-12-22,50,-1497.5
1,CE,18250,1.65,09:20,2.8,09:23,ROLL DOWN,-1.15,2022-12-29,2022-12-29,50,-57.5
1,PE,18000,32.85,09:20,1.1,14:55,RANGE SL,31.75,2022-12-29,2022-12-29,50,1587.5
1,CE,18150,7.5,09:23,14.75,14:55,RANGE SL,-7.25,2022-12-29,2022-12-29,50,-362.5
1,CE,18250,4.6,09:20,6.5,09:31,ROLL DOWN,-1.9,2023-01-05,2023-01-05,50,-95.0
1,PE,18000,24.3,09:20,55.1,12:25,STOP LOSS,-30.8,2023-01-05,2023-01-05,50,-1540.0
1,CE,18150,22.5,09:31,5.65,12:25,STOP LOSS,16.85,2023-01-05,2023-01-05,50,842.5
1,CE,18050,14.95,09:20,6.7,10:05,RANGE SL,8.25,2023-01-12,2023-01-12,50,412.5
1,PE,17850,25.2,09:20,43.55,10:05,RANGE SL,-18.35,2023-01-12,2023-01-12,50,-917.5
1,CE,18250,4.95,09:20,2.75,10:05,RANGE SL,2.2,2023-01-19,2023-01-19,50,110.0
1,PE,18100,38.55,09:20,56.65,10:05,RANGE SL,-18.1,2023-01-19,2023-01-19,50,-905.0
1,CE,18200,4.85,09:20,5.05,09:24,ROLL DOWN,-0.2,2023-01-25,2023-01-25,50,-10.0
1,PE,18000,14.1,09:20,34.1,09:54,STOP LOSS,-20.0,2023-01-25,2023-01-25,50,-1000.0
1,CE,18100,20.0,09:24,11.65,09:54,STOP LOSS,8.35,2023-01-25,2023-01-25,50,417.5
1,CE,18100,1.55,09:20,2.5,09:23,ROLL DOWN,-0.95,2023-02-02,2023-02-02,50,-47.5
1,CE,18050,1.8,09:23,2.75,09:24,ROLL DOWN,-0.95,2023-02-02,2023-02-02,50,-47.5
1,CE,17850,4.25,09:24,6.05,09:28,ROLL DOWN,-1.8,2023-02-02,2023-02-02,50,-90.0
1,PE,17500,90.75,09:20,48.5,09:30,ROLL UP,42.25,2023-02-02,2023-02-02,50,2112.5
1,PE,17400,24.0,09:30,14.75,09:43,ROLL UP,9.25,2023-02-02,2023-02-02,50,462.5
1,CE,17650,34.85,09:28,29.25,10:49,ROLL DOWN,5.6,2023-02-02,2023-02-02,50,280.0
1,PE,17450,19.6,09:43,0.7,15:15,TIME 15:15,18.9,2023-02-02,2023-02-02,50,945.0
1,CE,17700,16.05,10:49,0.6,15:15,TIME 15:15,15.45,2023-02-02,2023-02-02,50,772.5
1,CE,18050,2.1,09:20,2.5,09:36,ROLL DOWN,-0.4,2023-02-09,2023-02-09,50,-20.0
1,PE,17800,29.15,09:20,52.2,09:41,STOP LOSS,-23.05,2023-02-09,2023-02-09,50,-1152.5
1,CE,17950,5.9,09:36,5.3,09:41,STOP LOSS,0.6,2023-02-09,2023-02-09,50,30.0
1,PE,17950,5.5,09:20,5.6,09:30,ROLL UP,-0.1,2023-02-16,2023-02-16,50,-5.0
1,CE,18100,32.6,09:20,52.45,09:33,STOP LOSS,-19.85,2023-02-16,2023-02-16,50,-992.5
1,PE,18000,7.7,09:30,8.45,09:33,STOP LOSS,-0.75,2023-02-16,2023-02-16,50,-37.5
1,CE,17650,15.7,09:20,5.9,09:47,STOP LOSS,9.8,2023-02-23,2023-02-23,50,490.0
1,PE,17450,13.4,09:20,40.9,09:47,STOP LOSS,-27.5,2023-02-23,2023-02-23,50,-1375.0
1,CE,17550,5.25,09:20,4.0,09:29,STOP LOSS,1.25,2023-03-02,2023-03-02,50,62.5
1,PE,17400,27.1,09:20,49.5,09:29,STOP LOSS,-22.4,2023-03-02,2023-03-02,50,-1120.0
1,CE,17850,7.45,09:20,2.4,10:02,STOP LOSS,5.05,2023-03-09,2023-03-09,50,252.5
1,PE,17650,6.3,09:20,20.2,10:02,STOP LOSS,-13.9,2023-03-09,2023-03-09,50,-695.0
1,CE,17050,15.9,09:20,27.9,14:25,RANGE SL,-12.0,2023-03-16,2023-03-16,50,-600.0
1,PE,16850,24.95,09:20,1.4,14:25,RANGE SL,23.55,2023-03-16,2023-03-16,50,1177.5
1,CE,17250,4.6,09:20,3.5,09:33,ROLL DOWN,1.1,2023-03-23,2023-03-23,50,55.0
1,PE,16950,13.75,09:20,4.55,10:05,RANGE SL,9.2,2023-03-23,2023-03-23,50,460.0
1,CE,17150,14.55,09:33,34.85,10:05,RANGE SL,-20.3,2023-03-23,2023-03-23,50,-1015.0
1,CE,17100,10.4,09:20,3.15,15:15,TIME 15:15,7.25,2023-03-29,2023-03-29,50,362.5
1,PE,16900,12.6,09:20,0.6,15:15,TIME 15:15,12.0,2023-03-29,2023-03-29,50,600.0
1,PE,17500,30.2,09:20,4.0,13:42,ROLL UP,26.2,2023-04-06,2023-04-06,50,1310.0
1,CE,17650,3.2,09:20,2.35,13:45,RANGE SL,0.85,2023-04-06,2023-04-06,50,42.5
1,PE,17600,26.35,13:42,37.6,13:45,RANGE SL,-11.25,2023-04-06,2023-04-06,50,-562.5
1,CE,17950,1.65,09:20,2.9,09:26,ROLL DOWN,-1.25,2023-04-13,2023-04-13,50,-62.5
1,PE,17800,43.75,09:20,66.0,11:15,RANGE SL,-22.25,2023-04-13,2023-04-13,50,-1112.5
1,CE,17850,16.1,09:26,4.6,11:15,RANGE SL,11.5,2023-04-13,2023-04-13,50,575.0
1,CE,17750,4.85,09:20,2.95,10:30,STOP LOSS,1.9,2023-04-20,2023-04-20,50,95.0
1,PE,17600,14.05,09:20,28.5,10:30,STOP LOSS,-14.45,2023-04-20,2023-04-20,50,-722.5
1,CE,17950,1.45,09:20,0.6,15:15,TIME 15:15,0.85,2023-04-27,2023-04-27,50,42.5
1,PE,17800,27.25,09:20,0.6,15:15,TIME 15:15,26.65,2023-04-27,2023-04-27,50,1332.5
1,PE,18000,8.15,09:20,3.8,10:11,ROLL UP,4.35,2023-05-04,2023-05-04,50,217.5
1,CE,18200,4.75,09:20,43.15,15:01,STOP LOSS,-38.4,2023-05-04,2023-05-04,50,-1920.0
1,PE,18100,16.9,10:11,0.8,15:01,STOP LOSS,16.1,2023-05-04,2023-05-04,50,805.0
1,CE,18450,4.05,09:20,3.75,09:40,STOP LOSS,0.3,2023-05-11,2023-05-11,50,15.0
1,PE,18300,24.25,09:20,42.05,09:40,STOP LOSS,-17.8,2023-05-11,2023-05-11,50,-890.0
1,CE,18300,22.1,09:20,1.25,14:20,RANGE SL,20.85,2023-05-18,2023-05-18,50,1042.5
1,PE,18150,2.95,09:20,13.9,14:20,RANGE SL,-10.95,2023-05-18,2023-05-18,50,-547.5
1,PE,18150,4.1,09:20,7.15,09:30,ROLL UP,-3.05,2023-05-25,2023-05-25,50,-152.5
1,CE,18300,32.9,09:20,19.7,15:10,RANGE SL,13.2,2023-05-25,2023-05-25,50,660.0
1,PE,18250,32.6,09:30,0.75,15:10,RANGE SL,31.85,2023-05-25,2023-05-25,50,1592.5
1,CE,18650,6.9,09:20,0.65,15:15,TIME 15:15,6.25,2023-06-01,2023-06-01,50,312.5
1,PE,18450,7.3,09:20,0.7,15:15,TIME 15:15,6.6,2023-06-01,2023-06-01,50,330.0
1,CE,18850,2.7,09:20,1.8,12:01,STOP LOSS,0.9,2023-06-08,2023-06-08,50,45.0
1,PE,18700,19.2,09:20,34.5,12:01,STOP LOSS,-15.3,2023-06-08,2023-06-08,50,-765.0
1,CE,18800,8.75,09:20,22.75,10:20,STOP LOSS,-14.0,2023-06-15,2023-06-15,50,-700.0
1,PE,18650,8.0,09:20,3.65,10:20,STOP LOSS,4.35,2023-06-15,2023-06-15,50,217.5
1,CE,18950,4.3,09:20,2.1,13:02,STOP LOSS,2.2,2023-06-22,2023-06-22,50,110.0
1,PE,18800,19.65,09:20,40.35,13:02,STOP LOSS,-20.7,2023-06-22,2023-06-22,50,-1035.0
1,PE,19300,15.1,09:20,7.35,10:30,ROLL UP,7.75,2023-07-06,2023-07-06,50,387.5
1,CE,19500,10.1,09:20,6.9,15:15,TIME 15:15,3.2,2023-07-06,2023-07-06,50,160.0
1,PE,19400,22.0,10:30,0.65,15:15,TIME 15:15,21.35,2023-07-06,2023-07-06,50,1067.5
1,CE,19500,31.7,09:20,50.3,09:45,RANGE SL,-18.6,2023-07-13,2023-07-13,50,-930.0
1,PE,19350,4.65,09:20,4.45,09:45,RANGE SL,0.2,2023-07-13,2023-07-13,50,10.0
1,CE,20050,1.3,09:20,2.4,09:22,ROLL DOWN,-1.1,2023-07-20,2023-07-20,50,-55.0
1,CE,19950,5.25,09:22,6.9,09:23,ROLL DOWN,-1.65,2023-07-20,2023-07-20,50,-82.5
1,PE,19800,43.3,09:20,21.0,12:00,RANGE SL,22.3,2023-07-20,2023-07-20,50,1115.0
1,CE,19850,26.0,09:23,36.05,12:00,RANGE SL,-10.05,2023-07-20,2023-07-20,50,-502.5
1,CE,19950,14.0,09:20,4.2,11:16,STOP LOSS,9.8,2023-07-27,2023-07-27,50,490.0
1,PE,19750,9.3,09:20,32.5,11:16,STOP LOSS,-23.2,2023-07-27,2023-07-27,50,-1160.0
1,PE,19350,11.6,09:20,11.25,09:36,ROLL UP,0.35,2023-08-03,2023-08-03,50,17.5
1,CE,19550,22.8,09:20,4.1,12:40,STOP LOSS,18.7,2023-08-03,2023-08-03,50,935.0
1,PE,19450,32.35,09:36,71.95,12:40,STOP LOSS,-39.6,2023-08-03,2023-08-03,50,-1980.0
1,CE,19750,3.7,09:20,4.75,09:21,ROLL DOWN,-1.05,2023-08-10,2023-08-10,50,-52.5
1,CE,19650,18.65,09:21,21.2,09:26,ROLL DOWN,-2.55,2023-08-10,2023-08-10,50,-127.5
1,PE,19600,66.9,09:20,127.9,10:41,STOP LOSS,-61.0,2023-08-10,2023-08-10,50,-3050.0
1,CE,19600,37.3,09:26,11.65,10:41,STOP LOSS,25.65,2023-08-10,2023-08-10,50,1282.5
1,PE,19300,6.15,09:20,7.05,09:21,ROLL UP,-0.9,2023-08-17,2023-08-17,50,-45.0
1,CE,19500,18.7,09:20,10.2,09:41,STOP LOSS,8.5,2023-08-17,2023-08-17,50,425.0
1,PE,19400,25.65,09:21,48.8,09:41,STOP LOSS,-23.15,2023-08-17,2023-08-17,50,-1157.5
1,PE,19350,1.9,09:20,2.95,09:23,ROLL UP,-1.05,2023-08-24,2023-08-24,50,-52.5
1,PE,19450,8.25,09:23,8.8,09:25,ROLL UP,-0.55,2023-08-24,2023-08-24,50,-27.5
1,CE,19500,51.4,09:20,18.8,11:10,RANGE SL,32.6,2023-08-24,2023-08-24,50,1630.0
1,PE,19500,18.7,09:25,46.1,11:10,RANGE SL,-27.4,2023-08-24,2023-08-24,50,-1370.0
1,CE,19400,17.2,09:20,4.15,12:24,STOP LOSS,13.05,2023-08-31,2023-08-31,50,652.5
1,PE,19300,12.6,09:20,42.55,12:24,STOP LOSS,-29.95,2023-08-31,2023-08-31,50,-1497.5
1,CE,19600,15.8,09:20,26.15,10:39,STOP LOSS,-10.35,2023-09-07,2023-09-07,50,-517.5
1,PE,19450,2.4,09:20,2.25,10:39,STOP LOSS,0.15,2023-09-07,2023-09-07,50,7.5
1,CE,20250,5.0,09:20,4.0,10:13,STOP LOSS,1.0,2023-09-14,2023-09-14,50,50.0
1,PE,20100,32.05,09:20,54.3,10:13,STOP LOSS,-22.25,2023-09-14,2023-09-14,50,-1112.5
1,CE,19950,4.2,09:20,3.65,09:50,STOP LOSS,0.55,2023-09-21,2023-09-21,50,27.5
1,PE,19750,13.85,09:20,28.6,09:50,STOP LOSS,-14.75,2023-09-21,2023-09-21,50,-737.5
1,PE,19350,1.55,09:20,2.5,09:24,ROLL UP,-0.95,2023-10-05,2023-10-05,50,-47.5
1,CE,19500,49.15,09:20,46.35,15:15,TIME 15:15,2.8,2023-10-05,2023-10-05,50,140.0
1,PE,19500,19.3,09:24,0.6,15:15,TIME 15:15,18.7,2023-10-05,2023-10-05,50,935.0
1,CE,19950,3.15,09:20,2.7,09:43,STOP LOSS,0.45,2023-10-12,2023-10-12,50,22.5
1,PE,19800,19.95,09:20,32.85,09:43,STOP LOSS,-12.9,2023-10-12,2023-10-12,50,-645.0
1,CE,19800,0.9,09:20,2.0,09:29,ROLL DOWN,-1.1,2023-10-19,2023-10-19,50,-55.0
1,PE,19500,15.35,09:20,7.25,09:59,STOP LOSS,8.1,2023-10-19,2023-10-19,50,405.0
1,CE,19600,15.0,09:29,35.95,09:59,STOP LOSS,-20.95,2023-10-19,2023-10-19,50,-1047.5
1,CE,19250,2.5,09:20,3.4,09:21,ROLL DOWN,-0.9,2023-10-26,2023-10-26,50,-45.0
1,PE,19000,43.4,09:20,67.55,09:22,STOP LOSS,-24.15,2023-10-26,2023-10-26,50,-1207.5
1,CE,19150,6.3,09:21,7.65,09:22,STOP LOSS,-1.35,2023-10-26,2023-10-26,50,-67.5
1,CE,19250,4.9,09:20,1.4,11:50,STOP LOSS,3.5,2023-11-02,2023-11-02,50,175.0
1,PE,19100,21.25,09:20,40.4,11:50,STOP LOSS,-19.15,2023-11-02,2023-11-02,50,-957.5
1,CE,19550,2.8,09:20,0.55,15:01,ROLL DOWN,2.25,2023-11-09,2023-11-09,50,112.5
1,PE,19400,26.1,09:20,5.8,15:15,TIME 15:15,20.3,2023-11-09,2023-11-09,50,1015.0
1,CE,19450,-0.25,15:01,0.65,15:15,TIME 15:15,-0.9,2023-11-09,2023-11-09,50,-45.0
1,CE,19700,8.35,09:20,17.25,09:38,STOP LOSS,-8.9,2023-11-16,2023-11-16,50,-445.0
1,PE,19550,4.3,09:20,3.8,09:38,STOP LOSS,0.5,2023-11-16,2023-11-16,50,25.0
1,CE,19900,12.2,09:20,2.15,13:48,ROLL DOWN,10.05,2023-11-23,2023-11-23,50,502.5
1,PE,19800,13.8,09:20,4.7,14:00,RANGE SL,9.1,2023-11-23,2023-11-23,50,455.0
1,CE,19800,22.0,13:48,28.4,14:00,RANGE SL,-6.4,2023-11-23,2023-11-23,50,-320.0
1,PE,20000,7.25,09:20,9.15,09:22,ROLL UP,-1.9,2023-11-30,2023-11-30,50,-95.0
1,CE,20300,1.8,09:20,3.2,09:36,ROLL DOWN,-1.4,2023-11-30,2023-11-30,50,-70.0
1,PE,20100,30.6,09:22,39.9,09:49,STOP LOSS,-9.3,2023-11-30,2023-11-30,50,-465.0
1,CE,20250,4.9,09:36,4.2,09:49,STOP LOSS,0.7,2023-11-30,2023-11-30,50,35.0
1,CE,21150,0.8,09:20,1.85,09:21,ROLL DOWN,-1.05,2023-12-07,2023-12-07,50,-52.5
1,CE,21100,1.45,09:21,2.25,09:26,ROLL DOWN,-0.8,2023-12-07,2023-12-07,50,-40.0
1,CE,21000,4.8,09:26,5.6,09:33,ROLL DOWN,-0.8,2023-12-07,2023-12-07,50,-40.0
1,PE,20900,58.45,09:20,14.0,11:05,RANGE SL,44.45,2023-12-07,2023-12-07,50,2222.5
1,CE,20900,23.7,09:33,44.45,11:05,RANGE SL,-20.75,2023-12-07,2023-12-07,50,-1037.5
1,CE,21100,28.75,09:20,46.05,09:28,STOP LOSS,-17.3,2023-12-14,2023-12-14,50,-865.0
1,PE,20950,2.8,09:20,3.35,09:28,STOP LOSS,-0.55,2023-12-14,2023-12-14,50,-27.5
1,PE,21000,59.9,09:20,1.6,14:23,ROLL UP,58.3,2023-12-21,2023-12-21,50,2915.0
1,PE,21100,1.55,14:23,2.0,14:25,ROLL UP,-0.45,2023-12-21,2023-12-21,50,-22.5
1,CE,21300,3.9,09:20,0.7,15:15,TIME 15:15,3.2,2023-12-21,2023-12-21,50,160.0
1,PE,21200,6.2,14:25,0.6,15:15,TIME 15:15,5.6,2023-12-21,2023-12-21,50,280.0
1,PE,21450,4.7,09:20,5.55,09:21,ROLL UP,-0.85,2023-12-28,2023-12-28,50,-42.5
1,CE,21800,31.2,09:20,0.8,15:15,TIME 15:15,30.4,2023-12-28,2023-12-28,50,1520.0
1,PE,21650,22.35,09:21,0.7,15:15,TIME 15:15,21.65,2023-12-28,2023-12-28,50,1082.5
1,PE,21450,5.4,09:20,3.25,09:46,ROLL UP,2.15,2024-01-04,2024-01-04,50,107.5
1,PE,21550,10.6,09:46,2.75,11:52,ROLL UP,7.85,2024-01-04,2024-01-04,50,392.5
1,CE,21650,17.2,09:20,1.75,15:15,TIME 15:15,15.45,2024-01-04,2024-01-04,50,772.5
1,PE,21600,4.85,11:52,0.65,15:15,TIME 15:15,4.2,2024-01-04,2024-01-04,50,210.0
1,CE,21750,22.7,09:20,9.5,10:15,ROLL DOWN,13.2,2024-01-11,2024-01-11,50,660.0
1,PE,21650,18.7,09:20,5.25,15:15,TIME 15:15,13.45,2024-01-11,2024-01-11,50,672.5
1,CE,21700,20.15,10:15,0.65,15:15,TIME 15:15,19.5,2024-01-11,2024-01-11,50,975.0
1,CE,21650,4.9,09:20,6.0,09:23,ROLL DOWN,-1.1,2024-01-18,2024-01-18,50,-55.0
1,PE,21400,43.9,09:20,85.25,09:47,STOP LOSS,-41.35,2024-01-18,2024-01-18,50,-2067.5
1,CE,21550,15.55,09:23,6.35,09:47,STOP LOSS,9.2,2024-01-18,2024-01-18,50,460.0
1,CE,21550,20.3,09:20,6.3,10:20,RANGE SL,14.0,2024-01-25,2024-01-25,50,700.0
1,PE,21350,40.75,09:20,73.65,10:20,RANGE SL,-32.9,2024-01-25,2024-01-25,50,-1645.0
1,PE,21400,32.7,09:20,25.45,09:30,ROLL UP,7.25,2024-02-01,2024-02-01,50,362.5
1,CE,21850,64.5,09:20,0.6,15:15,TIME 15:15,63.9,2024-02-01,2024-02-01,50,3195.0
1,PE,21600,65.1,09:30,0.7,15:15,TIME 15:15,64.4,2024-02-01,2024-02-01,50,3220.0
1,CE,22400,0.5,09:20,1.65,09:21,ROLL DOWN,-1.15,2024-02-08,2024-02-08,50,-57.5
1,PE,22000,56.6,09:20,106.15,10:11,STOP LOSS,-49.55,2024-02-08,2024-02-08,50,-2477.5
1,CE,22100,26.2,09:21,7.45,10:11,STOP LOSS,18.75,2024-02-08,2024-02-08,50,937.5
1,PE,21250,0.25,09:20,1.3,09:21,ROLL UP,-1.05,2024-02-15,2024-02-15,50,-52.5
1,PE,21300,0.5,09:21,1.45,09:22,ROLL UP,-0.95,2024-02-15,2024-02-15,50,-47.5
1,CE,22000,22.55,09:20,13.05,09:35,RANGE SL,9.5,2024-02-15,2024-02-15,50,475.0
1,PE,21850,49.35,09:22,65.4,09:35,RANGE SL,-16.05,2024-02-15,2024-02-15,50,-802.5
1,CE,22500,0.4,09:20,1.45,09:21,STOP LOSS,-1.05,2024-02-22,2024-02-22,50,-52.5
1,PE,21500,0.15,09:20,1.15,09:21,STOP LOSS,-1.0,2024-02-22,2024-02-22,50,-50.0
1,CE,22400,1.75,09:20,2.8,09:25,ROLL DOWN,-1.05,2024-02-29,2024-02-29,50,-52.5
1,CE,22300,3.85,09:25,5.9,09:33,ROLL DOWN,-2.05,2024-02-29,2024-02-29,50,-102.5
1,PE,21900,64.3,09:20,105.55,10:17,STOP LOSS,-41.25,2024-02-29,2024-02-29,50,-2062.5
1,CE,22100,26.95,09:33,15.6,10:17,STOP LOSS,11.35,2024-02-29,2024-02-29,50,567.5
1,PE,21900,0.4,09:20,1.5,09:21,ROLL UP,-1.1,2024-03-07,2024-03-07,50,-55.0
1,CE,22500,53.25,09:20,2.95,15:15,TIME 15:15,50.3,2024-03-07,2024-03-07,50,2515.0
1,PE,22400,25.35,09:21,0.6,15:15,TIME 15:15,24.75,2024-03-07,2024-03-07,50,1237.5
1,PE,21700,10.0,09:20,9.2,09:23,ROLL UP,0.8,2024-03-14,2024-03-14,50,40.0
1,CE,22500,0.9,09:20,2.35,09:27,ROLL DOWN,-1.45,2024-03-14,2024-03-14,50,-72.5
1,PE,21900,47.2,09:23,16.85,09:59,ROLL UP,30.35,2024-03-14,2024-03-14,50,1517.5
1,CE,22050,59.75,09:27,117.0,11:36,STOP LOSS,-57.25,2024-03-14,2024-03-14,50,-2862.5
1,PE,21950,24.55,09:59,4.3,11:36,STOP LOSS,20.25,2024-03-14,2024-03-14,50,1012.5
1,CE,22100,17.3,09:20,4.7,12:10,RANGE SL,12.6,2024-03-21,2024-03-21,50,630.0
1,PE,21950,31.15,09:20,33.9,12:10,RANGE SL,-2.75,2024-03-21,2024-03-21,50,-137.5
1,PE,22000,5.25,09:20,6.0,09:22,ROLL UP,-0.75,2024-03-28,2024-03-28,50,-37.5
1,CE,22250,24.95,09:20,41.35,09:23,STOP LOSS,-16.4,2024-03-28,2024-03-28,50,-820.0
1,PE,22100,14.05,09:22,14.75,09:23,STOP LOSS,-0.7,2024-03-28,2024-03-28,50,-35.0
1,PE,22350,4.75,09:20,12.65,09:22,ROLL UP,-7.9,2024-04-04,2024-04-04,50,-395.0
1,CE,22600,32.65,09:20,15.95,09:36,STOP LOSS,16.7,2024-04-04,2024-04-04,50,835.0
1,PE,22450,31.15,09:22,67.05,09:36,STOP LOSS,-35.9,2024-04-04,2024-04-04,50,-1795.0
1,CE,23050,0.6,09:20,1.6,09:25,ROLL DOWN,-1.0,2024-04-10,2024-04-10,50,-50.0
1,PE,22700,60.55,09:20,0.8,15:05,RANGE SL,59.75,2024-04-10,2024-04-10,50,2987.5
1,CE,22750,31.35,09:25,12.3,15:05,RANGE SL,19.05,2024-04-10,2024-04-10,50,952.5
1,CE,22350,11.25,09:20,8.25,09:44,STOP LOSS,3.0,2024-04-18,2024-04-18,50,150.0
1,PE,22150,15.9,09:20,46.45,09:44,STOP LOSS,-30.55,2024-04-18,2024-04-18,50,-1527.5
1,CE,22750,0.3,09:20,1.25,09:23,ROLL DOWN,-0.95,2024-04-25,2024-04-25,50,-47.5
1,PE,22300,36.05,09:20,13.9,10:14,STOP LOSS,22.15,2024-04-25,2024-04-25,50,1107.5
1,CE,22450,16.2,09:23,69.3,10:14,STOP LOSS,-53.1,2024-04-25,2024-04-25,50,-2655.0
1,CE,23050,0.8,09:20,1.55,09:33,ROLL DOWN,-0.75,2024-05-02,2024-05-02,25,-18.75
1,PE,22600,39.7,09:20,7.35,14:17,ROLL UP,32.35,2024-05-02,2024-05-02,25,808.75
1,CE,22750,20.6,09:33,0.65,15:15,TIME 15:15,19.95,2024-05-02,2024-05-02,25,498.75
1,PE,22650,13.5,14:17,3.7,15:15,TIME 15:15,9.8,2024-05-02,2024-05-02,25,245.0
1,CE,22800,0.35,09:20,1.3,09:25,RANGE SL,-0.95,2024-05-09,2024-05-09,25,-23.75
1,PE,22300,66.6,09:20,89.75,09:25,RANGE SL,-23.15,2024-05-09,2024-05-09,25,-578.75
1,PE,22150,20.55,09:20,20.95,09:27,ROLL UP,-0.4,2024-05-16,2024-05-16,25,-10.0
1,CE,22350,28.9,09:20,24.6,09:39,STOP LOSS,4.3,2024-05-16,2024-05-16,25,107.5
1,PE,22250,43.6,09:27,74.0,09:39,STOP LOSS,-30.4,2024-05-16,2024-05-16,25,-760.0
1,CE,22950,0.7,09:20,1.7,09:21,ROLL DOWN,-1.0,2024-05-23,2024-05-23,25,-25.0
1,PE,22600,59.7,09:20,41.25,09:41,STOP LOSS,18.45,2024-05-23,2024-05-23,25,461.25
1,CE,22650,46.65,09:21,96.9,09:41,STOP LOSS,-50.25,2024-05-23,2024-05-23,25,-1256.25
1,CE,23050,4.05,09:20,5.1,09:23,ROLL DOWN,-1.05,2024-05-30,2024-05-30,25,-26.25
1,CE,22750,47.5,09:23,13.05,10:42,ROLL DOWN,34.45,2024-05-30,2024-05-30,25,861.25
1,PE,22600,49.45,09:20,142.8,14:54,STOP LOSS,-93.35,2024-05-30,2024-05-30,25,-2333.75
1,CE,22650,28.4,10:42,1.05,14:54,STOP LOSS,27.35,2024-05-30,2024-05-30,25,683.75
1,PE,22450,36.05,09:20,9.4,10:25,ROLL UP,26.65,2024-06-06,2024-06-06,25,666.25
1,CE,23100,17.55,09:20,6.0,11:50,STOP LOSS,11.55,2024-06-06,2024-06-06,25,288.75
1,PE,22650,27.8,10:25,98.3,11:50,STOP LOSS,-70.5,2024-06-06,2024-06-06,25,-1762.5
1,CE,23600,10.85,09:20,4.7,10:03,ROLL DOWN,6.15,2024-06-13,2024-06-13,25,153.75
1,PE,23350,33.45,09:20,0.6,15:15,TIME 15:15,32.85,2024-06-13,2024-06-13,25,821.25
1,CE,23500,12.8,10:03,0.6,15:15,TIME 15:15,12.2,2024-06-13,2024-06-13,25,305.0
1,PE,22950,0.55,09:20,1.65,09:21,ROLL UP,-1.1,2024-06-20,2024-06-20,25,-27.5
1,PE,23450,68.55,09:21,66.75,09:22,ROLL UP,1.8,2024-06-20,2024-06-20,25,45.0
1,CE,23600,32.5,09:20,27.5,09:25,RANGE SL,5.0,2024-06-20,2024-06-20,25,125.0
1,PE,23500,89.05,09:22,109.9,09:25,RANGE SL,-20.85,2024-06-20,2024-06-20,25,-521.25
1,CE,24050,12.0,09:20,13.35,09:25,ROLL DOWN,-1.35,2024-06-27,2024-06-27,25,-33.75
1,PE,23750,36.55,09:20,5.5,12:13,STOP LOSS,31.05,2024-06-27,2024-06-27,25,776.25
1,CE,23950,29.75,09:25,89.8,12:13,STOP LOSS,-60.05,2024-06-27,2024-06-27,25,-1501.25
1,CE,24450,17.2,09:20,0.65,15:07,ROLL DOWN,16.55,2024-07-04,2024-07-04,25,413.75
1,PE,24250,27.95,09:20,0.65,15:15,TIME 15:15,27.3,2024-07-04,2024-07-04,25,682.5
1,CE,24350,-0.3,15:07,0.6,15:15,TIME 15:15,-0.9,2024-07-04,2024-07-04,25,-22.5
1,PE,23950,0.95,09:20,1.9,09:25,ROLL UP,-0.95,2024-07-11,2024-07-11,25,-23.75
1,CE,24400,29.6,09:20,5.95,10:30,RANGE SL,23.65,2024-07-11,2024-07-11,25,591.25
1,PE,24250,19.35,09:25,47.55,10:30,RANGE SL,-28.2,2024-07-11,2024-07-11,25,-705.0
1,CE,24650,20.1,09:20,62.25,09:50,STOP LOSS,-42.15,2024-07-18,2024-07-18,25,-1053.75
1,PE,24450,17.4,09:20,7.9,09:50,STOP LOSS,9.5,2024-07-18,2024-07-18,25,237.5
1,PE,24000,12.75,09:20,11.8,09:24,ROLL UP,0.95,2024-07-25,2024-07-25,25,23.75
1,CE,24500,7.0,09:20,7.5,09:36,ROLL DOWN,-0.5,2024-07-25,2024-07-25,25,-12.5
1,PE,24200,51.3,09:24,5.1,11:54,ROLL UP,46.2,2024-07-25,2024-07-25,25,1155.0
1,PE,24250,6.75,11:54,0.75,15:03,ROLL UP,6.0,2024-07-25,2024-07-25,25,150.0
1,CE,24400,14.85,09:36,4.2,15:15,TIME 15:15,10.65,2024-07-25,2024-07-25,25,266.25
1,PE,24350,-0.15,15:03,0.7,15:15,TIME 15:15,-0.85,2024-07-25,2024-07-25,25,-21.25
1,PE,24900,17.2,09:20,16.2,09:22,ROLL UP,1.0,2024-08-01,2024-08-01,25,25.0
1,CE,25100,41.1,09:20,0.55,15:15,TIME 15:15,40.55,2024-08-01,2024-08-01,25,1013.75
1,PE,24950,22.5,09:22,0.6,15:15,TIME 15:15,21.9,2024-08-01,2024-08-01,25,547.5
1,CE,24600,3.2,09:20,4.3,10:07,STOP LOSS,-1.1,2024-08-08,2024-08-08,25,-27.5
1,PE,24200,79.35,09:20,129.2,10:07,STOP LOSS,-49.85,2024-08-08,2024-08-08,25,-1246.25
1,PE,24000,17.35,09:20,19.45,09:32,ROLL UP,-2.1,2024-08-14,2024-08-14,25,-52.5
1,CE,24450,4.1,09:20,4.75,09:47,ROLL DOWN,-0.65,2024-08-14,2024-08-14,25,-16.25
1,PE,24100,43.05,09:32,0.7,15:15,TIME 15:15,42.35,2024-08-14,2024-08-14,25,1058.75
1,CE,24250,21.05,09:47,0.6,15:15,TIME 15:15,20.45,2024-08-14,2024-08-14,25,511.25
1,CE,25050,2.55,09:20,3.6,09:31,ROLL DOWN,-1.05,2024-08-22,2024-08-22,25,-26.25
1,PE,24800,44.55,09:20,0.7,15:15,TIME 15:15,43.85,2024-08-22,2024-08-22,25,1096.25
1,CE,24850,36.55,09:31,0.65,15:15,TIME 15:15,35.9,2024-08-22,2024-08-22,25,897.5
1,CE,25350,0.5,09:20,1.5,09:22,ROLL DOWN,-1.0,2024-08-29,2024-08-29,25,-25.0
1,PE,25000,38.7,09:20,11.45,12:07,ROLL UP,27.25,2024-08-29,2024-08-29,25,681.25
1,PE,25050,20.1,12:07,8.7,12:52,ROLL UP,11.4,2024-08-29,2024-08-29,25,285.0
1,CE,25150,14.65,09:22,28.75,14:03,STOP LOSS,-14.1,2024-08-29,2024-08-29,25,-352.5
1,PE,25100,15.9,12:52,63.9,14:03,STOP LOSS,-48.0,2024-08-29,2024-08-29,25,-1200.0
1,PE,24950,2.35,09:20,5.4,09:32,ROLL UP,-3.05,2024-09-05,2024-09-05,25,-76.25
1,CE,25300,26.5,09:20,18.15,09:52,ROLL DOWN,8.35,2024-09-05,2024-09-05,25,208.75
1,CE,25250,29.05,09:52,8.4,11:58,ROLL DOWN,20.65,2024-09-05,2024-09-05,25,516.25
1,PE,25150,40.6,09:32,3.05,15:15,TIME 15:15,37.55,2024-09-05,2024-09-05,25,938.75
1,CE,25200,14.55,11:58,0.65,15:15,TIME 15:15,13.9,2024-09-05,2024-09-05,25,347.5
1,PE,24900,17.15,09:20,11.95,09:26,ROLL UP,5.2,2024-09-12,2024-09-12,25,130.0
1,CE,25100,18.95,09:20,30.6,09:32,STOP LOSS,-11.65,2024-09-12,2024-09-12,25,-291.25
1,PE,24950,19.2,09:26,31.65,09:32,STOP LOSS,-12.45,2024-09-12,2024-09-12,25,-311.25
1,PE,25400,10.7,09:20,10.65,09:22,ROLL UP,0.05,2024-09-19,2024-09-19,25,1.25
1,CE,25600,39.1,09:20,6.5,11:30,RANGE SL,32.6,2024-09-19,2024-09-19,25,815.0
1,PE,25450,15.6,09:22,47.65,11:30,RANGE SL,-32.05,2024-09-19,2024-09-19,25,-801.25
1,PE,25900,18.25,09:20,17.55,10:00,ROLL UP,0.7,2024-09-26,2024-09-26,25,17.5
1,CE,26050,63.2,09:20,105.95,13:41,STOP LOSS,-42.75,2024-09-26,2024-09-26,25,-1068.75
1,PE,25950,23.85,10:00,28.05,13:41,STOP LOSS,-4.2,2024-09-26,2024-09-26,25,-105.0
1,CE,26100,0.8,09:20,1.8,09:26,ROLL DOWN,-1.0,2024-10-03,2024-10-03,25,-25.0
1,PE,25500,72.45,09:20,135.55,11:35,STOP LOSS,-63.1,2024-10-03,2024-10-03,25,-1577.5
1,CE,25700,23.45,09:26,6.55,11:35,STOP LOSS,16.9,2024-10-03,2024-10-03,25,422.5
1,PE,24450,0.3,09:20,1.3,09:22,ROLL UP,-1.0,2024-10-10,2024-10-10,25,-25.0
1,CE,25100,51.85,09:20,48.85,10:00,RANGE SL,3.0,2024-10-10,2024-10-10,25,75.0
1,PE,24950,43.45,09:22,15.65,10:00,RANGE SL,27.8,2024-10-10,2024-10-10,25,695.0
1,CE,25100,16.65,09:20,14.25,09:25,ROLL DOWN,2.4,2024-10-17,2024-10-17,25,60.0
1,PE,24950,54.0,09:20,103.45,09:38,STOP LOSS,-49.45,2024-10-17,2024-10-17,25,-1236.25
1,CE,25050,20.45,09:25,13.1,09:38,STOP LOSS,7.35,2024-10-17,2024-10-17,25,183.75
1,CE,25000,0.15,09:20,1.15,09:21,STOP LOSS,-1.0,2024-10-24,2024-10-24,25,-25.0
1,PE,24000,1.6,09:20,2.6,09:21,STOP LOSS,-1.0,2024-10-24,2024-10-24,25,-25.0
1,PE,24250,41.95,09:20,44.35,09:22,ROLL UP,-2.4,2024-10-31,2024-10-31,25,-60.0
1,CE,24500,14.25,09:20,12.3,09:25,RANGE SL,1.95,2024-10-31,2024-10-31,25,48.75
1,PE,24300,64.15,09:22,62.65,09:25,RANGE SL,1.5,2024-10-31,2024-10-31,25,37.5
1,CE,25050,0.25,09:20,1.25,09:24,STOP LOSS,-1.0,2024-11-07,2024-11-07,25,-25.0
1,PE,24400,47.35,09:20,75.8,09:24,STOP LOSS,-28.45,2024-11-07,2024-11-07,25,-711.25
1,PE,23000,1.1,09:20,1.9,09:23,ROLL UP,-0.8,2024-11-14,2024-11-14,25,-20.0
1,CE,24200,0.95,09:20,1.75,09:24,STOP LOSS,-0.8,2024-11-14,2024-11-14,25,-20.0
1,PE,23500,47.7,09:23,50.35,09:24,STOP LOSS,-2.65,2024-11-14,2024-11-14,25,-66.25
1,PE,23000,9.7,09:20,8.75,09:33,ROLL UP,0.95,2024-11-21,2024-11-21,25,23.75
1,CE,24000,1.0,09:20,1.6,09:38,ROLL DOWN,-0.6,2024-11-21,2024-11-21,25,-15.0
1,PE,23300,71.75,09:33,81.85,09:40,STOP LOSS,-10.1,2024-11-21,2024-11-21,25,-252.5
1,CE,23500,8.25,09:38,8.45,09:40,STOP LOSS,-0.2,2024-11-21,2024-11-21,25,-5.0
1,CE,24400,35.1,09:20,20.9,10:37,STOP LOSS,14.2,2024-11-28,2024-11-28,25,355.0
1,PE,24200,42.05,09:20,105.6,10:37,STOP LOSS,-63.55,2024-11-28,2024-11-28,25,-1588.75
1,CE,25000,2.35,09:20,3.9,09:22,STOP LOSS,-1.55,2024-12-05,2024-12-05,25,-38.75
1,PE,23500,0.25,09:20,1.25,09:22,STOP LOSS,-1.0,2024-12-05,2024-12-05,25,-25.0
1,CE,24750,14.65,09:20,33.9,09:36,STOP LOSS,-19.25,2024-12-12,2024-12-12,25,-481.25
1,PE,24550,14.1,09:20,19.75,09:36,STOP LOSS,-5.65,2024-12-12,2024-12-12,25,-141.25
1,CE,24300,10.15,09:20,12.45,09:23,ROLL DOWN,-2.3,2024-12-19,2024-12-19,25,-57.5
1,PE,23900,75.8,09:20,0.8,15:15,TIME 15:15,75.0,2024-12-19,2024-12-19,25,1875.0
1,CE,24100,21.5,09:23,0.8,15:15,TIME 15:15,20.7,2024-12-19,2024-12-19,25,517.5
1,CE,23850,63.15,09:20,0.65,15:15,TIME 15:15,62.5,2024-12-26,2024-12-26,25,1562.5
1,PE,23700,22.3,09:20,0.65,15:15,TIME 15:15,21.65,2024-12-26,2024-12-26,25,541.25
1,CE,24300,1.55,09:20,2.55,09:21,STOP LOSS,-1.0,2025-01-02,2025-01-02,75,-75.0
1,PE,23000,0.55,09:20,1.75,09:21,STOP LOSS,-1.2,2025-01-02,2025-01-02,75,-90.0
1,CE,24050,2.2,09:20,3.15,09:26,ROLL DOWN,-0.95,2025-01-09,2025-01-09,75,-71.25
1,CE,23750,14.9,09:26,14.75,09:28,ROLL DOWN,0.15,2025-01-09,2025-01-09,75,11.25
1,PE,23600,49.5,09:20,90.15,10:48,STOP LOSS,-40.65,2025-01-09,2025-01-09,75,-3048.75
1,CE,23650,27.3,09:28,15.6,10:48,STOP LOSS,11.7,2025-01-09,2025-01-09,75,877.5
1,CE,23350,29.4,09:20,29.35,09:30,RANGE SL,0.05,2025-01-16,2025-01-16,75,3.75
1,PE,23250,14.55,09:20,11.7,09:30,RANGE SL,2.85,2025-01-16,2025-01-16,75,213.75
1,CE,23150,35.6,09:20,73.7,09:39,STOP LOSS,-38.1,2025-01-23,2025-01-23,75,-2857.5
1,PE,23050,24.6,09:20,16.85,09:39,STOP LOSS,7.75,2025-01-23,2025-01-23,75,581.25
1,CE,23500,16.35,09:20,20.4,09:32,ROLL DOWN,-4.05,2025-01-30,2025-01-30,25,-101.25
1,PE,22500,2.6,09:20,2.0,09:40,RANGE SL,0.6,2025-01-30,2025-01-30,25,15.0
1,CE,23200,112.3,09:32,110.05,09:40,RANGE SL,2.25,2025-01-30,2025-01-30,25,56.25
1,CE,23750,45.65,09:20,33.45,09:46,ROLL DOWN,12.2,2025-02-06,2025-02-06,75,915.0
1,PE,23600,18.45,09:20,50.35,09:58,ROLL UP,-31.9,2025-02-06,2025-02-06,75,-2392.5
1,CE,23700,44.9,09:46,6.1,12:34,ROLL DOWN,38.8,2025-02-06,2025-02-06,75,2910.0
1,PE,23500,14.9,09:58,0.6,15:15,TIME 15:15,14.3,2025-02-06,2025-02-06,75,1072.5
1,CE,23650,8.45,12:34,0.65,15:15,TIME 15:15,7.8,2025-02-06,2025-02-06,75,585.0
1,PE,22400,0.2,09:20,1.2,09:24,ROLL UP,-1.0,2025-02-13,2025-02-13,75,-75.0
1,CE,23100,72.2,09:20,120.6,09:55,RANGE SL,-48.4,2025-02-13,2025-02-13,75,-3630.0
1,PE,22900,23.85,09:24,9.85,09:55,RANGE SL,14.0,2025-02-13,2025-02-13,75,1050.0
1,PE,22750,30.25,09:20,8.65,11:48,ROLL UP,21.6,2025-02-20,2025-02-20,75,1620.0
1,CE,22950,41.0,09:20,0.65,15:15,TIME 15:15,40.35,2025-02-20,2025-02-20,75,3026.25
1,PE,22850,23.8,11:48,0.65,15:15,TIME 15:15,23.15,2025-02-20,2025-02-20,75,1736.25
1,CE,22650,12.25,09:20,7.45,09:30,RANGE SL,4.8,2025-02-27,2025-02-27,75,360.0
1,PE,22550,18.9,09:20,24.5,09:30,RANGE SL,-5.6,2025-02-27,2025-02-27,75,-420.0
1,PE,22050,2.1,09:20,3.65,09:21,ROLL UP,-1.55,2025-03-06,2025-03-06,75,-116.25
1,CE,22500,19.5,09:20,16.95,09:23,STOP LOSS,2.55,2025-03-06,2025-03-06,75,191.25
1,PE,22350,32.6,09:21,52.85,09:23,STOP LOSS,-20.25,2025-03-06,2025-03-06,75,-1518.75
1,CE,22550,18.4,09:20,5.7,11:50,RANGE SL,12.7,2025-03-13,2025-03-13,75,952.5
1,PE,22400,22.35,09:20,39.8,11:50,RANGE SL,-17.45,2025-03-13,2025-03-13,75,-1308.75
1,CE,23050,34.85,09:20,68.5,09:30,STOP LOSS,-33.65,2025-03-20,2025-03-20,75,-2523.75
1,PE,22900,19.45,09:20,15.3,09:30,STOP LOSS,4.15,2025-03-20,2025-03-20,75,311.25
1,PE,23300,16.4,09:20,16.4,09:24,ROLL UP,0.0,2025-03-27,2025-03-27,75,0.0
1,PE,23400,30.0,09:24,19.5,09:49,ROLL UP,10.5,2025-03-27,2025-03-27,75,787.5
1,PE,23450,24.3,09:49,8.05,11:21,ROLL UP,16.25,2025-03-27,2025-03-27,75,1218.75
1,CE,23550,54.85,09:20,42.35,15:15,TIME 15:15,12.5,2025-03-27,2025-03-27,75,937.5
1,PE,23550,14.6,11:21,0.9,15:15,TIME 15:15,13.7,2025-03-27,2025-03-27,75,1027.5
1,PE,23150,37.4,09:20,39.8,09:24,ROLL UP,-2.4,2025-04-03,2025-04-03,75,-180.0
1,CE,23300,17.35,09:20,0.65,15:15,TIME 15:15,16.7,2025-04-03,2025-04-03,75,1252.5
1,PE,23200,54.1,09:24,0.65,15:15,TIME 15:15,53.45,2025-04-03,2025-04-03,75,4008.75
1,CE,23200,1.8,09:20,2.85,09:24,ROLL DOWN,-1.05,2025-04-09,2025-04-09,75,-78.75
1,CE,22700,24.3,09:24,18.2,09:35,ROLL DOWN,6.1,2025-04-09,2025-04-09,75,457.5
1,PE,22400,129.0,09:20,1.15,15:15,TIME 15:15,127.85,2025-04-09,2025-04-09,75,9588.75
1,CE,22600,29.1,09:35,0.65,15:15,TIME 15:15,28.45,2025-04-09,2025-04-09,75,2133.75
1,CE,23450,17.65,09:20,40.85,09:44,STOP LOSS,-23.2,2025-04-17,2025-04-17,75,-1740.0
1,PE,23250,18.2,09:20,16.35,09:44,STOP LOSS,1.85,2025-04-17,2025-04-17,75,138.75
1,CE,24400,14.35,09:20,2.0,13:40,RANGE SL,12.35,2025-04-24,2025-04-24,75,926.25
1,PE,24250,26.85,09:20,12.3,13:40,RANGE SL,14.55,2025-04-24,2025-04-24,75,1091.25
1,CE,24350,22.05,09:20,48.25,09:50,RANGE SL,-26.2,2025-04-30,2025-04-30,75,-1965.0
1,PE,24250,17.85,09:20,9.4,09:50,RANGE SL,8.45,2025-04-30,2025-04-30,75,633.75
1,CE,24450,15.5,09:20,2.95,13:40,RANGE SL,12.55,2025-05-08,2025-05-08,75,941.25
1,PE,24350,21.75,09:20,20.8,13:40,RANGE SL,0.95,2025-05-08,2025-05-08,75,71.25
1,CE,24800,18.95,09:20,14.7,09:32,ROLL DOWN,4.25,2025-05-15,2025-05-15,75,318.75
1,PE,24550,52.1,09:20,118.95,09:46,STOP LOSS,-66.85,2025-05-15,2025-05-15,75,-5013.75
1,CE,24700,29.05,09:32,19.05,09:46,STOP LOSS,10.0,2025-05-15,2025-05-15,75,750.0
1,CE,24850,38.25,09:20,32.75,09:23,ROLL DOWN,5.5,2025-05-22,2025-05-22,75,412.5
1,CE,24800,40.2,09:23,24.4,09:36,ROLL DOWN,15.8,2025-05-22,2025-05-22,75,1185.0
1,CE,24750,29.2,09:36,27.7,09:40,ROLL DOWN,1.5,2025-05-22,2025-05-22,75,112.5
1,PE,24600,90.0,09:20,39.65,10:52,ROLL UP,50.35,2025-05-22,2025-05-22,75,3776.25
1,CE,24650,41.45,09:40,0.8,15:15,TIME 15:15,40.65,2025-05-22,2025-05-22,75,3048.75
1,PE,24450,5.9,10:52,0.65,15:15,TIME 15:15,5.25,2025-05-22,2025-05-22,75,393.75
1,CE,25000,25.55,09:20,15.8,09:47,ROLL DOWN,9.75,2025-05-29,2025-05-29,75,731.25
1,CE,24900,25.55,09:47,13.3,12:25,ROLL DOWN,12.25,2025-05-29,2025-05-29,75,918.75
1,PE,24700,18.3,09:20,0.7,15:15,RANGE SL,17.6,2025-05-29,2025-05-29,75,1320.0
1,CE,24850,16.6,12:25,3.65,15:15,RANGE SL,12.95,2025-05-29,2025-05-29,75,971.25
1,CE,24750,17.55,09:20,50.7,09:28,STOP LOSS,-33.15,2025-06-05,2025-06-05,75,-2486.25
1,PE,24550,27.6,09:20,18.5,09:28,STOP LOSS,9.1,2025-06-05,2025-06-05,75,682.5
1,CE,25250,22.5,09:20,18.6,09:45,STOP LOSS,3.9,2025-06-12,2025-06-12,75,292.5
1,PE,25050,19.9,09:20,46.95,09:45,STOP LOSS,-27.05,2025-06-12,2025-06-12,75,-2028.75
1,CE,24900,15.7,09:20,0.7,15:15,TIME 15:15,15.0,2025-06-19,2025-06-19,75,1125.0
1,PE,24750,60.7,09:20,0.7,15:15,TIME 15:15,60.0,2025-06-19,2025-06-19,75,4500.0
1,CE,25400,19.4,09:20,64.8,09:32,STOP LOSS,-45.4,2025-06-26,2025-06-26,75,-3405.0
1,PE,25250,38.65,09:20,28.6,09:32,STOP LOSS,10.05,2025-06-26,2025-06-26,75,753.75
1,CE,25550,41.15,09:20,4.45,14:35,RANGE SL,36.7,2025-07-03,2025-07-03,75,2752.5
1,PE,25450,22.85,09:20,49.5,14:35,RANGE SL,-26.65,2025-07-03,2025-07-03,75,-1998.75
1,CE,25550,19.55,09:20,15.05,09:39,ROLL DOWN,4.5,2025-07-10,2025-07-10,75,337.5
1,PE,25450,32.3,09:20,66.05,09:56,STOP LOSS,-33.75,2025-07-10,2025-07-10,75,-2531.25
1,CE,25500,24.15,09:39,22.4,09:56,STOP LOSS,1.75,2025-07-10,2025-07-10,75,131.25
1,CE,25250,28.75,09:20,1.2,14:50,RANGE SL,27.55,2025-07-17,2025-07-17,75,2066.25
1,PE,25150,16.15,09:20,29.25,14:50,RANGE SL,-13.1,2025-07-17,2025-07-17,75,-982.5
1,CE,25250,21.0,09:20,6.4,11:25,RANGE SL,14.6,2025-07-24,2025-07-24,75,1095.0
1,PE,25150,17.1,09:20,49.0,11:25,RANGE SL,-31.9,2025-07-24,2025-07-24,75,-2392.5
1,PE,24550,23.75,09:20,19.5,09:23,ROLL UP,4.25,2025-07-31,2025-07-31,75,318.75
1,CE,24750,28.95,09:20,96.85,11:44,STOP LOSS,-67.9,2025-07-31,2025-07-31,75,-5092.5
1,PE,24650,41.1,09:23,10.2,11:44,STOP LOSS,30.9,2025-07-31,2025-07-31,75,2317.5
1,CE,24550,38.65,09:20,9.7,10:50,RANGE SL,28.95,2025-08-07,2025-08-07,75,2171.25
1,PE,24400,18.95,09:20,36.65,10:50,RANGE SL,-17.7,2025-08-07,2025-08-07,75,-1327.5
1,CE,24750,14.1,09:20,0.6,15:15,TIME 15:15,13.5,2025-08-14,2025-08-14,75,1012.5
1,PE,24550,21.6,09:20,0.65,15:15,TIME 15:15,20.95,2025-08-14,2025-08-14,75,1571.25
1,CE,25150,19.5,09:20,11.35,09:44,ROLL DOWN,8.15,2025-08-21,2025-08-21,75,611.25
1,PE,25050,29.45,09:20,0.6,15:15,TIME 15:15,28.85,2025-08-21,2025-08-21,75,2163.75
1,CE,25100,20.25,09:44,0.75,15:15,TIME 15:15,19.5,2025-08-21,2025-08-21,75,1462.5
1,CE,24800,7.3,09:20,8.4,09:21,ROLL DOWN,-1.1,2025-08-28,2025-08-28,75,-82.5
1,PE,24550,38.8,09:20,68.75,09:25,STOP LOSS,-29.95,2025-08-28,2025-08-28,75,-2246.25
1,CE,24700,17.0,09:21,13.05,09:25,STOP LOSS,3.95,2025-08-28,2025-08-28,75,296.25
1,CE,24750,13.1,09:20,31.7,09:58,STOP LOSS,-18.6,2025-09-02,2025-09-02,75,-1395.0
1,PE,24550,9.85,09:20,6.2,09:58,STOP LOSS,3.65,2025-09-02,2025-09-02,75,273.75
1,CE,24950,14.6,09:20,0.6,15:15,TIME 15:15,14.0,2025-09-09,2025-09-09,75,1050.0
1,PE,24750,14.8,09:20,0.6,15:15,TIME 15:15,14.2,2025-09-09,2025-09-09,75,1065.0
1,CE,25150,20.05,09:20,48.5,09:54,STOP LOSS,-28.45,2025-09-16,2025-09-16,75,-2133.75
1,PE,25050,18.5,09:20,11.0,09:54,STOP LOSS,7.5,2025-09-16,2025-09-16,75,562.5
1,CE,25350,9.2,09:20,6.0,09:35,RANGE SL,3.2,2025-09-23,2025-09-23,75,240.0
1,PE,25150,13.25,09:20,26.7,09:35,RANGE SL,-13.45,2025-09-23,2025-09-23,75,-1008.75
1,CE,24750,41.05,09:20,13.35,10:30,RANGE SL,27.7,2025-09-30,2025-09-30,75,2077.5
1,PE,24650,23.5,09:20,59.95,10:30,RANGE SL,-36.45,2025-09-30,2025-09-30,75,-2733.75
1,CE,25150,25.55,09:20,56.6,09:50,RANGE SL,-31.05,2025-10-07,2025-10-07,75,-2328.75
1,PE,25050,33.45,09:20,11.15,09:50,RANGE SL,22.3,2025-10-07,2025-10-07,75,1672.5
1,CE,25350,29.15,09:20,17.5,09:45,RANGE SL,11.65,2025-10-14,2025-10-14,75,873.75
1,PE,25250,28.15,09:20,53.6,09:45,RANGE SL,-25.45,2025-10-14,2025-10-14,75,-1908.75
1,CE,26100,8.4,09:20,6.45,09:25,STOP LOSS,1.95,2025-10-20,2025-10-20,75,146.25
1,PE,25850,25.95,09:20,47.35,09:25,STOP LOSS,-21.4,2025-10-20,2025-10-20,75,-1605.0
1,CE,26100,26.25,09:20,15.35,10:10,RANGE SL,10.9,2025-10-28,2025-10-28,75,817.5
1,PE,25900,35.4,09:20,56.5,10:10,RANGE SL,-21.1,2025-10-28,2025-10-28,75,-1582.5
1,CE,25850,25.15,09:20,7.45,10:58,ROLL DOWN,17.7,2025-11-04,2025-11-04,75,1327.5
1,CE,25750,23.8,10:58,2.55,14:14,ROLL DOWN,21.25,2025-11-04,2025-11-04,75,1593.75
1,PE,25650,21.65,09:20,49.75,15:15,TIME 15:15,-28.1,2025-11-04,2025-11-04,75,-2107.5
1,CE,25700,4.25,14:14,0.65,15:15,TIME 15:15,3.6,2025-11-04,2025-11-04,75,270.0
1,CE,25700,12.45,09:20,12.45,09:23,ROLL DOWN,0.0,2025-11-11,2025-11-11,75,0.0
1,CE,25650,19.95,09:23,4.45,11:25,ROLL DOWN,15.5,2025-11-11,2025-11-11,75,1162.5
1,PE,25500,34.75,09:20,19.4,12:05,RANGE SL,15.35,2025-11-11,2025-11-11,75,1151.25
1,CE,25550,12.35,11:25,35.2,12:05,RANGE SL,-22.85,2025-11-11,2025-11-11,75,-1713.75
1,CE,26050,21.05,09:20,0.6,15:15,TIME 15:15,20.45,2025-11-18,2025-11-18,75,1533.75
1,PE,25850,23.25,09:20,0.7,15:15,TIME 15:15,22.55,2025-11-18,2025-11-18,75,1691.25
1,PE,25850,15.05,09:20,7.2,10:29,ROLL UP,7.85,2025-11-25,2025-11-25,75,588.75
1,CE,26050,24.0,09:20,0.95,15:02,STOP LOSS,23.05,2025-11-25,2025-11-25,75,1728.75
1,PE,25950,22.0,10:29,80.4,15:02,STOP LOSS,-58.4,2025-11-25,2025-11-25,75,-4380.0
1,CE,26250,16.15,09:20,6.6,10:15,RANGE SL,9.55,2025-12-02,2025-12-02,75,716.25
1,PE,26050,17.05,09:20,40.4,10:15,RANGE SL,-23.35,2025-12-02,2025-12-02,75,-1751.25
1,CE,25950,16.85,09:20,9.6,09:51,STOP LOSS,7.25,2025-12-09,2025-12-09,75,543.75
1,PE,25750,23.15,09:20,54.5,09:51,STOP LOSS,-31.35,2025-12-09,2025-12-09,75,-2351.25
1,CE,26050,13.35,09:20,4.5,11:06,ROLL DOWN,8.85,2025-12-16,2025-12-16,75,663.75
1,PE,25850,19.2,09:20,0.65,15:15,TIME 15:15,18.55,2025-12-16,2025-12-16,75,1391.25
1,CE,25950,18.25,11:06,0.6,15:15,TIME 15:15,17.65,2025-12-16,2025-12-16,75,1323.75
1,PE,26050,11.8,09:20,2.0,13:47,ROLL UP,9.8,2025-12-23,2025-12-23,75,735.0
1,CE,26250,15.5,09:20,0.6,15:15,TIME 15:15,14.9,2025-12-23,2025-12-23,75,1117.5
1,PE,26150,7.95,13:47,0.65,15:15,TIME 15:15,7.3,2025-12-23,2025-12-23,75,547.5
1,CE,25950,21.95,09:20,41.15,09:44,STOP LOSS,-19.2,2025-12-30,2025-12-30,75,-1440.0
1,PE,25800,7.35,09:20,6.0,09:44,STOP LOSS,1.35,2025-12-30,2025-12-30,75,101.25
1,CE,26350,5.8,09:20,4.7,09:29,ROLL DOWN,1.1,2026-01-06,2026-01-06,65,71.5
1,PE,26150,20.5,09:20,9.75,09:57,STOP LOSS,10.75,2026-01-06,2026-01-06,65,698.75
1,CE,26250,15.65,09:29,41.1,09:57,STOP LOSS,-25.45,2026-01-06,2026-01-06,65,-1654.25
1,CE,25950,20.8,09:20,14.0,09:31,STOP LOSS,6.8,2026-01-13,2026-01-13,65,442.0
1,PE,25750,28.55,09:20,61.95,09:31,STOP LOSS,-33.4,2026-01-13,2026-01-13,65,-2171.0
1,CE,25650,21.15,09:20,12.5,09:37,STOP LOSS,8.65,2026-01-20,2026-01-20,65,562.25
1,PE,25450,18.15,09:20,49.5,09:37,STOP LOSS,-31.35,2026-01-20,2026-01-20,65,-2037.75
1,PE,24850,36.55,09:20,9.9,10:17,ROLL UP,26.65,2026-01-27,2026-01-27,65,1732.25
1,CE,25200,37.5,09:20,1.0,15:15,TIME 15:15,36.5,2026-01-27,2026-01-27,65,2372.5
1,PE,24950,19.1,10:17,0.65,15:15,TIME 15:15,18.45,2026-01-27,2026-01-27,65,1199.25
1,PE,24550,4.25,09:20,5.1,09:21,ROLL UP,-0.85,2026-02-03,2026-02-03,65,-55.25
1,PE,25050,7.7,09:21,2.85,11:54,ROLL UP,4.85,2026-02-03,2026-02-03,65,315.25
1,PE,25250,2.5,11:54,4.05,12:13,ROLL UP,-1.55,2026-02-03,2026-02-03,65,-100.75
1,CE,26000,88.95,09:20,6.3,13:29,ROLL DOWN,82.65,2026-02-03,2026-02-03,65,5372.25
1,CE,26200,1.65,13:29,1.95,14:16,ROLL DOWN,-0.3,2026-02-03,2026-02-03,65,-19.5
1,PE,25350,3.75,12:13,0.6,15:15,TIME 15:15,3.15,2026-02-03,2026-02-03,65,204.75
1,CE,26100,1.15,14:16,0.65,15:15,TIME 15:15,0.5,2026-02-03,2026-02-03,65,32.5
1,PE,25800,13.85,09:20,10.3,09:48,ROLL UP,3.55,2026-02-10,2026-02-10,65,230.75
1,CE,26000,20.0,09:20,0.65,15:15,TIME 15:15,19.35,2026-02-10,2026-02-10,65,1257.75
1,PE,25850,14.55,09:48,0.6,15:15,TIME 15:15,13.95,2026-02-10,2026-02-10,65,906.75
1,CE,25650,28.6,09:20,60.85,09:58,STOP LOSS,-32.25,2026-02-17,2026-02-17,65,-2096.25
1,PE,25500,17.45,09:20,8.75,09:58,STOP LOSS,8.7,2026-02-17,2026-02-17,65,565.5
1,CE,25700,21.4,09:20,13.75,09:34,ROLL DOWN,7.65,2026-02-24,2026-02-24,65,497.25
1,PE,25500,37.2,09:20,76.4,09:44,STOP LOSS,-39.2,2026-02-24,2026-02-24,65,-2548.0
1,CE,25650,20.15,09:34,18.3,09:44,STOP LOSS,1.85,2026-02-24,2026-02-24,65,120.25
1,PE,24400,15.3,09:20,15.45,09:21,ROLL UP,-0.15,2026-03-02,2026-03-02,65,-9.75
1,CE,25050,38.9,09:20,61.35,09:22,STOP LOSS,-22.45,2026-03-02,2026-03-02,65,-1459.25
1,PE,24800,71.35,09:21,78.95,09:22,STOP LOSS,-7.6,2026-03-02,2026-03-02,65,-494.0
1,CE,24250,53.05,09:20,67.3,11:40,RANGE SL,-14.25,2026-03-10,2026-03-10,65,-926.25
1,PE,23850,15.65,09:20,3.4,11:40,RANGE SL,12.25,2026-03-10,2026-03-10,65,796.25
1,PE,23300,47.45,09:20,1.85,14:17,ROLL UP,45.6,2026-03-17,2026-03-17,65,2964.0
1,PE,23350,1.3,14:17,0.9,14:54,ROLL UP,0.4,2026-03-17,2026-03-17,65,26.0
1,CE,23600,15.9,09:20,2.6,15:15,TIME 15:15,13.3,2026-03-17,2026-03-17,65,864.5
1,PE,23450,0.1,14:54,0.6,15:15,TIME 15:15,-0.5,2026-03-17,2026-03-17,65,-32.5
1,PE,22400,12.65,09:20,9.95,09:26,ROLL UP,2.7,2026-03-24,2026-03-24,65,175.5
1,CE,23050,28.1,09:20,13.15,09:46,STOP LOSS,14.95,2026-03-24,2026-03-24,65,971.75
1,PE,22700,58.25,09:26,100.0,09:46,STOP LOSS,-41.75,2026-03-24,2026-03-24,65,-2713.75
1,CE,23150,2.2,09:20,3.05,09:23,ROLL DOWN,-0.85,2026-03-30,2026-03-30,65,-55.25
1,CE,22650,57.65,09:23,43.65,10:50,ROLL DOWN,14.0,2026-03-30,2026-03-30,65,910.0
1,CE,22850,10.3,10:50,1.75,14:15,ROLL DOWN,8.55,2026-03-30,2026-03-30,65,555.75
1,CE,22650,2.25,14:15,1.35,14:53,ROLL DOWN,0.9,2026-03-30,2026-03-30,65,58.5
1,CE,22600,0.6,14:53,1.2,14:59,ROLL DOWN,-0.6,2026-03-30,2026-03-30,65,-39.0
1,PE,22500,113.9,09:20,199.5,15:04,STOP LOSS,-85.6,2026-03-30,2026-03-30,65,-5564.0
1,CE,22550,0.45,14:59,0.95,15:04,STOP LOSS,-0.5,2026-03-30,2026-03-30,65,-32.5
1,PE,21950,0.65,09:20,1.75,09:23,ROLL UP,-1.1,2026-04-07,2026-04-07,65,-71.5
1,PE,22450,9.2,09:23,9.8,09:24,ROLL UP,-0.6,2026-04-07,2026-04-07,65,-39.0
1,CE,23000,23.05,09:20,30.6,09:25,STOP LOSS,-7.55,2026-04-07,2026-04-07,65,-490.75
1,PE,22650,41.9,09:24,45.75,09:25,STOP LOSS,-3.85,2026-04-07,2026-04-07,65,-250.25
1,CE,24050,2.0,09:20,2.85,09:27,ROLL DOWN,-0.85,2026-04-13,2026-04-13,65,-55.25
1,PE,23500,51.1,09:20,36.25,09:43,ROLL UP,14.85,2026-04-13,2026-04-13,65,965.25
1,CE,23650,57.25,09:27,108.85,10:22,STOP LOSS,-51.6,2026-04-13,2026-04-13,65,-3354.0
1,PE,23400,14.6,09:43,5.95,10:22,STOP LOSS,8.65,2026-04-13,2026-04-13,65,562.25
1,PE,24350,30.35,09:20,7.25,10:52,ROLL UP,23.1,2026-04-21,2026-04-21,65,1501.5
1,PE,24450,16.85,10:52,11.65,13:02,ROLL UP,5.2,2026-04-21,2026-04-21,65,338.0
1,CE,24600,19.1,09:20,0.6,15:15,TIME 15:15,18.5,2026-04-21,2026-04-21,65,1202.5
1,PE,24500,22.55,13:02,0.6,15:15,TIME 15:15,21.95,2026-04-21,2026-04-21,65,1426.75
1,PE,23950,14.75,09:20,5.85,10:15,ROLL UP,8.9,2026-04-28,2026-04-28,65,578.5
1,PE,24050,15.2,10:15,11.15,10:29,ROLL UP,4.05,2026-04-28,2026-04-28,65,263.25
1,CE,24150,32.1,09:20,13.0,11:30,STOP LOSS,19.1,2026-04-28,2026-04-28,65,1241.5
1,PE,24100,19.35,10:29,78.8,11:30,STOP LOSS,-59.45,2026-04-28,2026-04-28,65,-3864.25
1,PE,23900,18.95,09:20,21.35,09:21,ROLL UP,-2.4,2026-05-05,2026-05-05,65,-156.0
1,CE,24100,57.55,09:20,5.95,11:47,ROLL DOWN,51.6,2026-05-05,2026-05-05,65,3354.0
1,PE,23950,32.55,09:21,6.6,13:10,RANGE SL,25.95,2026-05-05,2026-05-05,65,1686.75
1,CE,24050,7.95,11:47,55.6,13:10,RANGE SL,-47.65,2026-05-05,2026-05-05,65,-3097.25
1,CE,24050,3.6,09:20,3.85,09:22,ROLL DOWN,-0.25,2026-05-12,2026-05-12,65,-16.25
1,PE,23700,50.15,09:20,86.2,09:26,STOP LOSS,-36.05,2026-05-12,2026-05-12,65,-2343.25
1,CE,23850,19.25,09:22,13.35,09:26,STOP LOSS,5.9,2026-05-12,2026-05-12,65,383.5
1,PE,23600,26.9,09:20,11.9,10:45,ROLL UP,15.0,2026-05-19,2026-05-19,65,975.0
1,CE,23800,39.0,09:20,0.55,15:15,TIME 15:15,38.45,2026-05-19,2026-05-19,65,2499.25
1,PE,23650,17.7,10:45,25.5,15:15,TIME 15:15,-7.8,2026-05-19,2026-05-19,65,-507.0
1,PE,23900,17.2,09:20,7.75,10:27,ROLL UP,9.45,2026-05-26,2026-05-26,65,614.25
1,CE,24100,25.2,09:20,1.05,14:40,RANGE SL,24.15,2026-05-26,2026-05-26,65,1569.75
1,PE,23950,12.3,10:27,53.1,14:40,RANGE SL,-40.8,2026-05-26,2026-05-26,65,-2652.0
1,PE,23150,15.3,09:20,8.05,10:09,ROLL UP,7.25,2026-06-02,2026-06-02,65,471.25
1,CE,23350,36.25,09:20,99.95,12:47,STOP LOSS,-63.7,2026-06-02,2026-06-02,65,-4140.5
1,PE,23250,25.8,10:09,4.45,12:47,STOP LOSS,21.35,2026-06-02,2026-06-02,65,1387.75
1,CE,23400,10.55,09:20,5.6,09:57,ROLL DOWN,4.95,2026-06-09,2026-06-09,65,321.75
1,PE,23150,25.8,09:20,61.45,10:50,STOP LOSS,-35.65,2026-06-09,2026-06-09,65,-2317.25
1,CE,23300,16.35,09:57,8.95,10:50,STOP LOSS,7.4,2026-06-09,2026-06-09,65,481.0
1,CE,24050,14.55,09:20,0.55,15:15,TIME 15:15,14.0,2026-06-16,2026-06-16,65,910.0
1,PE,23850,23.3,09:20,0.6,15:15,TIME 15:15,22.7,2026-06-16,2026-06-16,65,1475.5
1,PE,23950,6.6,09:20,4.15,09:38,ROLL UP,2.45,2026-06-23,2026-06-23,65,159.25
1,CE,24150,14.85,09:20,32.6,09:40,STOP LOSS,-17.75,2026-06-23,2026-06-23,65,-1153.75
1,PE,24050,16.3,09:38,15.75,09:40,STOP LOSS,0.55,2026-06-23,2026-06-23,65,35.75
1,CE,24100,15.35,09:20,14.6,09:22,ROLL DOWN,0.75,2026-06-30,2026-06-30,65,48.75
1,PE,23950,63.7,09:20,108.9,09:33,STOP LOSS,-45.2,2026-06-30,2026-06-30,65,-2938.0
1,CE,24050,22.4,09:22,19.2,09:33,STOP LOSS,3.2,2026-06-30,2026-06-30,65,208.0
1,PE,24350,12.8,09:20,5.5,12:18,ROLL UP,7.3,2026-07-07,2026-07-07,65,474.5
1,CE,24550,12.05,09:20,4.4,12:40,RANGE SL,7.65,2026-07-07,2026-07-07,65,497.25
1,PE,24450,18.1,12:18,26.35,12:40,RANGE SL,-8.25,2026-07-07,2026-07-07,65,-536.25
1,PE,23900,8.6,09:20,7.2,09:33,ROLL UP,1.4,2026-07-14,2026-07-14,65,91.0
1,CE,24150,39.1,09:20,0.6,15:15,TIME 15:15,38.5,2026-07-14,2026-07-14,65,2502.5
1,PE,24000,17.6,09:33,0.7,15:15,TIME 15:15,16.9,2026-07-14,2026-07-14,65,1098.5
1,CE,24350,15.45,09:20,4.6,10:36,ROLL DOWN,10.85,2026-07-21,2026-07-21,65,705.25
1,PE,24150,14.1,09:20,0.55,15:15,TIME 15:15,13.55,2026-07-21,2026-07-21,65,880.75
1,CE,24250,17.05,10:36,0.55,15:15,TIME 15:15,16.5,2026-07-21,2026-07-21,65,1072.5
1,CE,24050,35.55,09:20,0.6,15:15,TIME 15:15,34.95,2026-07-28,2026-07-28,65,2271.75
1,PE,23900,8.05,09:20,0.6,15:15,TIME 15:15,7.45,2026-07-28,2026-07-28,65,484.25
1,CE,24650,28.15,09:20,7.0,12:10,RANGE SL,21.15,2026-08-04,2026-08-04,65,1374.75
1,PE,24500,13.25,09:20,43.85,12:10,RANGE SL,-30.6,2026-08-04,2026-08-04,65,-1989.0
1,CE,24650,19.5,09:20,16.0,09:38,ROLL DOWN,3.5,2026-08-11,2026-08-11,65,227.5
1,PE,24450,39.9,09:20,14.85,15:15,TIME 15:15,25.05,2026-08-11,2026-08-11,65,1628.25
1,CE,24550,39.7,09:38,5.8,15:15,TIME 15:15,33.9,2026-08-11,2026-08-11,65,2203.5
1,CE,24350,8.8,09:20,4.5,11:42,ROLL DOWN,4.3,2026-08-18,2026-08-18,65,279.5
1,PE,24150,10.75,09:20,8.45,15:15,TIME 15:15,2.3,2026-08-18,2026-08-18,65,149.5
1,CE,24250,16.45,11:42,5.35,15:15,TIME 15:15,11.1,2026-08-18,2026-08-18,65,721.5
1,PE,24050,5.25,09:20,6.35,09:26,ROLL UP,-1.1,2026-08-25,2026-08-25,65,-71.5
1,CE,24250,17.65,09:20,12.3,09:45,RANGE SL,5.35,2026-08-25,2026-08-25,65,347.75
1,PE,24150,24.8,09:26,27.85,09:45,RANGE SL,-3.05,2026-08-25,2026-08-25,65,-198.25
1,CE,24150,11.5,09:20,30.65,11:13,STOP LOSS,-19.15,2026-09-01,2026-09-01,65,-1244.75
1,PE,23950,11.6,09:20,5.0,11:13,STOP LOSS,6.6,2026-09-01,2026-09-01,65,429.0
1,CE,23750,30.7,09:20,12.7,14:37,ROLL DOWN,18.0,2026-09-08,2026-09-08,65,1170.0
1,PE,23600,12.75,09:20,20.0,15:15,TIME 15:15,-7.25,2026-09-08,2026-09-08,65,-471.25
1,CE,23700,24.2,14:37,15.45,15:15,TIME 15:15,8.75,2026-09-08,2026-09-08,65,568.75
1,CE,23550,29.55,09:20,14.85,09:56,STOP LOSS,14.7,2026-09-15,2026-09-15,65,955.5
1,PE,23400,20.9,09:20,63.9,09:56,STOP LOSS,-43.0,2026-09-15,2026-09-15,65,-2795.0
1,CE,23550,13.3,09:20,5.9,10:53,STOP LOSS,7.4,2026-09-22,2026-09-22,65,481.0
1,PE,23350,18.95,09:20,43.75,10:53,STOP LOSS,-24.8,2026-09-22,2026-09-22,65,-1612.0
