symbol,strike,type,num_candles,first_date,last_date,total_volume
NIFTY2690822900CE,22900,CE,78,2026-09-01T10:25:00+05:30,2026-09-04T15:35:00+05:30,0
NIFTY2690822900PE,22900,PE,1599,2026-08-06T11:00:00+05:30,2026-09-04T15:35:00+05:30,54836795
NIFTY2690822950PE,22950,PE,1016,2026-08-11T09:15:00+05:30,2026-09-04T15:35:00+05:30,26622700
NIFTY2690823000CE,23000,CE,549,2026-08-24T14:25:00+05:30,2026-09-04T15:35:00+05:30,340600
NIFTY2690823050CE,23050,CE,15,2026-09-03T15:20:00+05:30,2026-09-04T15:35:00+05:30,455
NIFTY2690823050PE,23050,PE,1497,2026-08-06T09:45:00+05:30,2026-09-04T15:35:00+05:30,26755560
NIFTY2690823100CE,23100,CE,370,2026-08-31T09:50:00+05:30,2026-09-04T15:35:00+05:30,27755
NIFTY2690823100PE,23100,PE,1495,2026-08-10T12:55:00+05:30,2026-09-04T15:35:00+05:30,70574075
NIFTY2690823150CE,23150,CE,99,2026-09-02T14:30:00+05:30,2026-09-04T15:35:00+05:30,2600
NIFTY2690823200CE,23200,CE,894,2026-08-13T10:00:00+05:30,2026-09-04T15:35:00+05:30,84500
NIFTY2690823200PE,23200,PE,1086,2026-08-17T14:55:00+05:30,2026-09-04T15:35:00+05:30,102027640
NIFTY2690823250CE,23250,CE,77,2026-09-04T09:15:00+05:30,2026-09-04T15:35:00+05:30,780
NIFTY2690823250PE,23250,PE,603,2026-08-26T10:20:00+05:30,2026-09-04T15:35:00+05:30,54649920
NIFTY2690823300PE,23300,PE,913,2026-08-20T10:10:00+05:30,2026-09-04T15:35:00+05:30,107937635
NIFTY2690823400PE,23400,PE,757,2026-08-24T10:20:00+05:30,2026-09-04T15:35:00+05:30,133302845
NIFTY2690823550PE,23550,PE,1027,2026-08-18T13:25:00+05:30,2026-09-04T15:35:00+05:30,109417165
NIFTY2690823600CE,23600,CE,923,2026-08-19T10:40:00+05:30,2026-09-04T15:35:00+05:30,8147100
NIFTY2690823600PE,23600,PE,1001,2026-08-19T09:15:00+05:30,2026-09-04T15:35:00+05:30,268496605
NIFTY2690823650CE,23650,CE,544,2026-08-21T12:40:00+05:30,2026-09-04T15:35:00+05:30,5061290
NIFTY2690823650PE,23650,PE,1211,2026-08-13T15:05:00+05:30,2026-09-04T15:35:00+05:30,177890245
NIFTY2690823700CE,23700,CE,1035,2026-08-18T09:25:00+05:30,2026-09-04T15:35:00+05:30,31222035
NIFTY2690823700PE,23700,PE,1535,2026-08-10T09:30:00+05:30,2026-09-04T15:35:00+05:30,356413460
NIFTY2690823800CE,23800,CE,982,2026-08-19T10:20:00+05:30,2026-09-04T15:35:00+05:30,215554755
NIFTY2690823800PE,23800,PE,1065,2026-08-18T10:20:00+05:30,2026-09-04T15:35:00+05:30,646948120
NIFTY2690823850PE,23850,PE,874,2026-08-20T13:25:00+05:30,2026-09-04T15:35:00+05:30,480551565
NIFTY2690823900CE,23900,CE,985,2026-08-19T10:30:00+05:30,2026-09-04T15:35:00+05:30,540227155
NIFTY2690823950PE,23950,PE,1224,2026-08-13T15:35:00+05:30,2026-09-04T15:35:00+05:30,617651450
NIFTY2690824000CE,24000,CE,1678,2026-08-06T09:25:00+05:30,2026-09-04T15:35:00+05:30,976699620
NIFTY2690824000PE,24000,PE,1388,2026-08-11T15:25:00+05:30,2026-09-04T15:35:00+05:30,729729390
NIFTY2690824050PE,24050,PE,1384,2026-08-11T12:25:00+05:30,2026-09-04T15:35:00+05:30,189703150
NIFTY2690824100CE,24100,CE,1131,2026-08-17T11:15:00+05:30,2026-09-04T15:35:00+05:30,552319105
NIFTY2690824100PE,24100,PE,1530,2026-08-10T09:40:00+05:30,2026-09-04T15:35:00+05:30,213322850
NIFTY2690824150CE,24150,CE,1077,2026-08-17T12:05:00+05:30,2026-09-04T15:35:00+05:30,284442600
NIFTY2690824150PE,24150,PE,1079,2026-08-17T15:15:00+05:30,2026-09-04T15:35:00+05:30,56660435
NIFTY2690824200CE,24200,CE,1370,2026-08-12T10:25:00+05:30,2026-09-04T15:35:00+05:30,455394875
NIFTY2690824250CE,24250,CE,1293,2026-08-13T10:25:00+05:30,2026-09-04T15:35:00+05:30,209072240
NIFTY2690824250PE,24250,PE,1285,2026-08-12T09:20:00+05:30,2026-09-04T15:35:00+05:30,17587375
NIFTY2690824300PE,24300,PE,1533,2026-08-10T09:35:00+05:30,2026-09-04T15:35:00+05:30,41401620
NIFTY2690824350CE,24350,CE,1373,2026-08-12T10:20:00+05:30,2026-09-04T15:35:00+05:30,137909590
NIFTY2690824400CE,24400,CE,1463,2026-08-06T13:15:00+05:30,2026-09-04T15:35:00+05:30,198899350
NIFTY2690824450CE,24450,CE,1390,2026-08-11T14:45:00+05:30,2026-09-04T15:35:00+05:30,85591675
NIFTY2690824450PE,24450,PE,1445,2026-08-11T09:20:00+05:30,2026-09-04T15:35:00+05:30,2431845
NIFTY2690824500CE,24500,CE,1547,2026-08-05T14:55:00+05:30,2026-09-04T15:35:00+05:30,211264235
NIFTY2690824500PE,24500,PE,1755,2026-08-05T10:05:00+05:30,2026-09-04T15:35:00+05:30,11692720
NIFTY2690824550CE,24550,CE,1521,2026-08-07T12:10:00+05:30,2026-09-04T15:35:00+05:30,73547175
NIFTY2690824550PE,24550,PE,1365,2026-08-12T09:15:00+05:30,2026-09-04T15:35:00+05:30,646425
NIFTY2690824600CE,24600,CE,1764,2026-08-05T09:35:00+05:30,2026-09-04T15:35:00+05:30,153680735
NIFTY2690824600PE,24600,PE,1675,2026-08-06T09:40:00+05:30,2026-09-04T15:35:00+05:30,1739530
NIFTY2690824650CE,24650,CE,849,2026-08-10T09:55:00+05:30,2026-09-04T15:35:00+05:30,68417245
NIFTY2690824650PE,24650,PE,1159,2026-08-06T12:00:00+05:30,2026-09-04T15:35:00+05:30,154310
NIFTY2690824750CE,24750,CE,1400,2026-08-11T09:15:00+05:30,2026-09-04T15:35:00+05:30,61941490
NIFTY2690824800CE,24800,CE,1607,2026-08-07T09:25:00+05:30,2026-09-04T15:35:00+05:30,147194255
NIFTY2690824800PE,24800,PE,1323,2026-08-11T09:30:00+05:30,2026-09-04T15:35:00+05:30,363805
NIFTY2690824850PE,24850,PE,396,2026-08-21T15:25:00+05:30,2026-09-04T15:35:00+05:30,22035
