date,open,high,low,close,volume,oi
2026-08-20T09:30:00+05:30,41.7,41.7,22.1,22.25,455,0
2026-08-20T09:35:00+05:30,22.25,22.25,20.75,20.75,65,390
2026-08-20T09:40:00+05:30,20.75,20.75,20.75,20.75,0,390
2026-08-20T09:45:00+05:30,20.75,20.75,20.75,20.75,0,390
2026-08-20T09:50:00+05:30,20.75,20.75,20.75,20.75,0,390
2026-08-20T09:55:00+05:30,20.75,20.75,20.75,20.75,0,390
2026-08-20T10:00:00+05:30,20.75,20.75,20.6,20.6,65,325
2026-08-20T10:05:00+05:30,20.6,20.6,20.6,20.6,0,325
2026-08-20T10:10:00+05:30,20.6,20.6,20.0,20.0,130,390
2026-08-20T10:15:00+05:30,20.0,20.0,20.0,20.0,0,390
2026-08-20T10:20:00+05:30,20.0,20.0,20.0,20.0,0,390
2026-08-20T10:25:00+05:30,20.0,20.0,20.0,20.0,0,390
2026-08-20T10:30:00+05:30,20.0,20.0,20.0,20.0,0,390
2026-08-20T10:35:00+05:30,20.0,20.0,20.0,20.0,0,390
2026-08-20T10:40:00+05:30,20.0,20.0,20.0,20.0,0,390
2026-08-20T10:45:00+05:30,20.0,20.0,19.9,19.9,325,520
2026-08-20T10:50:00+05:30,19.9,19.9,19.9,19.9,0,520
2026-08-20T10:55:00+05:30,19.9,19.9,19.9,19.9,0,520
2026-08-20T11:00:00+05:30,19.9,19.9,19.9,19.9,0,520
2026-08-20T11:05:00+05:30,19.9,19.9,19.9,19.9,0,520
2026-08-20T11:10:00+05:30,19.9,19.9,19.9,19.9,0,520
2026-08-20T11:15:00+05:30,19.9,19.9,19.9,19.9,0,520
2026-08-20T11:20:00+05:30,19.9,19.9,19.25,19.25,260,845
2026-08-20T11:25:00+05:30,19.25,19.25,19.25,19.25,0,845
2026-08-20T11:30:00+05:30,19.25,19.25,18.65,18.65,130,1105
2026-08-20T11:35:00+05:30,18.65,18.65,18.65,18.65,0,1105
2026-08-20T11:40:00+05:30,18.65,18.65,18.65,18.65,0,1105
2026-08-20T11:45:00+05:30,18.65,18.65,18.6,18.6,260,1170
2026-08-20T11:50:00+05:30,18.6,18.6,18.6,18.6,0,1170
2026-08-20T11:55:00+05:30,18.6,18.6,18.6,18.6,0,1170
2026-08-20T12:00:00+05:30,18.6,18.6,18.6,18.6,0,1170
2026-08-20T12:05:00+05:30,18.6,18.6,18.6,18.6,0,1170
2026-08-20T12:10:00+05:30,18.6,18.6,18.6,18.6,0,1170
2026-08-20T12:15:00+05:30,18.6,18.6,18.6,18.6,0,1170
2026-08-20T12:20:00+05:30,18.6,18.6,18.6,18.6,0,1170
2026-08-20T12:25:00+05:30,18.6,18.6,18.6,18.6,0,1170
2026-08-20T12:30:00+05:30,18.6,18.6,18.6,18.6,0,1170
2026-08-20T12:35:00+05:30,18.6,18.6,18.6,18.6,0,1170
2026-08-20T12:40:00+05:30,18.6,18.6,18.6,18.6,0,1170
2026-08-20T12:45:00+05:30,18.6,18.6,18.6,18.6,0,1170
2026-08-20T12:50:00+05:30,18.6,18.6,18.6,18.6,0,1170
2026-08-20T12:55:00+05:30,18.6,18.6,18.6,18.6,0,1170
2026-08-20T13:00:00+05:30,18.6,18.6,17.95,17.95,65,1430
2026-08-20T13:05:00+05:30,17.95,17.95,17.95,17.95,0,1430
2026-08-20T13:10:00+05:30,17.95,18.05,17.95,18.05,65,1430
2026-08-20T13:15:00+05:30,18.05,18.15,18.05,18.1,260,1625
2026-08-20T13:20:00+05:30,18.1,18.1,17.85,17.85,195,1820
2026-08-20T13:25:00+05:30,17.85,17.85,17.85,17.85,195,1950
2026-08-20T13:30:00+05:30,17.85,17.85,17.6,17.6,260,2210
2026-08-20T13:35:00+05:30,17.6,17.65,17.6,17.65,195,2405
2026-08-20T13:40:00+05:30,17.65,17.75,17.65,17.75,195,2600
2026-08-20T13:45:00+05:30,17.75,17.75,17.75,17.75,260,2860
2026-08-20T13:50:00+05:30,17.75,17.75,17.7,17.7,195,2990
2026-08-20T13:55:00+05:30,17.7,17.8,17.55,17.6,195,3120
2026-08-20T14:00:00+05:30,17.6,17.7,17.6,17.7,260,3315
2026-08-20T14:05:00+05:30,17.7,18.45,17.7,17.75,260,3445
2026-08-20T14:10:00+05:30,17.75,17.75,17.75,17.75,195,3510
2026-08-20T14:15:00+05:30,17.75,17.75,17.75,17.75,260,3770
2026-08-20T14:20:00+05:30,17.75,18.05,17.45,17.45,325,3965
2026-08-20T14:25:00+05:30,17.45,17.65,17.45,17.5,195,4225
2026-08-20T14:30:00+05:30,17.5,17.5,17.5,17.5,0,4225
2026-08-20T14:35:00+05:30,17.5,17.5,17.5,17.5,0,4225
2026-08-20T14:40:00+05:30,17.5,17.5,17.5,17.5,0,4225
2026-08-20T14:45:00+05:30,17.5,17.5,16.75,16.75,325,4290
2026-08-20T14:50:00+05:30,16.75,16.75,16.75,16.75,0,4290
2026-08-20T14:55:00+05:30,16.75,16.85,16.75,16.85,65,3965
2026-08-20T15:00:00+05:30,16.85,16.85,16.85,16.85,0,3965
2026-08-20T15:05:00+05:30,16.85,16.85,16.85,16.85,0,3965
2026-08-20T15:10:00+05:30,16.85,17.95,16.85,17.95,390,4030
2026-08-20T15:15:00+05:30,17.95,17.95,17.95,17.95,0,4030
2026-08-20T15:20:00+05:30,17.95,17.95,17.4,17.4,325,4355
2026-08-20T15:25:00+05:30,17.4,17.9,17.4,17.9,130,4355
2026-08-20T15:30:00+05:30,18.0,18.0,17.4,17.4,585,4030
2026-08-20T15:35:00+05:30,17.2,18.0,17.2,17.9,455,3835
2026-08-21T09:15:00+05:30,16.35,16.35,16.35,16.35,325,4160
2026-08-21T09:20:00+05:30,16.35,16.35,16.35,16.35,0,4160
2026-08-21T09:25:00+05:30,16.35,17.3,16.35,17.3,65,4485
2026-08-21T09:30:00+05:30,17.3,17.3,16.35,16.35,585,4485
2026-08-21T09:35:00+05:30,16.35,16.35,16.35,16.35,0,4485
2026-08-21T09:40:00+05:30,16.35,16.35,16.35,16.35,0,4485
2026-08-21T09:45:00+05:30,16.35,16.35,15.6,15.6,130,5005
2026-08-21T09:50:00+05:30,15.6,15.6,15.6,15.6,65,5005
2026-08-21T09:55:00+05:30,15.6,15.6,15.6,15.6,195,5070
2026-08-21T10:00:00+05:30,15.6,15.6,15.45,15.45,455,5460
2026-08-21T10:05:00+05:30,15.45,15.45,15.45,15.45,0,5460
2026-08-21T10:10:00+05:30,15.45,15.45,15.45,15.45,0,5460
2026-08-21T10:15:00+05:30,15.45,15.45,15.45,15.45,0,5460
2026-08-21T10:20:00+05:30,15.45,15.45,15.45,15.45,0,5460
2026-08-21T10:25:00+05:30,15.45,15.45,15.45,15.45,0,5460
2026-08-21T10:30:00+05:30,15.45,15.45,15.45,15.45,0,5460
2026-08-21T10:35:00+05:30,15.45,15.45,15.45,15.45,0,5460
2026-08-21T10:40:00+05:30,15.45,15.45,15.45,15.45,0,5460
2026-08-21T10:45:00+05:30,15.45,15.45,15.45,15.45,0,5460
2026-08-21T10:50:00+05:30,15.45,15.45,15.45,15.45,0,5460
2026-08-21T10:55:00+05:30,15.45,15.45,15.45,15.45,0,5460
2026-08-21T11:00:00+05:30,15.45,15.45,15.45,15.45,0,5460
2026-08-21T11:05:00+05:30,15.45,15.45,15.45,15.45,0,5460
2026-08-21T11:10:00+05:30,15.45,15.45,15.45,15.45,0,5460
2026-08-21T11:15:00+05:30,15.45,15.45,15.45,15.45,0,5460
2026-08-21T11:20:00+05:30,15.45,15.45,15.45,15.45,0,5460
2026-08-21T11:25:00+05:30,15.45,15.45,15.45,15.45,0,5460
2026-08-21T11:30:00+05:30,15.45,15.45,15.45,15.45,65,5460
2026-08-21T11:35:00+05:30,15.45,15.45,15.45,15.45,0,5460
2026-08-21T11:40:00+05:30,15.45,15.45,15.45,15.45,0,5460
2026-08-21T11:45:00+05:30,15.45,15.45,15.45,15.45,0,5460
2026-08-21T11:50:00+05:30,15.45,15.45,15.45,15.45,0,5460
2026-08-21T11:55:00+05:30,15.45,15.45,15.45,15.45,0,5460
2026-08-21T12:00:00+05:30,15.45,15.45,15.45,15.45,0,5460
2026-08-21T12:05:00+05:30,15.45,15.45,15.45,15.45,0,5460
2026-08-21T12:10:00+05:30,15.45,15.45,15.45,15.45,0,5460
2026-08-21T12:15:00+05:30,15.45,15.45,15.45,15.45,0,5460
2026-08-21T12:20:00+05:30,15.45,15.45,15.45,15.45,0,5460
2026-08-21T12:25:00+05:30,15.45,15.45,15.35,15.35,130,5460
2026-08-21T12:30:00+05:30,15.35,15.35,15.35,15.35,0,5460
2026-08-21T12:35:00+05:30,15.35,15.35,15.35,15.35,0,5460
2026-08-21T12:40:00+05:30,15.35,15.35,15.35,15.35,0,5460
2026-08-21T12:45:00+05:30,15.35,15.35,15.35,15.35,0,5460
2026-08-21T12:50:00+05:30,15.35,15.35,15.35,15.35,0,5460
2026-08-21T12:55:00+05:30,15.35,15.35,15.35,15.35,0,5460
2026-08-21T13:00:00+05:30,15.35,15.35,15.35,15.35,1560,5590
2026-08-21T13:05:00+05:30,15.35,15.35,15.35,15.35,0,5590
2026-08-21T13:10:00+05:30,15.35,15.35,15.35,15.35,0,5590
2026-08-21T13:15:00+05:30,15.35,15.35,15.35,15.35,0,5590
2026-08-21T13:20:00+05:30,15.35,15.35,15.35,15.35,0,5590
2026-08-21T13:25:00+05:30,15.35,15.35,15.35,15.35,0,5590
2026-08-21T13:30:00+05:30,15.35,15.35,15.35,15.35,0,5590
2026-08-21T13:35:00+05:30,15.35,15.35,15.35,15.35,0,5590
2026-08-21T13:40:00+05:30,15.35,15.35,15.35,15.35,0,5590
2026-08-21T13:45:00+05:30,15.35,15.35,15.35,15.35,0,5590
2026-08-21T13:50:00+05:30,15.35,15.35,15.35,15.35,0,5590
2026-08-21T13:55:00+05:30,15.35,15.35,15.35,15.35,0,5590
2026-08-21T14:00:00+05:30,15.35,15.35,15.35,15.35,0,5590
2026-08-21T14:05:00+05:30,15.35,15.35,15.35,15.35,0,5590
2026-08-21T14:10:00+05:30,15.35,15.35,15.35,15.35,0,5590
2026-08-21T14:15:00+05:30,15.35,15.35,15.35,15.35,0,5590
2026-08-21T14:20:00+05:30,15.35,15.35,15.15,15.15,65,6695
2026-08-21T14:25:00+05:30,15.15,15.15,15.15,15.15,0,6695
2026-08-21T14:30:00+05:30,15.15,15.15,15.15,15.15,0,6695
2026-08-21T14:35:00+05:30,15.15,15.15,15.15,15.15,0,6695
2026-08-21T14:40:00+05:30,15.15,15.15,15.15,15.15,0,6695
2026-08-21T14:45:00+05:30,15.15,15.15,15.15,15.15,0,6695
2026-08-21T14:50:00+05:30,15.15,15.15,15.15,15.15,0,6695
2026-08-21T14:55:00+05:30,15.15,15.15,15.15,15.15,0,6695
2026-08-21T15:00:00+05:30,15.15,15.15,15.0,15.0,65,6760
2026-08-21T15:05:00+05:30,15.0,15.0,15.0,15.0,0,6760
2026-08-21T15:10:00+05:30,15.0,15.3,15.0,15.3,65,6760
2026-08-21T15:15:00+05:30,15.3,15.55,15.3,15.55,130,6760
2026-08-21T15:20:00+05:30,15.55,15.55,15.55,15.55,0,6760
2026-08-21T15:25:00+05:30,15.55,15.55,15.55,15.55,0,6760
2026-08-21T15:30:00+05:30,15.55,15.55,14.4,14.4,390,6760
2026-08-21T15:35:00+05:30,14.4,14.5,14.4,14.5,195,6760
2026-08-24T09:15:00+05:30,14.5,15.6,11.65,11.7,780,6955
2026-08-24T09:20:00+05:30,11.7,11.85,11.7,11.7,1235,7020
2026-08-24T09:25:00+05:30,11.7,11.7,11.7,11.7,0,7020
2026-08-24T09:30:00+05:30,11.7,11.7,11.7,11.7,0,7020
2026-08-24T09:35:00+05:30,11.7,11.75,11.7,11.75,195,7020
2026-08-24T09:40:00+05:30,11.75,12.1,11.75,11.8,325,7215
2026-08-24T09:45:00+05:30,11.8,11.8,11.8,11.8,0,7215
2026-08-24T09:50:00+05:30,11.8,11.8,11.8,11.8,0,7215
2026-08-24T09:55:00+05:30,11.8,11.8,11.7,11.75,260,7475
2026-08-24T10:00:00+05:30,11.75,11.75,11.75,11.75,0,7475
2026-08-24T10:05:00+05:30,11.75,11.75,11.75,11.75,0,7475
2026-08-24T10:10:00+05:30,11.75,11.75,11.75,11.75,0,7475
2026-08-24T10:15:00+05:30,11.75,11.8,11.75,11.75,130,7410
2026-08-24T10:20:00+05:30,11.75,11.75,11.55,11.55,585,7410
2026-08-24T10:25:00+05:30,11.65,11.65,11.65,11.65,260,8125
2026-08-24T10:30:00+05:30,11.65,11.65,11.65,11.65,0,8125
2026-08-24T10:35:00+05:30,11.65,11.85,11.65,11.85,650,8190
2026-08-24T10:40:00+05:30,11.85,11.85,11.85,11.85,0,8190
2026-08-24T10:45:00+05:30,11.85,11.85,11.85,11.85,0,8190
2026-08-24T10:50:00+05:30,11.85,11.85,11.85,11.85,0,8190
2026-08-24T10:55:00+05:30,11.85,13.0,11.85,13.0,585,8060
2026-08-24T11:00:00+05:30,13.0,14.1,12.7,14.1,1560,8385
2026-08-24T11:05:00+05:30,14.1,14.55,14.1,14.55,715,8515
2026-08-24T11:10:00+05:30,14.55,14.55,14.55,14.55,0,8515
2026-08-24T11:15:00+05:30,14.55,14.55,14.55,14.55,0,8515
2026-08-24T11:20:00+05:30,14.55,14.55,14.55,14.55,0,8515
2026-08-24T11:25:00+05:30,14.55,14.55,14.55,14.55,0,8515
2026-08-24T11:30:00+05:30,14.55,14.55,14.55,14.55,0,8515
2026-08-24T11:35:00+05:30,14.55,16.1,14.55,16.1,65,8840
2026-08-24T11:40:00+05:30,16.1,16.1,15.25,15.25,130,8775
2026-08-24T11:45:00+05:30,15.25,15.25,15.25,15.25,0,8775
2026-08-24T11:50:00+05:30,15.25,15.25,15.25,15.25,0,8775
2026-08-24T11:55:00+05:30,15.25,15.25,15.25,15.25,0,8775
2026-08-24T12:00:00+05:30,15.25,16.2,15.25,15.7,1430,9360
2026-08-24T12:05:00+05:30,15.7,15.95,15.7,15.8,195,9230
2026-08-24T12:10:00+05:30,15.8,15.9,15.8,15.9,130,9165
2026-08-24T12:15:00+05:30,15.9,15.9,15.9,15.9,0,9165
2026-08-24T12:20:00+05:30,15.9,15.9,15.9,15.9,0,9165
2026-08-24T12:25:00+05:30,15.9,15.9,15.9,15.9,0,9165
2026-08-24T12:30:00+05:30,15.9,17.05,15.9,17.05,260,9295
2026-08-24T12:35:00+05:30,17.05,17.05,16.8,16.85,520,9490
2026-08-24T12:40:00+05:30,16.85,16.85,16.85,16.85,0,9490
2026-08-24T12:45:00+05:30,16.85,16.9,16.85,16.9,65,9945
2026-08-24T12:50:00+05:30,16.9,16.9,16.9,16.9,0,9945
2026-08-24T12:55:00+05:30,16.9,17.4,16.85,16.9,910,9555
2026-08-24T13:00:00+05:30,16.9,16.9,16.9,16.9,65,9555
2026-08-24T13:05:00+05:30,16.9,16.9,16.9,16.9,0,9555
2026-08-24T13:10:00+05:30,16.9,17.0,16.9,17.0,520,9620
2026-08-24T13:15:00+05:30,17.0,17.0,17.0,17.0,0,9620
2026-08-24T13:20:00+05:30,17.0,17.5,17.0,17.5,65,9620
2026-08-24T13:25:00+05:30,17.5,17.5,17.5,17.5,0,9620
2026-08-24T13:30:00+05:30,17.5,17.5,17.5,17.5,0,9620
2026-08-24T13:35:00+05:30,17.5,17.5,17.5,17.5,0,9620
2026-08-24T13:40:00+05:30,17.5,17.5,17.5,17.5,0,9620
2026-08-24T13:45:00+05:30,17.5,21.0,15.55,19.95,3445,9880
2026-08-24T13:50:00+05:30,19.95,19.95,18.5,18.5,780,9555
2026-08-24T13:55:00+05:30,18.5,19.1,16.65,16.8,2665,9815
2026-08-24T14:00:00+05:30,16.8,18.25,16.8,18.0,650,9815
2026-08-24T14:05:00+05:30,18.0,18.0,18.0,18.0,0,9815
2026-08-24T14:10:00+05:30,18.0,18.3,18.0,18.3,1105,9685
2026-08-24T14:15:00+05:30,18.3,18.35,17.6,17.6,455,9685
2026-08-24T14:20:00+05:30,17.6,17.6,17.2,17.2,65,9620
2026-08-24T14:25:00+05:30,17.2,17.2,17.2,17.2,0,9620
2026-08-24T14:30:00+05:30,17.2,17.2,17.2,17.2,0,9620
2026-08-24T14:35:00+05:30,17.2,17.2,15.8,15.8,130,9620
2026-08-24T14:40:00+05:30,15.8,16.75,15.8,16.75,130,9620
2026-08-24T14:45:00+05:30,16.75,16.75,16.75,16.75,0,9620
2026-08-24T14:50:00+05:30,16.75,16.95,16.75,16.95,520,9750
2026-08-24T14:55:00+05:30,16.95,16.95,16.2,16.2,65,9295
2026-08-24T15:00:00+05:30,16.2,16.2,16.2,16.2,0,9295
2026-08-24T15:05:00+05:30,16.2,16.2,16.2,16.2,0,9295
2026-08-24T15:10:00+05:30,16.2,16.2,16.2,16.2,0,9295
2026-08-24T15:15:00+05:30,16.2,16.2,16.2,16.2,0,9295
2026-08-24T15:20:00+05:30,16.2,16.2,15.4,15.4,2860,11310
2026-08-24T15:25:00+05:30,15.4,15.85,15.4,15.85,195,11310
2026-08-24T15:30:00+05:30,15.85,15.85,15.45,15.45,585,11505
2026-08-24T15:35:00+05:30,15.45,15.75,15.45,15.75,130,11505
2026-08-25T09:15:00+05:30,15.45,15.45,15.45,15.45,325,11505
2026-08-25T09:20:00+05:30,15.45,15.45,15.45,15.45,0,11505
2026-08-25T09:25:00+05:30,15.45,15.45,13.25,13.55,1105,12220
2026-08-25T09:30:00+05:30,13.55,13.55,13.25,13.25,650,12740
2026-08-25T09:35:00+05:30,13.25,13.75,13.25,13.75,4420,10530
2026-08-25T09:40:00+05:30,13.75,13.75,13.65,13.65,65,10530
2026-08-25T09:45:00+05:30,13.65,14.3,13.65,14.3,65,10530
2026-08-25T09:50:00+05:30,14.3,14.7,14.3,14.7,520,10660
2026-08-25T09:55:00+05:30,14.7,14.8,14.65,14.65,975,10855
2026-08-25T10:00:00+05:30,14.65,14.8,14.65,14.8,130,10855
2026-08-25T10:05:00+05:30,14.8,14.8,14.5,14.5,650,11440
2026-08-25T10:10:00+05:30,14.5,15.0,14.5,15.0,1690,11180
2026-08-25T10:15:00+05:30,15.0,15.05,14.8,15.05,650,12220
2026-08-25T10:20:00+05:30,15.05,15.05,15.05,15.05,0,12220
2026-08-25T10:25:00+05:30,15.05,15.05,15.05,15.05,0,12220
2026-08-25T10:30:00+05:30,15.05,15.35,15.05,15.25,130,12350
2026-08-25T10:35:00+05:30,15.25,15.6,15.25,15.6,195,12415
2026-08-25T10:40:00+05:30,15.6,15.6,15.6,15.6,0,12415
2026-08-25T10:45:00+05:30,15.6,15.6,14.6,14.6,520,12350
2026-08-25T10:50:00+05:30,14.6,14.85,14.0,14.0,325,12675
2026-08-25T10:55:00+05:30,14.0,14.0,14.0,14.0,65,12675
2026-08-25T11:00:00+05:30,14.0,14.3,14.0,14.3,65,12610
2026-08-25T11:05:00+05:30,14.3,14.3,14.3,14.3,0,12610
2026-08-25T11:10:00+05:30,14.3,14.3,14.3,14.3,0,12610
2026-08-25T11:15:00+05:30,14.3,14.3,14.3,14.3,0,12610
2026-08-25T11:20:00+05:30,14.3,14.3,14.05,14.05,65,12545
2026-08-25T11:25:00+05:30,14.05,14.05,14.05,14.05,0,12545
2026-08-25T11:30:00+05:30,14.05,14.05,14.05,14.05,0,12545
2026-08-25T11:35:00+05:30,14.05,14.05,14.05,14.05,0,12545
2026-08-25T11:40:00+05:30,14.05,14.05,14.05,14.05,0,12545
2026-08-25T11:45:00+05:30,14.05,14.55,14.05,14.55,260,12545
2026-08-25T11:50:00+05:30,14.55,14.55,14.55,14.55,0,12545
2026-08-25T11:55:00+05:30,14.55,14.55,14.55,14.55,0,12545
2026-08-25T12:00:00+05:30,14.55,14.55,14.55,14.55,0,12545
2026-08-25T12:05:00+05:30,14.55,14.55,14.55,14.55,0,12545
2026-08-25T12:10:00+05:30,14.55,14.55,14.55,14.55,0,12545
2026-08-25T12:15:00+05:30,14.55,14.55,14.55,14.55,0,12545
2026-08-25T12:20:00+05:30,14.55,14.55,14.25,14.25,65,12805
2026-08-25T12:25:00+05:30,14.25,14.25,14.25,14.25,0,12805
2026-08-25T12:30:00+05:30,14.25,14.25,14.2,14.2,65,12870
2026-08-25T12:35:00+05:30,14.2,14.2,14.2,14.2,0,12870
2026-08-25T12:40:00+05:30,14.2,14.2,14.15,14.15,130,12870
2026-08-25T12:45:00+05:30,14.15,14.65,14.1,14.65,325,12870
2026-08-25T12:50:00+05:30,14.65,14.65,14.65,14.65,0,12870
2026-08-25T12:55:00+05:30,14.65,14.65,14.65,14.65,0,12870
2026-08-25T13:00:00+05:30,14.65,17.0,14.15,14.15,130,12870
2026-08-25T13:05:00+05:30,14.15,14.15,14.15,14.15,0,12870
2026-08-25T13:10:00+05:30,14.15,14.15,14.15,14.15,0,12870
2026-08-25T13:15:00+05:30,21.9,21.9,15.7,15.8,650,13000
2026-08-25T13:20:00+05:30,15.8,15.8,15.8,15.8,0,13000
2026-08-25T13:25:00+05:30,15.8,15.8,15.8,15.8,0,13000
2026-08-25T13:30:00+05:30,15.8,20.95,15.8,15.9,715,12805
2026-08-25T13:35:00+05:30,15.9,15.9,15.9,15.9,0,12805
2026-08-25T13:40:00+05:30,15.9,15.9,15.9,15.9,0,12805
2026-08-25T13:45:00+05:30,15.9,15.9,15.9,15.9,0,12805
2026-08-25T13:50:00+05:30,15.9,15.9,14.0,14.0,195,12545
2026-08-25T13:55:00+05:30,14.0,14.0,14.0,14.0,0,12545
2026-08-25T14:00:00+05:30,14.0,14.0,14.0,14.0,0,12545
2026-08-25T14:05:00+05:30,14.0,14.0,14.0,14.0,0,12545
2026-08-25T14:10:00+05:30,14.0,14.0,14.0,14.0,0,12545
2026-08-25T14:15:00+05:30,14.0,14.0,13.95,14.0,260,12610
2026-08-25T14:20:00+05:30,14.0,14.0,14.0,14.0,0,12610
2026-08-25T14:25:00+05:30,14.0,14.0,14.0,14.0,0,12610
2026-08-25T14:30:00+05:30,14.0,14.0,12.6,13.5,325,12740
2026-08-25T14:35:00+05:30,13.5,13.5,12.9,12.9,195,12740
2026-08-25T14:40:00+05:30,12.9,16.1,12.9,16.1,130,12740
2026-08-25T14:45:00+05:30,16.1,16.1,16.1,16.1,0,12740
2026-08-25T14:50:00+05:30,16.1,16.1,11.05,11.05,390,12805
2026-08-25T14:55:00+05:30,11.05,12.0,11.05,12.0,260,12805
2026-08-25T15:00:00+05:30,12.0,12.0,12.0,12.0,0,12805
2026-08-25T15:05:00+05:30,12.0,12.0,9.7,11.5,390,12480
2026-08-25T15:10:00+05:30,11.5,16.0,11.5,16.0,130,12350
2026-08-25T15:15:00+05:30,16.0,16.0,10.2,10.2,65,12350
2026-08-25T15:20:00+05:30,10.2,11.7,10.2,11.7,260,12415
2026-08-25T15:25:00+05:30,11.7,11.7,11.7,11.7,0,12415
2026-08-25T15:30:00+05:30,11.7,16.05,11.7,16.05,390,12480
2026-08-25T15:35:00+05:30,16.05,16.05,10.8,10.8,325,12090
2026-08-26T09:15:00+05:30,9.05,9.05,9.05,9.05,130,12090
2026-08-26T09:20:00+05:30,9.05,16.0,9.05,12.25,4225,12155
2026-08-26T09:25:00+05:30,12.25,12.25,12.0,12.0,130,15730
2026-08-26T09:30:00+05:30,12.0,12.0,9.1,9.1,65,15730
2026-08-26T09:35:00+05:30,9.1,9.1,9.05,9.05,195,15730
2026-08-26T09:40:00+05:30,9.05,9.05,9.05,9.05,0,15730
2026-08-26T09:45:00+05:30,9.05,10.05,9.05,10.05,260,15730
2026-08-26T09:50:00+05:30,10.05,10.45,10.05,10.45,4030,15730
2026-08-26T09:55:00+05:30,10.45,10.45,10.45,10.45,0,15730
2026-08-26T10:00:00+05:30,10.45,10.45,10.0,10.0,325,19175
2026-08-26T10:05:00+05:30,10.0,12.0,10.0,12.0,130,19500
2026-08-26T10:10:00+05:30,12.0,12.0,12.0,12.0,0,19500
2026-08-26T10:15:00+05:30,12.0,13.95,10.4,10.4,1170,19565
2026-08-26T10:20:00+05:30,10.4,10.4,10.4,10.4,0,19565
2026-08-26T10:25:00+05:30,10.4,13.5,10.4,10.75,585,19630
2026-08-26T10:30:00+05:30,10.75,10.75,10.1,10.1,4355,19630
2026-08-26T10:35:00+05:30,10.1,10.45,9.5,10.45,260,23205
2026-08-26T10:40:00+05:30,10.45,11.0,10.45,11.0,65,23400
2026-08-26T10:45:00+05:30,11.0,11.0,10.95,10.95,65,23465
2026-08-26T10:50:00+05:30,10.95,10.95,10.0,10.0,780,23530
2026-08-26T10:55:00+05:30,10.0,10.0,10.0,10.0,130,23530
2026-08-26T11:00:00+05:30,10.0,10.0,10.0,10.0,0,23530
2026-08-26T11:05:00+05:30,10.0,10.0,9.35,9.35,390,23660
2026-08-26T11:10:00+05:30,9.35,9.35,9.35,9.35,0,23660
2026-08-26T11:15:00+05:30,9.35,9.9,9.35,9.9,65,23595
2026-08-26T11:20:00+05:30,9.9,9.9,9.3,9.6,910,23595
2026-08-26T11:25:00+05:30,9.6,10.0,9.6,10.0,195,23335
2026-08-26T11:30:00+05:30,10.0,10.0,9.9,9.9,325,23335
2026-08-26T11:35:00+05:30,9.9,9.9,9.5,9.5,65,23010
2026-08-26T11:40:00+05:30,9.5,9.5,9.5,9.5,130,23010
2026-08-26T11:45:00+05:30,9.5,9.5,9.5,9.5,0,23010
2026-08-26T11:50:00+05:30,9.5,9.9,9.5,9.9,585,23010
2026-08-26T11:55:00+05:30,9.9,10.0,9.9,10.0,260,22425
2026-08-26T12:00:00+05:30,10.0,10.0,9.9,10.0,3380,22035
2026-08-26T12:05:00+05:30,10.0,10.0,10.0,10.0,0,22035
2026-08-26T12:10:00+05:30,10.0,10.05,10.0,10.05,130,22035
2026-08-26T12:15:00+05:30,10.05,10.05,10.05,10.05,0,22035
2026-08-26T12:20:00+05:30,10.05,10.05,10.05,10.05,0,22035
2026-08-26T12:25:00+05:30,10.05,10.05,10.05,10.05,0,22035
2026-08-26T12:30:00+05:30,10.05,10.05,10.05,10.05,0,22035
2026-08-26T12:35:00+05:30,9.75,10.95,9.2,9.2,2405,21515
2026-08-26T12:40:00+05:30,9.2,10.3,9.2,10.1,715,21255
2026-08-26T12:45:00+05:30,10.1,10.1,10.1,10.1,0,21255
2026-08-26T12:50:00+05:30,10.1,10.15,10.1,10.15,130,21255
2026-08-26T12:55:00+05:30,10.15,10.8,10.1,10.4,1365,21255
2026-08-26T13:00:00+05:30,10.4,10.45,10.4,10.45,585,22230
2026-08-26T13:05:00+05:30,10.45,10.45,10.4,10.4,65,22230
2026-08-26T13:10:00+05:30,10.4,10.4,10.3,10.3,325,22295
2026-08-26T13:15:00+05:30,10.3,10.4,10.3,10.4,650,22295
2026-08-26T13:20:00+05:30,10.4,10.4,10.4,10.4,0,22295
2026-08-26T13:25:00+05:30,10.4,10.4,9.8,9.8,195,22295
2026-08-26T13:30:00+05:30,9.8,9.8,9.8,9.8,0,22295
2026-08-26T13:35:00+05:30,9.8,9.8,9.8,9.8,0,22295
2026-08-26T13:40:00+05:30,9.8,9.8,9.8,9.8,0,22295
2026-08-26T13:45:00+05:30,9.8,9.8,9.8,9.8,0,22295
2026-08-26T13:50:00+05:30,9.8,9.8,9.8,9.8,0,22295
2026-08-26T13:55:00+05:30,9.8,9.8,9.8,9.8,0,22295
2026-08-26T14:00:00+05:30,9.8,9.8,9.8,9.8,0,22295
2026-08-26T14:05:00+05:30,9.8,9.8,9.8,9.8,0,22295
2026-08-26T14:10:00+05:30,9.8,9.8,9.8,9.8,0,22295
2026-08-26T14:15:00+05:30,9.8,9.8,9.8,9.8,0,22295
2026-08-26T14:20:00+05:30,9.8,9.8,9.8,9.8,0,22295
2026-08-26T14:25:00+05:30,9.8,9.8,9.8,9.8,0,22295
2026-08-26T14:30:00+05:30,9.8,13.35,9.8,13.35,65,22100
2026-08-26T14:35:00+05:30,13.35,13.35,13.35,13.35,0,22100
2026-08-26T14:40:00+05:30,13.35,13.35,13.35,13.35,0,22100
2026-08-26T14:45:00+05:30,13.35,13.35,9.55,9.55,195,22230
2026-08-26T14:50:00+05:30,9.55,9.55,9.4,9.55,2015,22555
2026-08-26T14:55:00+05:30,9.55,9.55,9.5,9.5,1040,22685
2026-08-26T15:00:00+05:30,9.5,9.65,9.5,9.65,65,22555
2026-08-26T15:05:00+05:30,9.65,9.65,9.65,9.65,0,22555
2026-08-26T15:10:00+05:30,9.65,9.8,9.65,9.8,585,22620
2026-08-26T15:15:00+05:30,9.8,9.95,9.8,9.95,195,22815
2026-08-26T15:20:00+05:30,9.95,9.95,9.95,9.95,0,22815
2026-08-26T15:25:00+05:30,9.95,9.95,9.95,9.95,0,22815
2026-08-26T15:30:00+05:30,9.95,10.65,9.95,10.0,910,23725
2026-08-26T15:35:00+05:30,10.0,10.0,9.5,9.5,390,23725
2026-08-27T09:25:00+05:30,10.15,10.2,10.15,10.15,520,23335
2026-08-27T09:30:00+05:30,10.15,11.1,10.15,11.1,260,22620
2026-08-27T09:35:00+05:30,11.1,11.1,11.1,11.1,0,22620
2026-08-27T09:40:00+05:30,11.1,11.45,11.1,11.45,390,22685
2026-08-27T09:45:00+05:30,11.45,11.45,11.45,11.45,0,22685
2026-08-27T09:50:00+05:30,11.45,11.8,11.45,11.8,195,23075
2026-08-27T09:55:00+05:30,11.8,11.8,10.0,10.0,520,23465
2026-08-27T10:00:00+05:30,10.0,10.0,10.0,10.0,0,23465
2026-08-27T10:05:00+05:30,10.0,11.2,10.0,11.2,325,23140
2026-08-27T10:10:00+05:30,11.2,11.2,10.5,10.5,195,23465
2026-08-27T10:15:00+05:30,10.5,10.55,10.5,10.55,650,22945
2026-08-27T10:20:00+05:30,10.55,10.55,10.55,10.55,0,22945
2026-08-27T10:25:00+05:30,10.55,11.55,10.3,11.5,2470,22945
2026-08-27T10:30:00+05:30,11.5,11.5,11.5,11.5,0,22945
2026-08-27T10:35:00+05:30,11.5,11.6,11.5,11.6,65,23010
2026-08-27T10:40:00+05:30,11.6,11.6,11.6,11.6,0,23010
2026-08-27T10:45:00+05:30,11.6,11.6,10.4,10.4,195,23075
2026-08-27T10:50:00+05:30,10.4,10.4,10.4,10.4,0,23075
2026-08-27T10:55:00+05:30,10.4,11.75,10.4,11.75,65,22880
2026-08-27T11:00:00+05:30,11.75,11.75,11.4,11.4,130,22945
2026-08-27T11:05:00+05:30,11.4,11.4,11.4,11.4,0,22945
2026-08-27T11:10:00+05:30,11.4,11.4,9.55,11.0,130,22815
2026-08-27T11:15:00+05:30,11.0,11.8,9.55,11.75,585,22750
2026-08-27T11:20:00+05:30,11.75,11.75,9.65,9.65,195,22555
2026-08-27T11:25:00+05:30,9.65,9.65,9.65,9.65,0,22555
2026-08-27T11:30:00+05:30,9.65,14.15,9.65,10.35,130,22425
2026-08-27T11:35:00+05:30,10.35,10.35,10.35,10.35,0,22425
2026-08-27T11:40:00+05:30,10.35,13.05,10.35,13.05,520,22360
2026-08-27T11:45:00+05:30,13.05,13.05,13.05,13.05,0,22360
2026-08-27T11:50:00+05:30,13.05,13.05,13.05,13.05,0,22360
2026-08-27T11:55:00+05:30,13.05,13.05,11.85,11.85,325,22880
2026-08-27T12:00:00+05:30,11.85,11.85,11.85,11.85,0,22880
2026-08-27T12:05:00+05:30,11.85,11.85,11.85,11.85,0,22880
2026-08-27T12:10:00+05:30,11.85,11.85,11.85,11.85,0,22880
2026-08-27T12:15:00+05:30,11.85,12.0,11.85,12.0,65,22880
2026-08-27T12:20:00+05:30,12.0,12.0,12.0,12.0,0,22880
2026-08-27T12:25:00+05:30,12.0,12.0,12.0,12.0,0,22880
2026-08-27T12:30:00+05:30,12.0,12.0,12.0,12.0,0,22880
2026-08-27T12:35:00+05:30,12.0,12.0,12.0,12.0,0,22880
2026-08-27T12:40:00+05:30,11.25,11.25,11.25,11.25,65,22880
2026-08-27T12:45:00+05:30,11.25,11.25,11.25,11.25,0,22880
2026-08-27T12:50:00+05:30,11.25,11.25,11.25,11.25,0,22880
2026-08-27T12:55:00+05:30,11.25,11.25,9.85,10.5,130,22945
2026-08-27T13:00:00+05:30,10.5,10.5,10.5,10.5,0,22945
2026-08-27T13:05:00+05:30,10.5,10.5,10.5,10.5,0,22945
2026-08-27T13:10:00+05:30,10.5,10.5,10.5,10.5,130,22880
2026-08-27T13:15:00+05:30,10.5,10.8,10.5,10.5,390,22880
2026-08-27T13:20:00+05:30,10.5,10.55,10.5,10.55,390,22490
2026-08-27T13:25:00+05:30,10.55,10.55,10.55,10.55,0,22490
2026-08-27T13:30:00+05:30,10.55,10.55,10.55,10.55,0,22490
2026-08-27T13:35:00+05:30,10.55,10.55,10.55,10.55,0,22490
2026-08-27T13:40:00+05:30,10.55,10.55,10.55,10.55,0,22490
2026-08-27T13:45:00+05:30,10.55,10.55,10.55,10.55,0,22490
2026-08-27T13:50:00+05:30,10.55,12.65,10.55,11.4,260,22685
2026-08-27T13:55:00+05:30,11.4,11.4,11.4,11.4,0,22685
2026-08-27T14:00:00+05:30,11.4,11.4,9.8,9.8,65,22685
2026-08-27T14:05:00+05:30,9.8,12.45,9.8,12.45,130,22685
2026-08-27T14:10:00+05:30,12.45,12.45,12.45,12.45,0,22685
2026-08-27T14:15:00+05:30,12.45,12.45,12.45,12.45,0,22685
2026-08-27T14:20:00+05:30,12.45,12.45,12.45,12.45,0,22685
2026-08-27T14:25:00+05:30,12.45,12.45,12.45,12.45,0,22685
2026-08-27T14:30:00+05:30,12.45,12.45,12.45,12.45,0,22685
2026-08-27T14:35:00+05:30,12.45,12.45,12.45,12.45,0,22685
2026-08-27T14:40:00+05:30,12.45,12.45,12.45,12.45,0,22685
2026-08-27T14:45:00+05:30,12.45,12.45,12.0,12.0,65,22620
2026-08-27T14:50:00+05:30,12.0,12.0,12.0,12.0,65,22685
2026-08-27T14:55:00+05:30,12.0,12.0,12.0,12.0,0,22685
2026-08-27T15:00:00+05:30,12.0,12.0,12.0,12.0,260,22750
2026-08-27T15:05:00+05:30,12.0,12.0,12.0,12.0,780,22750
2026-08-27T15:10:00+05:30,12.0,12.15,9.65,12.1,715,23075
2026-08-27T15:15:00+05:30,12.5,12.5,12.5,12.5,65,23075
2026-08-27T15:20:00+05:30,12.5,12.5,12.5,12.5,0,23075
2026-08-27T15:25:00+05:30,12.5,12.5,12.5,12.5,0,23075
2026-08-27T15:30:00+05:30,12.5,13.0,9.65,9.65,325,23010
2026-08-27T15:35:00+05:30,13.5,13.5,13.5,13.5,65,23010
2026-08-28T09:35:00+05:30,15.95,15.95,9.25,9.25,65,23010
2026-08-28T09:40:00+05:30,9.25,12.0,9.25,12.0,390,22945
2026-08-28T09:45:00+05:30,12.0,12.85,12.0,12.85,65,22945
2026-08-28T09:50:00+05:30,12.85,13.65,11.8,11.8,3705,23920
2026-08-28T09:55:00+05:30,11.8,11.8,10.15,10.15,975,23595
2026-08-28T10:00:00+05:30,10.15,10.15,10.15,10.15,0,23595
2026-08-28T10:05:00+05:30,10.15,10.15,10.15,10.15,0,23595
2026-08-28T10:10:00+05:30,10.15,10.15,10.15,10.15,0,23595
2026-08-28T10:15:00+05:30,10.15,10.55,10.15,10.4,520,23660
2026-08-28T10:20:00+05:30,10.4,10.4,10.4,10.4,0,23660
2026-08-28T10:25:00+05:30,10.4,10.4,10.4,10.4,0,23660
2026-08-28T10:30:00+05:30,10.4,10.4,10.4,10.4,0,23660
2026-08-28T10:35:00+05:30,10.4,10.4,10.4,10.4,0,23660
2026-08-28T10:40:00+05:30,10.4,10.4,10.4,10.4,0,23660
2026-08-28T10:45:00+05:30,10.4,10.4,10.4,10.4,0,23660
2026-08-28T10:50:00+05:30,10.4,10.4,10.4,10.4,0,23660
2026-08-28T10:55:00+05:30,10.4,10.4,10.4,10.4,0,23660
2026-08-28T11:00:00+05:30,10.4,14.95,10.4,14.95,260,23595
2026-08-28T11:05:00+05:30,9.25,9.25,9.25,9.25,130,23790
2026-08-28T11:10:00+05:30,9.25,9.25,9.25,9.25,0,23790
2026-08-28T11:15:00+05:30,9.25,14.95,9.25,14.95,65,23790
2026-08-28T11:20:00+05:30,14.95,14.95,14.95,14.95,0,23790
2026-08-28T11:25:00+05:30,14.95,14.95,14.95,14.95,0,23790
2026-08-28T11:30:00+05:30,14.95,14.95,14.95,14.95,0,23790
2026-08-28T11:35:00+05:30,14.95,14.95,10.5,12.3,1300,23140
2026-08-28T11:40:00+05:30,12.3,13.0,12.3,13.0,65,22815
2026-08-28T11:45:00+05:30,13.0,13.0,13.0,13.0,0,22815
2026-08-28T11:50:00+05:30,13.0,13.0,12.75,12.9,845,22750
2026-08-28T11:55:00+05:30,12.9,12.9,12.9,12.9,0,22750
2026-08-28T12:00:00+05:30,12.9,12.9,12.9,12.9,0,22750
2026-08-28T12:05:00+05:30,12.9,12.9,12.9,12.9,0,22750
2026-08-28T12:10:00+05:30,12.9,12.9,12.9,12.9,0,22750
2026-08-28T12:15:00+05:30,12.9,12.9,12.9,12.9,0,22750
2026-08-28T12:20:00+05:30,12.9,12.9,12.9,12.9,0,22750
2026-08-28T12:25:00+05:30,12.9,13.8,12.9,13.75,195,22750
2026-08-28T12:30:00+05:30,13.75,13.8,13.75,13.75,520,22620
2026-08-28T12:35:00+05:30,13.75,13.75,13.75,13.75,0,22620
2026-08-28T12:40:00+05:30,13.75,13.75,13.75,13.75,260,22620
2026-08-28T12:45:00+05:30,13.75,13.75,13.75,13.75,0,22620
2026-08-28T12:50:00+05:30,13.75,13.75,13.75,13.75,0,22620
2026-08-28T12:55:00+05:30,13.75,15.6,13.75,13.75,130,22685
2026-08-28T13:00:00+05:30,13.75,13.75,13.75,13.75,0,22685
2026-08-28T13:05:00+05:30,13.75,18.4,13.75,14.4,2730,22685
2026-08-28T13:10:00+05:30,14.4,14.4,13.75,13.75,455,24245
2026-08-28T13:15:00+05:30,13.75,14.25,13.75,14.25,325,24570
2026-08-28T13:20:00+05:30,14.25,14.25,13.75,13.75,325,24895
2026-08-28T13:25:00+05:30,13.75,13.75,13.75,13.75,0,24895
2026-08-28T13:30:00+05:30,13.75,13.75,13.75,13.75,0,24895
2026-08-28T13:35:00+05:30,13.75,13.75,13.75,13.75,0,24895
2026-08-28T13:40:00+05:30,13.75,13.75,13.0,13.0,130,25220
2026-08-28T13:45:00+05:30,13.0,13.0,13.0,13.0,0,25220
2026-08-28T13:50:00+05:30,13.0,13.0,13.0,13.0,130,25350
2026-08-28T13:55:00+05:30,13.0,13.9,13.0,13.9,65,25480
2026-08-28T14:00:00+05:30,13.9,13.9,13.9,13.9,0,25480
2026-08-28T14:05:00+05:30,13.9,13.9,13.5,13.5,65,25545
2026-08-28T14:10:00+05:30,13.5,13.5,13.0,13.0,65,25545
2026-08-28T14:15:00+05:30,13.0,13.0,13.0,13.0,0,25545
2026-08-28T14:20:00+05:30,13.0,13.0,13.0,13.0,65,25610
2026-08-28T14:25:00+05:30,13.0,13.0,13.0,13.0,0,25610
2026-08-28T14:30:00+05:30,13.0,13.0,13.0,13.0,390,25610
2026-08-28T14:35:00+05:30,13.0,13.0,13.0,13.0,0,25610
2026-08-28T14:40:00+05:30,13.0,13.0,13.0,13.0,0,25610
2026-08-28T14:45:00+05:30,13.0,13.0,13.0,13.0,0,25610
2026-08-28T14:50:00+05:30,13.0,13.0,12.0,12.0,520,25610
2026-08-28T14:55:00+05:30,12.0,12.0,12.0,12.0,0,25610
2026-08-28T15:00:00+05:30,12.0,12.95,12.0,12.95,195,25480
2026-08-28T15:05:00+05:30,12.95,12.95,12.95,12.95,0,25480
2026-08-28T15:10:00+05:30,12.95,12.95,12.95,12.95,0,25480
2026-08-28T15:15:00+05:30,12.95,12.95,12.95,12.95,0,25480
2026-08-28T15:20:00+05:30,12.95,12.95,9.65,11.45,195,25675
2026-08-28T15:25:00+05:30,11.45,11.45,11.45,11.45,0,25675
2026-08-28T15:30:00+05:30,11.45,12.35,11.45,12.35,65,25545
2026-08-28T15:35:00+05:30,12.35,12.35,12.35,12.35,0,25545
2026-08-31T09:15:00+05:30,12.45,12.45,12.45,12.45,65,25610
2026-08-31T09:20:00+05:30,12.45,22.1,12.45,12.45,390,25545
2026-08-31T09:25:00+05:30,13.0,14.65,13.0,14.65,2210,25545
2026-08-31T09:30:00+05:30,14.65,14.65,13.3,14.2,1625,26585
2026-08-31T09:35:00+05:30,14.2,14.2,13.25,13.25,195,26455
2026-08-31T09:40:00+05:30,13.25,14.6,13.25,13.25,390,26585
2026-08-31T09:45:00+05:30,13.25,15.65,12.4,14.3,2665,25740
2026-08-31T09:50:00+05:30,14.3,14.75,13.95,14.75,1170,24830
2026-08-31T09:55:00+05:30,14.75,14.75,12.9,14.45,1040,24570
2026-08-31T10:00:00+05:30,14.45,15.3,14.45,15.3,65,24570
2026-08-31T10:05:00+05:30,15.3,15.3,13.8,14.85,390,24570
2026-08-31T10:10:00+05:30,14.85,14.85,14.85,14.85,0,24570
2026-08-31T10:15:00+05:30,14.85,16.1,14.75,14.75,195,24570
2026-08-31T10:20:00+05:30,14.8,14.8,14.8,14.8,65,24635
2026-08-31T10:25:00+05:30,14.8,15.35,14.8,14.95,325,24765
2026-08-31T10:30:00+05:30,14.95,14.95,13.85,13.85,65,24830
2026-08-31T10:35:00+05:30,13.85,15.7,13.05,15.1,520,24765
2026-08-31T10:40:00+05:30,15.1,15.1,13.15,13.15,65,24635
2026-08-31T10:45:00+05:30,13.15,13.15,13.15,13.15,0,24635
2026-08-31T10:50:00+05:30,13.15,13.15,13.15,13.15,0,24635
2026-08-31T10:55:00+05:30,13.15,13.15,13.15,13.15,0,24635
2026-08-31T11:00:00+05:30,13.15,13.15,13.15,13.15,0,24635
2026-08-31T11:05:00+05:30,13.15,15.15,13.15,15.15,65,24570
2026-08-31T11:10:00+05:30,15.15,15.75,15.15,15.75,65,24570
2026-08-31T11:15:00+05:30,15.75,15.75,15.75,15.75,0,24570
2026-08-31T11:20:00+05:30,15.75,15.8,15.1,15.1,845,25155
2026-08-31T11:25:00+05:30,15.1,15.5,14.4,14.4,910,25220
2026-08-31T11:30:00+05:30,14.4,15.35,14.35,15.0,1625,25805
2026-08-31T11:35:00+05:30,15.0,15.0,15.0,15.0,780,25220
2026-08-31T11:40:00+05:30,15.0,15.0,15.0,15.0,65,26000
2026-08-31T11:45:00+05:30,15.0,15.0,15.0,15.0,0,26000
2026-08-31T11:50:00+05:30,15.0,15.0,14.25,14.25,390,26065
2026-08-31T11:55:00+05:30,14.25,14.35,12.65,13.35,1235,26455
2026-08-31T12:00:00+05:30,13.35,14.25,13.35,14.05,1560,27365
2026-08-31T12:05:00+05:30,14.05,14.1,14.05,14.1,130,27495
2026-08-31T12:10:00+05:30,14.1,14.1,14.1,14.1,0,27495
2026-08-31T12:15:00+05:30,14.1,14.1,14.1,14.1,0,27495
2026-08-31T12:20:00+05:30,14.1,14.25,14.1,14.25,325,27625
2026-08-31T12:25:00+05:30,14.25,14.25,14.0,14.0,130,27820
2026-08-31T12:30:00+05:30,14.0,14.0,14.0,14.0,0,27820
2026-08-31T12:35:00+05:30,14.0,14.0,14.0,14.0,0,27820
2026-08-31T12:40:00+05:30,14.0,14.15,13.65,13.65,1040,28665
2026-08-31T12:45:00+05:30,13.65,13.65,13.65,13.65,65,28665
2026-08-31T12:50:00+05:30,13.65,13.65,13.65,13.65,0,28665
2026-08-31T12:55:00+05:30,13.65,13.65,13.65,13.65,65,28665
2026-08-31T13:00:00+05:30,13.65,13.75,13.65,13.75,130,28795
2026-08-31T13:05:00+05:30,13.75,13.75,13.75,13.75,0,28795
2026-08-31T13:10:00+05:30,13.75,13.75,13.75,13.75,0,28795
2026-08-31T13:15:00+05:30,13.75,13.75,13.0,13.0,715,28665
2026-08-31T13:20:00+05:30,13.0,13.05,13.0,13.05,390,28665
2026-08-31T13:25:00+05:30,13.05,13.05,13.0,13.0,130,28665
2026-08-31T13:30:00+05:30,13.0,13.0,13.0,13.0,0,28665
2026-08-31T13:35:00+05:30,13.0,13.0,13.0,13.0,0,28665
2026-08-31T13:40:00+05:30,13.0,13.0,13.0,13.0,0,28665
2026-08-31T13:45:00+05:30,13.0,13.0,12.65,12.65,65,28145
2026-08-31T13:50:00+05:30,12.65,12.65,12.65,12.65,0,28145
2026-08-31T13:55:00+05:30,12.65,12.65,12.65,12.65,0,28145
2026-08-31T14:00:00+05:30,12.65,12.65,12.65,12.65,0,28145
2026-08-31T14:05:00+05:30,12.65,14.6,12.65,14.6,130,28015
2026-08-31T14:10:00+05:30,14.6,14.6,14.6,14.6,0,28015
2026-08-31T14:15:00+05:30,14.6,14.6,14.6,14.6,130,28080
2026-08-31T14:20:00+05:30,14.6,14.6,14.6,14.6,0,28080
2026-08-31T14:25:00+05:30,14.6,14.65,14.55,14.65,455,28340
2026-08-31T14:30:00+05:30,14.65,14.65,14.65,14.65,0,28340
2026-08-31T14:35:00+05:30,14.65,14.65,14.65,14.65,0,28340
2026-08-31T14:40:00+05:30,14.65,14.65,14.65,14.65,0,28340
2026-08-31T14:45:00+05:30,14.65,14.65,12.0,12.0,2470,28080
2026-08-31T14:50:00+05:30,12.0,13.1,12.0,12.75,520,28275
2026-08-31T14:55:00+05:30,12.75,13.2,11.4,13.2,390,28275
2026-08-31T15:00:00+05:30,13.2,13.2,13.1,13.1,1430,28470
2026-08-31T15:05:00+05:30,11.3,11.3,11.3,11.3,1495,28470
2026-08-31T15:10:00+05:30,11.3,13.4,11.25,13.4,1820,29185
2026-08-31T15:15:00+05:30,13.4,13.4,13.0,13.0,390,29250
2026-08-31T15:20:00+05:30,13.0,13.1,12.55,13.1,2665,28730
2026-08-31T15:25:00+05:30,13.1,13.1,13.1,13.1,0,28730
2026-08-31T15:30:00+05:30,13.1,13.1,12.7,12.7,130,28600
2026-08-31T15:35:00+05:30,12.7,12.7,11.75,11.75,195,28470
2026-09-01T09:15:00+05:30,12.65,12.7,12.65,12.7,130,28340
2026-09-01T09:20:00+05:30,12.7,12.7,12.3,12.45,520,28470
2026-09-01T09:25:00+05:30,12.4,12.5,11.45,11.45,2600,28665
2026-09-01T09:30:00+05:30,11.45,11.6,11.0,11.4,2470,29445
2026-09-01T09:35:00+05:30,11.4,11.85,11.35,11.85,650,30485
2026-09-01T09:40:00+05:30,11.85,12.2,11.5,11.95,3250,32760
2026-09-01T09:45:00+05:30,11.95,12.65,11.95,12.15,975,32760
2026-09-01T09:50:00+05:30,12.15,12.4,12.15,12.4,390,33215
2026-09-01T09:55:00+05:30,12.4,12.75,12.4,12.75,130,33475
2026-09-01T10:00:00+05:30,12.75,12.95,12.45,12.95,1170,33605
2026-09-01T10:05:00+05:30,12.95,12.95,12.5,12.5,1105,34840
2026-09-01T10:10:00+05:30,12.5,12.55,11.6,12.0,2665,35230
2026-09-01T10:15:00+05:30,12.0,12.0,12.0,12.0,0,35230
2026-09-01T10:20:00+05:30,12.0,12.0,10.75,10.8,780,35165
2026-09-01T10:25:00+05:30,10.8,11.0,10.35,10.7,1235,35295
2026-09-01T10:30:00+05:30,10.7,10.7,10.5,10.5,65,35620
2026-09-01T10:35:00+05:30,10.5,10.5,10.5,10.5,65,35685
2026-09-01T10:40:00+05:30,10.5,10.5,10.45,10.45,390,35750
2026-09-01T10:45:00+05:30,10.45,10.45,10.4,10.4,130,35945
2026-09-01T10:50:00+05:30,10.4,10.4,9.45,10.0,195,36075
2026-09-01T10:55:00+05:30,10.0,10.0,9.2,9.2,65,36205
2026-09-01T11:00:00+05:30,9.2,10.4,9.2,10.4,910,36855
2026-09-01T11:05:00+05:30,10.4,10.4,10.0,10.0,130,37050
2026-09-01T11:10:00+05:30,10.0,10.0,9.55,9.65,2600,35490
2026-09-01T11:15:00+05:30,9.25,9.7,9.0,9.1,455,35555
2026-09-01T11:20:00+05:30,9.1,9.45,9.0,9.0,325,35685
2026-09-01T11:25:00+05:30,9.0,9.3,9.0,9.3,455,35425
2026-09-01T11:30:00+05:30,9.3,9.45,9.0,9.3,455,35555
2026-09-01T11:35:00+05:30,9.3,9.3,9.1,9.1,1495,35490
2026-09-01T11:40:00+05:30,9.1,9.25,8.9,9.25,130,35750
2026-09-01T11:45:00+05:30,9.25,9.25,9.25,9.25,0,35750
2026-09-01T11:50:00+05:30,9.25,9.65,9.25,9.65,260,35750
2026-09-01T11:55:00+05:30,9.65,9.65,9.65,9.65,0,35750
2026-09-01T12:00:00+05:30,9.65,9.65,8.9,8.9,325,36205
2026-09-01T12:05:00+05:30,8.9,9.35,8.9,8.95,715,36790
2026-09-01T12:10:00+05:30,8.95,9.4,8.95,9.4,130,36855
2026-09-01T12:15:00+05:30,9.4,9.4,9.0,9.05,195,36920
2026-09-01T12:20:00+05:30,9.05,9.4,9.0,9.4,650,36985
2026-09-01T12:25:00+05:30,9.4,9.4,9.4,9.4,0,36985
2026-09-01T12:30:00+05:30,9.4,9.4,9.4,9.4,0,36985
2026-09-01T12:35:00+05:30,9.4,9.4,9.4,9.4,0,36985
2026-09-01T12:40:00+05:30,9.4,9.4,9.3,9.3,130,37050
2026-09-01T12:45:00+05:30,9.3,9.3,9.3,9.3,0,37050
2026-09-01T12:50:00+05:30,9.3,9.3,9.05,9.05,390,37180
2026-09-01T12:55:00+05:30,9.05,9.35,9.05,9.35,130,37180
2026-09-01T13:00:00+05:30,9.35,9.4,9.35,9.4,130,37050
2026-09-01T13:05:00+05:30,9.4,10.35,9.4,10.05,13585,46475
2026-09-01T13:10:00+05:30,10.05,10.6,10.05,10.6,715,45045
2026-09-01T13:15:00+05:30,10.6,10.75,10.6,10.75,260,45110
2026-09-01T13:20:00+05:30,10.75,10.75,10.7,10.7,195,45045
2026-09-01T13:25:00+05:30,10.7,10.8,10.7,10.8,65,45110
2026-09-01T13:30:00+05:30,10.8,10.8,10.55,10.55,325,45110
2026-09-01T13:35:00+05:30,10.55,11.45,10.55,11.45,325,45110
2026-09-01T13:40:00+05:30,11.45,12.45,11.35,11.7,2405,44980
2026-09-01T13:45:00+05:30,11.7,11.95,11.7,11.8,1105,44850
2026-09-01T13:50:00+05:30,11.8,13.95,11.8,13.95,2340,44980
2026-09-01T13:55:00+05:30,13.95,14.0,13.3,13.3,975,45630
2026-09-01T14:00:00+05:30,13.3,15.65,13.3,15.65,1105,45370
2026-09-01T14:05:00+05:30,15.65,17.2,15.0,17.2,4680,45175
2026-09-01T14:10:00+05:30,17.2,17.2,15.7,16.85,11050,38675
2026-09-01T14:15:00+05:30,16.85,17.35,16.65,16.95,1820,39780
2026-09-01T14:20:00+05:30,16.95,18.25,16.95,18.2,520,39650
2026-09-01T14:25:00+05:30,18.2,18.2,16.6,16.6,2730,41795
2026-09-01T14:30:00+05:30,16.6,16.6,15.6,15.75,2730,41405
2026-09-01T14:35:00+05:30,15.75,16.75,15.75,16.75,390,41340
2026-09-01T14:40:00+05:30,16.75,17.1,16.75,17.1,260,41600
2026-09-01T14:45:00+05:30,17.1,17.1,16.45,16.6,975,41600
2026-09-01T14:50:00+05:30,16.6,16.6,16.6,16.6,0,41600
2026-09-01T14:55:00+05:30,16.6,16.6,15.2,15.55,585,41860
2026-09-01T15:00:00+05:30,15.55,17.4,15.55,17.4,11505,49595
2026-09-01T15:05:00+05:30,17.4,17.75,16.7,17.75,20280,67275
2026-09-01T15:10:00+05:30,17.75,17.95,17.45,17.8,20735,85150
2026-09-01T15:15:00+05:30,17.75,18.0,17.7,18.0,17355,102505
2026-09-01T15:20:00+05:30,18.0,18.0,16.95,16.95,18265,120185
2026-09-01T15:25:00+05:30,17.0,17.0,15.65,15.65,19630,138645
2026-09-01T15:30:00+05:30,15.55,16.25,15.35,15.75,20475,156650
2026-09-01T15:35:00+05:30,15.75,16.55,15.75,16.05,25350,175955
2026-09-02T09:15:00+05:30,23.4,28.55,23.4,25.5,73125,172705
2026-09-02T09:20:00+05:30,25.6,29.4,24.9,28.0,31330,176215
2026-09-02T09:25:00+05:30,28.0,28.0,25.75,26.7,9230,178360
2026-09-02T09:30:00+05:30,26.55,27.3,24.85,24.85,20475,179075
2026-09-02T09:35:00+05:30,24.85,26.25,24.55,26.1,4810,179530
2026-09-02T09:40:00+05:30,26.3,26.3,24.95,25.3,6955,179725
2026-09-02T09:45:00+05:30,25.55,26.7,25.4,25.75,10465,180050
2026-09-02T09:50:00+05:30,25.8,26.1,24.5,26.0,13520,175630
2026-09-02T09:55:00+05:30,26.0,26.25,24.05,24.3,10595,175695
2026-09-02T10:00:00+05:30,24.3,24.7,23.8,24.1,11570,176410
2026-09-02T10:05:00+05:30,24.1,24.5,23.3,24.45,3640,175175
2026-09-02T10:10:00+05:30,24.45,24.8,23.1,23.6,5200,173940
2026-09-02T10:15:00+05:30,23.95,24.15,23.35,23.4,4095,172705
2026-09-02T10:20:00+05:30,23.4,23.4,21.9,22.25,10010,172315
2026-09-02T10:25:00+05:30,22.25,22.3,21.6,21.6,8905,173745
2026-09-02T10:30:00+05:30,21.6,21.9,21.05,21.9,8580,175435
2026-09-02T10:35:00+05:30,21.9,23.05,21.9,23.05,3705,174915
2026-09-02T10:40:00+05:30,23.05,23.45,22.85,23.45,5070,173615
2026-09-02T10:45:00+05:30,23.45,23.75,23.05,23.15,5785,171275
2026-09-02T10:50:00+05:30,23.15,24.7,22.75,23.35,13520,170300
2026-09-02T10:55:00+05:30,23.35,23.55,22.75,22.85,2210,170885
2026-09-02T11:00:00+05:30,22.85,23.65,22.85,23.65,1365,170950
2026-09-02T11:05:00+05:30,23.65,25.55,23.65,25.2,1560,170820
2026-09-02T11:10:00+05:30,25.2,25.45,25.2,25.4,325,170690
2026-09-02T11:15:00+05:30,25.4,25.4,24.3,24.9,2275,170495
2026-09-02T11:20:00+05:30,24.75,25.3,24.4,25.3,3250,170755
2026-09-02T11:25:00+05:30,25.3,25.4,25.05,25.4,455,170755
2026-09-02T11:30:00+05:30,25.4,26.25,25.4,26.25,2340,170755
2026-09-02T11:35:00+05:30,26.25,26.25,25.3,25.3,585,170820
2026-09-02T11:40:00+05:30,25.3,26.3,25.3,26.05,2665,170365
2026-09-02T11:45:00+05:30,26.05,26.4,26.05,26.2,585,170365
2026-09-02T11:50:00+05:30,26.2,26.2,25.1,25.1,1690,171275
2026-09-02T11:55:00+05:30,25.1,26.55,24.1,26.1,6110,171470
2026-09-02T12:00:00+05:30,26.1,27.35,26.1,27.35,3445,171730
2026-09-02T12:05:00+05:30,27.35,27.35,26.65,26.8,4550,171275
2026-09-02T12:10:00+05:30,26.8,26.8,23.9,24.3,5005,169585
2026-09-02T12:15:00+05:30,24.3,24.8,23.5,24.8,4160,169520
2026-09-02T12:20:00+05:30,24.8,25.4,24.65,24.75,2210,169130
2026-09-02T12:25:00+05:30,24.75,24.8,23.9,23.9,6825,169195
2026-09-02T12:30:00+05:30,23.6,23.6,21.9,22.85,1040,168870
2026-09-02T12:35:00+05:30,22.85,23.3,22.85,23.1,1365,168740
2026-09-02T12:40:00+05:30,23.1,23.1,21.8,21.8,1820,169390
2026-09-02T12:45:00+05:30,21.8,23.0,21.8,22.4,2600,169780
2026-09-02T12:50:00+05:30,22.4,22.55,22.0,22.2,4485,171340
2026-09-02T12:55:00+05:30,22.35,22.45,21.8,21.8,1690,171600
2026-09-02T13:00:00+05:30,21.8,21.95,21.3,21.55,5005,173355
2026-09-02T13:05:00+05:30,21.55,22.9,21.55,22.65,715,172835
2026-09-02T13:10:00+05:30,22.65,22.85,21.35,21.35,3185,172835
2026-09-02T13:15:00+05:30,21.35,21.8,21.35,21.8,325,172900
2026-09-02T13:20:00+05:30,21.8,21.8,21.7,21.7,65,172900
2026-09-02T13:25:00+05:30,21.7,21.7,21.2,21.6,260,172965
2026-09-02T13:30:00+05:30,21.6,21.6,21.6,21.6,0,172965
2026-09-02T13:35:00+05:30,21.6,21.6,21.2,21.35,390,173160
2026-09-02T13:40:00+05:30,21.35,22.25,21.35,22.05,195,173225
2026-09-02T13:45:00+05:30,22.05,22.2,21.85,22.05,520,173095
2026-09-02T13:50:00+05:30,22.05,23.0,22.05,22.4,455,172900
2026-09-02T13:55:00+05:30,22.4,22.4,21.55,21.55,65,172770
2026-09-02T14:00:00+05:30,21.55,21.55,20.7,20.7,390,172770
2026-09-02T14:05:00+05:30,20.7,21.85,20.45,20.55,1365,172380
2026-09-02T14:10:00+05:30,20.55,20.9,20.5,20.75,2860,172380
2026-09-02T14:15:00+05:30,20.75,21.85,20.75,21.85,260,172575
2026-09-02T14:20:00+05:30,21.85,22.5,21.75,22.5,2795,173810
2026-09-02T14:25:00+05:30,22.5,22.7,21.35,21.7,3575,174460
2026-09-02T14:30:00+05:30,21.7,21.7,20.35,20.7,780,175760
2026-09-02T14:35:00+05:30,20.7,20.85,20.4,20.45,6435,175500
2026-09-02T14:40:00+05:30,20.45,21.7,20.45,21.6,1105,175500
2026-09-02T14:45:00+05:30,21.6,22.1,21.4,21.85,1170,175370
2026-09-02T14:50:00+05:30,21.85,21.85,20.8,21.75,1755,176280
2026-09-02T14:55:00+05:30,21.75,22.55,21.55,21.55,1040,176475
2026-09-02T15:00:00+05:30,21.55,23.0,21.55,22.65,16055,165360
2026-09-02T15:05:00+05:30,22.85,23.0,21.2,21.35,35685,156000
2026-09-02T15:10:00+05:30,21.35,21.5,20.25,20.85,23920,145340
2026-09-02T15:15:00+05:30,20.75,21.15,20.3,20.8,28015,137215
2026-09-02T15:20:00+05:30,20.8,20.8,19.7,20.15,31395,126815
2026-09-02T15:25:00+05:30,20.45,20.55,19.25,19.75,29380,112515
2026-09-02T15:30:00+05:30,19.7,20.8,19.65,20.6,32305,109265
2026-09-02T15:35:00+05:30,21.0,21.05,19.25,19.25,33800,113555
2026-09-03T09:15:00+05:30,20.5,20.5,11.75,12.6,30550,106665
2026-09-03T09:20:00+05:30,12.6,13.05,11.95,13.05,13780,102895
2026-09-03T09:25:00+05:30,13.05,13.15,12.4,12.4,4615,102635
2026-09-03T09:30:00+05:30,12.4,12.4,12.0,12.1,17030,95160
2026-09-03T09:35:00+05:30,12.0,12.2,11.75,11.75,7800,94835
2026-09-03T09:40:00+05:30,11.75,11.75,11.45,11.6,7150,93015
2026-09-03T09:45:00+05:30,11.6,11.85,11.6,11.7,4875,91195
2026-09-03T09:50:00+05:30,11.8,12.1,11.8,12.1,5525,90350
2026-09-03T09:55:00+05:30,12.0,12.05,11.9,11.9,1950,88335
2026-09-03T10:00:00+05:30,11.9,11.95,11.8,11.8,260,88075
2026-09-03T10:05:00+05:30,11.8,11.85,11.65,11.75,1170,88205
2026-09-03T10:10:00+05:30,11.75,11.8,11.6,11.8,1300,87620
2026-09-03T10:15:00+05:30,11.8,12.05,11.8,12.05,2340,87100
2026-09-03T10:20:00+05:30,12.05,12.05,12.0,12.0,390,86775
2026-09-03T10:25:00+05:30,12.0,12.1,12.0,12.05,2925,85735
2026-09-03T10:30:00+05:30,12.05,12.2,11.95,12.05,2990,86710
2026-09-03T10:35:00+05:30,12.05,12.5,12.05,12.4,4875,87035
2026-09-03T10:40:00+05:30,12.4,13.2,12.4,12.75,11700,87880
2026-09-03T10:45:00+05:30,12.7,12.8,12.4,12.4,8125,87100
2026-09-03T10:50:00+05:30,12.4,13.05,12.4,13.05,2860,88855
2026-09-03T10:55:00+05:30,13.1,13.4,12.9,12.95,2860,90545
2026-09-03T11:00:00+05:30,12.9,13.0,12.9,12.9,975,90285
2026-09-03T11:05:00+05:30,13.05,13.85,13.05,13.85,5070,88985
2026-09-03T11:10:00+05:30,13.85,14.1,13.75,14.1,1755,89115
2026-09-03T11:15:00+05:30,14.1,14.95,13.5,13.5,3120,88725
2026-09-03T11:20:00+05:30,13.5,13.5,13.05,13.05,1690,88855
2026-09-03T11:25:00+05:30,13.05,13.05,12.65,12.7,1950,88010
2026-09-03T11:30:00+05:30,12.7,12.7,12.15,12.3,4095,88660
2026-09-03T11:35:00+05:30,12.3,12.3,11.9,12.1,1820,87815
2026-09-03T11:40:00+05:30,12.1,12.7,12.1,12.55,455,87945
2026-09-03T11:45:00+05:30,12.55,12.9,12.35,12.5,2535,88075
2026-09-03T11:50:00+05:30,12.5,12.8,12.5,12.55,845,88270
2026-09-03T11:55:00+05:30,12.55,13.4,12.55,13.2,4745,88855
2026-09-03T12:00:00+05:30,13.2,14.2,13.2,14.0,7215,90870
2026-09-03T12:05:00+05:30,14.0,14.4,13.9,14.3,1105,92755
2026-09-03T12:10:00+05:30,14.3,14.35,13.95,14.05,455,92495
2026-09-03T12:15:00+05:30,14.05,15.3,14.05,14.7,2925,91195
2026-09-03T12:20:00+05:30,14.7,15.3,14.7,15.15,1235,91585
2026-09-03T12:25:00+05:30,15.15,15.15,14.4,14.8,4745,90220
2026-09-03T12:30:00+05:30,14.8,14.8,14.4,14.7,1950,90545
2026-09-03T12:35:00+05:30,14.7,14.95,14.25,14.3,2990,90220
2026-09-03T12:40:00+05:30,14.3,15.1,14.3,14.9,1365,89960
2026-09-03T12:45:00+05:30,14.9,14.9,14.65,14.65,1560,89115
2026-09-03T12:50:00+05:30,14.65,14.75,14.0,14.0,3965,88855
2026-09-03T12:55:00+05:30,14.0,14.75,14.0,14.5,1625,88725
2026-09-03T13:00:00+05:30,14.5,14.65,14.45,14.45,520,88465
2026-09-03T13:05:00+05:30,14.45,14.45,14.05,14.3,520,88075
2026-09-03T13:10:00+05:30,14.3,14.3,13.5,13.75,2015,88465
2026-09-03T13:15:00+05:30,13.75,13.95,13.1,13.15,2210,87620
2026-09-03T13:20:00+05:30,13.15,14.35,13.15,14.35,1040,87360
2026-09-03T13:25:00+05:30,14.35,15.0,14.35,14.4,1625,87360
2026-09-03T13:30:00+05:30,14.4,14.4,13.15,13.15,1690,86970
2026-09-03T13:35:00+05:30,13.15,14.35,13.15,14.35,845,87230
2026-09-03T13:40:00+05:30,14.35,14.45,14.3,14.45,195,87035
2026-09-03T13:45:00+05:30,14.45,14.75,14.05,14.05,715,87425
2026-09-03T13:50:00+05:30,13.95,14.2,13.65,14.2,2665,87815
2026-09-03T13:55:00+05:30,14.2,14.2,13.3,13.3,1430,88205
2026-09-03T14:00:00+05:30,13.3,13.45,13.05,13.2,2145,88400
2026-09-03T14:05:00+05:30,13.2,13.35,13.2,13.35,585,88010
2026-09-03T14:10:00+05:30,13.35,13.35,13.05,13.2,455,88010
2026-09-03T14:15:00+05:30,13.2,13.45,13.1,13.1,1105,88270
2026-09-03T14:20:00+05:30,13.1,13.15,12.85,13.15,1430,88790
2026-09-03T14:25:00+05:30,13.15,13.25,12.8,12.8,2860,88920
2026-09-03T14:30:00+05:30,12.8,13.05,12.8,12.85,4290,92105
2026-09-03T14:35:00+05:30,12.85,13.1,12.85,13.1,1430,92170
2026-09-03T14:40:00+05:30,13.1,13.45,13.1,13.35,390,93145
2026-09-03T14:45:00+05:30,13.35,13.35,13.05,13.05,1950,93730
2026-09-03T14:50:00+05:30,13.05,13.1,12.9,12.95,3705,95420
2026-09-03T14:55:00+05:30,12.95,13.9,12.95,13.55,3445,96850
2026-09-03T15:00:00+05:30,13.65,13.75,13.0,13.5,3835,98280
2026-09-03T15:05:00+05:30,13.5,13.55,13.1,13.1,3640,99515
2026-09-03T15:10:00+05:30,13.1,13.1,12.3,12.45,8710,101855
2026-09-03T15:15:00+05:30,12.45,12.6,12.4,12.45,4745,102830
2026-09-03T15:20:00+05:30,12.45,12.95,12.25,12.7,6825,102505
2026-09-03T15:25:00+05:30,12.7,13.7,12.7,13.4,13000,101595
2026-09-03T15:30:00+05:30,13.4,13.55,12.95,13.5,12285,107770
2026-09-03T15:35:00+05:30,13.5,14.9,13.5,14.45,17810,111085
2026-09-04T09:15:00+05:30,10.9,11.95,10.3,10.35,22685,113230
2026-09-04T09:20:00+05:30,10.25,10.9,10.15,10.65,9555,108550
2026-09-04T09:25:00+05:30,10.65,10.95,10.45,10.6,5785,107900
2026-09-04T09:30:00+05:30,10.65,10.85,10.2,10.25,7735,112645
2026-09-04T09:35:00+05:30,10.55,10.75,10.4,10.6,4875,114855
2026-09-04T09:40:00+05:30,10.5,10.65,10.25,10.4,5070,114790
2026-09-04T09:45:00+05:30,10.4,10.4,9.85,10.05,14170,118495
2026-09-04T09:50:00+05:30,10.15,10.15,9.55,9.65,13325,117065
2026-09-04T09:55:00+05:30,9.55,9.6,9.45,9.6,6370,121615
2026-09-04T10:00:00+05:30,9.6,9.65,9.35,9.4,9555,126880
2026-09-04T10:05:00+05:30,9.4,9.7,9.4,9.7,3380,125710
2026-09-04T10:10:00+05:30,9.7,9.95,9.7,9.95,2990,124930
2026-09-04T10:15:00+05:30,9.95,10.0,9.55,9.7,7930,121095
2026-09-04T10:20:00+05:30,9.7,9.8,9.65,9.65,1040,120965
2026-09-04T10:25:00+05:30,9.65,9.65,9.2,9.2,585,121030
2026-09-04T10:30:00+05:30,9.05,9.15,9.05,9.1,1755,120445
2026-09-04T10:35:00+05:30,9.1,9.35,9.1,9.3,1105,120835
2026-09-04T10:40:00+05:30,9.3,9.6,9.3,9.55,1625,121810
2026-09-04T10:45:00+05:30,9.55,9.55,9.4,9.4,1040,122590
2026-09-04T10:50:00+05:30,9.4,9.5,9.4,9.5,195,122590
2026-09-04T10:55:00+05:30,9.5,9.5,9.4,9.5,1430,122070
2026-09-04T11:00:00+05:30,9.5,9.6,9.4,9.5,1625,122135
2026-09-04T11:05:00+05:30,9.5,9.65,9.45,9.45,2600,123890
2026-09-04T11:10:00+05:30,9.45,9.5,9.25,9.5,5655,126035
2026-09-04T11:15:00+05:30,9.5,9.5,9.3,9.3,780,125515
2026-09-04T11:20:00+05:30,9.3,9.3,9.25,9.25,650,125125
2026-09-04T11:25:00+05:30,9.35,9.4,9.25,9.25,2340,124930
2026-09-04T11:30:00+05:30,9.25,9.25,9.0,9.1,6760,124735
2026-09-04T11:35:00+05:30,9.1,9.35,9.1,9.3,8320,127920
2026-09-04T11:40:00+05:30,9.3,9.35,9.15,9.3,975,128180
2026-09-04T11:45:00+05:30,9.3,9.3,9.15,9.2,5005,130585
2026-09-04T11:50:00+05:30,9.2,9.2,9.2,9.2,325,130325
2026-09-04T11:55:00+05:30,9.2,9.2,9.2,9.2,0,130325
2026-09-04T12:00:00+05:30,9.2,9.4,9.2,9.4,520,130000
2026-09-04T12:05:00+05:30,9.45,9.5,9.45,9.45,780,130065
2026-09-04T12:10:00+05:30,9.4,9.55,9.4,9.55,325,130520
2026-09-04T12:15:00+05:30,9.55,9.65,9.5,9.5,260,130325
2026-09-04T12:20:00+05:30,9.5,9.65,9.5,9.65,3315,130455
2026-09-04T12:25:00+05:30,9.8,9.8,9.45,9.45,975,132145
2026-09-04T12:30:00+05:30,9.5,9.5,9.35,9.45,2145,131690
2026-09-04T12:35:00+05:30,9.45,9.45,9.35,9.45,2405,132925
2026-09-04T12:40:00+05:30,9.45,9.45,9.25,9.25,325,132925
2026-09-04T12:45:00+05:30,9.25,9.35,9.1,9.1,390,133055
2026-09-04T12:50:00+05:30,9.1,9.2,8.75,8.75,7410,134615
2026-09-04T12:55:00+05:30,8.75,9.2,8.75,9.0,2665,132145
2026-09-04T13:00:00+05:30,9.0,9.0,8.85,8.85,325,132015
2026-09-04T13:05:00+05:30,8.85,9.05,8.85,8.95,3510,130585
2026-09-04T13:10:00+05:30,8.95,8.95,8.55,8.7,585,130325
2026-09-04T13:15:00+05:30,8.7,8.7,8.4,8.4,1300,129480
2026-09-04T13:20:00+05:30,8.4,8.55,8.4,8.4,520,129480
2026-09-04T13:25:00+05:30,8.4,8.55,8.4,8.55,1365,129610
2026-09-04T13:30:00+05:30,8.55,8.7,8.55,8.7,2600,128830
2026-09-04T13:35:00+05:30,8.7,8.7,8.5,8.5,975,128895
2026-09-04T13:40:00+05:30,8.5,8.8,8.4,8.7,10335,128635
2026-09-04T13:45:00+05:30,8.7,8.7,8.35,8.4,585,127010
2026-09-04T13:50:00+05:30,8.4,8.65,8.4,8.65,4225,126035
2026-09-04T13:55:00+05:30,8.65,8.75,8.55,8.7,5200,122200
2026-09-04T14:00:00+05:30,8.7,8.7,8.65,8.65,1625,122005
2026-09-04T14:05:00+05:30,8.65,8.65,8.4,8.4,1235,121485
2026-09-04T14:10:00+05:30,8.35,8.45,8.35,8.45,2340,121225
2026-09-04T14:15:00+05:30,8.45,8.45,8.35,8.45,130,122135
2026-09-04T14:20:00+05:30,8.45,8.45,8.3,8.3,195,122200
2026-09-04T14:25:00+05:30,8.3,8.3,7.95,7.95,4420,122265
2026-09-04T14:30:00+05:30,8.05,8.05,7.85,8.0,8970,121160
2026-09-04T14:35:00+05:30,8.0,8.45,8.0,8.35,6955,117520
2026-09-04T14:40:00+05:30,8.4,8.5,8.25,8.3,2340,117325
2026-09-04T14:45:00+05:30,8.3,8.3,8.1,8.1,2795,117195
2026-09-04T14:50:00+05:30,8.1,8.25,8.1,8.2,3445,119405
2026-09-04T14:55:00+05:30,8.2,8.2,8.05,8.05,325,119535
2026-09-04T15:00:00+05:30,8.05,8.45,8.05,8.45,3250,119665
2026-09-04T15:05:00+05:30,8.45,8.5,8.25,8.25,14820,120315
2026-09-04T15:10:00+05:30,8.25,8.4,8.15,8.25,11050,117195
2026-09-04T15:15:00+05:30,8.25,8.25,7.95,7.95,9945,115765
2026-09-04T15:20:00+05:30,8.05,8.45,7.65,7.7,37505,124345
2026-09-04T15:25:00+05:30,7.8,7.9,7.4,7.65,18330,120575
2026-09-04T15:30:00+05:30,7.6,7.8,7.35,7.7,29185,119925
2026-09-04T15:35:00+05:30,7.7,8.0,7.55,7.8,33800,124995
2026-09-07T09:15:00+05:30,9.75,9.75,7.3,7.6,46865,119990
2026-09-07T09:20:00+05:30,7.6,7.85,7.4,7.8,34645,129025
2026-09-07T09:25:00+05:30,7.85,8.2,7.75,8.2,34580,125840
2026-09-07T09:30:00+05:30,8.1,8.2,7.8,7.95,10075,127205
2026-09-07T09:35:00+05:30,7.95,8.05,7.55,7.6,20865,131820
2026-09-07T09:40:00+05:30,7.7,7.9,7.6,7.85,14950,138125
2026-09-07T09:45:00+05:30,7.85,8.1,7.8,7.95,10790,139425
2026-09-07T09:50:00+05:30,7.95,8.25,7.9,8.15,18525,157170
2026-09-07T09:55:00+05:30,8.15,8.4,8.0,8.15,13325,164060
2026-09-07T10:00:00+05:30,8.15,8.25,8.1,8.25,4420,163995
2026-09-07T10:05:00+05:30,8.25,8.7,8.25,8.7,18265,165165
2026-09-07T10:10:00+05:30,8.7,8.95,8.6,8.95,3640,165750
2026-09-07T10:15:00+05:30,8.95,9.9,8.95,9.9,17160,167440
2026-09-07T10:20:00+05:30,9.85,10.0,9.3,9.35,6695,167440
2026-09-07T10:25:00+05:30,9.35,9.55,9.35,9.45,20150,161135
2026-09-07T10:30:00+05:30,9.45,9.55,9.45,9.55,8190,156390
2026-09-07T10:35:00+05:30,9.55,9.7,9.5,9.55,9230,154375
2026-09-07T10:40:00+05:30,9.55,9.75,9.55,9.55,7280,157885
2026-09-07T10:45:00+05:30,9.55,9.95,9.55,9.85,14820,157560
2026-09-07T10:50:00+05:30,9.85,10.15,9.85,10.15,4550,158340
2026-09-07T10:55:00+05:30,10.15,10.25,10.0,10.0,2730,157170
2026-09-07T11:00:00+05:30,10.0,11.1,10.0,11.1,2730,156910
2026-09-07T11:05:00+05:30,11.1,11.3,10.75,11.1,3445,157430
2026-09-07T11:10:00+05:30,11.1,11.55,10.95,11.3,6045,157300
2026-09-07T11:15:00+05:30,11.2,11.4,11.05,11.2,5980,158015
2026-09-07T11:20:00+05:30,11.2,11.2,10.75,11.0,5135,159900
2026-09-07T11:25:00+05:30,11.0,11.25,11.0,11.15,4030,161330
2026-09-07T11:30:00+05:30,11.15,11.25,11.0,11.2,2990,162435
2026-09-07T11:35:00+05:30,11.2,11.5,11.2,11.5,3965,164580
2026-09-07T11:40:00+05:30,11.5,11.9,11.1,11.1,9555,166335
2026-09-07T11:45:00+05:30,11.1,11.6,10.85,11.45,16965,178945
2026-09-07T11:50:00+05:30,11.45,11.45,10.45,10.55,4940,178620
2026-09-07T11:55:00+05:30,10.55,10.65,10.55,10.65,1300,179335
2026-09-07T12:00:00+05:30,10.65,10.75,10.55,10.55,1690,179075
2026-09-07T12:05:00+05:30,10.55,10.65,9.9,9.9,5460,178685
2026-09-07T12:10:00+05:30,9.9,10.1,9.85,9.9,1755,179400
2026-09-07T12:15:00+05:30,9.9,10.7,9.85,10.7,1885,179530
2026-09-07T12:20:00+05:30,10.7,11.3,10.7,11.15,1690,179465
2026-09-07T12:25:00+05:30,11.15,11.45,11.0,11.4,6630,178360
2026-09-07T12:30:00+05:30,11.45,11.9,11.45,11.5,6565,176865
2026-09-07T12:35:00+05:30,11.5,11.75,11.3,11.45,11505,176865
2026-09-07T12:40:00+05:30,11.45,11.65,11.45,11.55,845,177515
2026-09-07T12:45:00+05:30,11.55,12.15,11.55,12.1,5070,178815
2026-09-07T12:50:00+05:30,12.1,12.85,12.1,12.65,18915,184665
2026-09-07T12:55:00+05:30,12.65,12.85,12.2,12.25,6110,185705
2026-09-07T13:00:00+05:30,12.25,12.35,11.85,12.15,6175,185055
2026-09-07T13:05:00+05:30,12.15,12.2,11.65,11.9,7800,186420
2026-09-07T13:10:00+05:30,11.85,12.1,11.75,11.95,8385,184665
2026-09-07T13:15:00+05:30,11.95,12.3,11.95,12.3,16055,189475
2026-09-07T13:20:00+05:30,12.3,12.3,11.75,11.9,1300,190775
2026-09-07T13:25:00+05:30,11.9,11.9,11.5,11.75,1170,191100
2026-09-07T13:30:00+05:30,11.75,12.15,11.75,11.85,845,191100
2026-09-07T13:35:00+05:30,11.85,11.95,11.4,11.45,1885,190515
2026-09-07T13:40:00+05:30,11.45,11.7,11.45,11.5,2990,190450
2026-09-07T13:45:00+05:30,11.5,11.55,11.0,11.0,8320,191100
2026-09-07T13:50:00+05:30,11.0,11.0,9.9,10.1,11570,191685
2026-09-07T13:55:00+05:30,10.2,10.25,10.0,10.15,103740,268970
2026-09-07T14:00:00+05:30,10.25,10.25,9.75,9.9,91260,283530
2026-09-07T14:05:00+05:30,9.8,10.15,9.8,10.05,35555,315510
2026-09-07T14:10:00+05:30,10.05,10.1,9.95,9.95,4095,315965
2026-09-07T14:15:00+05:30,9.95,10.35,9.8,10.35,12870,318175
2026-09-07T14:20:00+05:30,10.35,10.35,10.0,10.0,11700,318305
2026-09-07T14:25:00+05:30,9.95,10.05,9.85,10.0,17290,322205
2026-09-07T14:30:00+05:30,10.0,10.5,9.9,10.45,7345,323830
2026-09-07T14:35:00+05:30,10.45,10.6,10.35,10.6,2275,325130
2026-09-07T14:40:00+05:30,10.75,11.0,10.75,11.0,7605,325780
2026-09-07T14:45:00+05:30,11.0,11.1,10.9,11.0,11505,330850
2026-09-07T14:50:00+05:30,11.05,11.15,10.6,11.1,14560,333840
2026-09-07T14:55:00+05:30,11.1,11.1,10.9,11.0,3900,335725
2026-09-07T15:00:00+05:30,11.1,11.1,10.35,10.6,17485,336505
2026-09-07T15:05:00+05:30,10.6,10.95,10.6,10.9,26195,341575
2026-09-07T15:10:00+05:30,10.9,11.0,10.0,10.1,41730,345735
2026-09-07T15:15:00+05:30,10.1,10.95,10.0,10.85,50700,347685
2026-09-07T15:20:00+05:30,10.85,11.05,10.35,10.5,38285,347880
2026-09-07T15:25:00+05:30,10.45,10.55,10.05,10.25,48620,345085
2026-09-07T15:30:00+05:30,10.15,10.55,10.05,10.55,45565,351130
2026-09-07T15:35:00+05:30,10.55,11.7,10.45,11.15,71890,364715
2026-09-08T09:15:00+05:30,13.4,13.4,11.1,12.35,64675,358930
2026-09-08T09:20:00+05:30,12.4,13.7,12.2,13.65,46995,370370
2026-09-08T09:25:00+05:30,13.7,13.9,13.35,13.9,32760,380315
2026-09-08T09:30:00+05:30,13.9,13.9,13.3,13.6,40040,399685
2026-09-08T09:35:00+05:30,13.4,13.5,12.35,12.7,28080,409955
2026-09-08T09:40:00+05:30,12.75,13.4,12.65,13.4,23205,413075
2026-09-08T09:45:00+05:30,13.4,13.4,12.5,12.65,17550,417235
2026-09-08T09:50:00+05:30,12.55,13.2,12.35,13.1,13195,418470
2026-09-08T09:55:00+05:30,13.1,13.65,13.0,13.55,17680,422175
2026-09-08T10:00:00+05:30,13.45,14.0,13.15,13.85,43745,432445
2026-09-08T10:05:00+05:30,14.0,14.15,12.45,12.6,15795,431730
2026-09-08T10:10:00+05:30,12.6,12.75,11.0,11.05,31265,423280
2026-09-08T10:15:00+05:30,10.95,11.7,10.7,11.1,35490,431080
2026-09-08T10:20:00+05:30,11.25,11.65,11.15,11.65,15405,434460
2026-09-08T10:25:00+05:30,11.6,11.9,11.5,11.7,26910,439465
2026-09-08T10:30:00+05:30,11.75,11.85,11.55,11.55,17095,439790
2026-09-08T10:35:00+05:30,11.65,12.2,11.65,12.2,21515,442715
2026-09-08T10:40:00+05:30,12.3,12.5,12.15,12.5,11180,443560
2026-09-08T10:45:00+05:30,12.5,12.5,11.5,11.85,9880,443300
2026-09-08T10:50:00+05:30,11.8,11.8,11.3,11.65,11765,446680
2026-09-08T10:55:00+05:30,11.65,11.95,11.4,11.8,16770,450320
2026-09-08T11:00:00+05:30,11.85,12.15,11.85,12.15,13520,450060
2026-09-08T11:05:00+05:30,12.15,12.2,11.45,11.55,7020,449410
2026-09-08T11:10:00+05:30,11.45,11.8,11.45,11.6,2340,449800
2026-09-08T11:15:00+05:30,11.65,11.65,11.15,11.25,8840,451750
2026-09-08T11:20:00+05:30,11.3,11.55,11.25,11.5,3510,451685
2026-09-08T11:25:00+05:30,11.45,11.5,11.1,11.4,9490,456040
2026-09-08T11:30:00+05:30,11.25,11.8,11.25,11.7,7215,454675
2026-09-08T11:35:00+05:30,11.2,11.8,11.2,11.8,12415,453635
2026-09-08T11:40:00+05:30,11.95,12.05,11.65,11.9,6890,457340
2026-09-08T11:45:00+05:30,12.0,12.55,11.95,12.55,6370,457470
2026-09-08T11:50:00+05:30,12.55,13.1,12.15,12.4,17290,456235
2026-09-08T11:55:00+05:30,12.3,12.9,12.3,12.7,13975,458965
2026-09-08T12:00:00+05:30,12.9,13.25,12.65,13.1,28080,463840
2026-09-08T12:05:00+05:30,13.2,14.1,13.2,13.85,14040,461435
2026-09-08T12:10:00+05:30,14.1,14.1,13.15,13.45,12675,463190
2026-09-08T12:15:00+05:30,13.5,14.15,13.5,13.85,39195,469625
2026-09-08T12:20:00+05:30,13.85,14.05,12.85,12.95,33540,466765
2026-09-08T12:25:00+05:30,12.95,13.45,12.65,13.05,9230,464945
2026-09-08T12:30:00+05:30,12.95,13.05,12.2,12.9,35685,462670
2026-09-08T12:35:00+05:30,12.85,12.85,11.95,12.4,22555,470470
2026-09-08T12:40:00+05:30,12.35,13.2,12.25,13.1,7995,471055
2026-09-08T12:45:00+05:30,13.3,13.5,13.05,13.05,9295,468520
2026-09-08T12:50:00+05:30,13.2,13.25,12.85,13.05,27300,469170
2026-09-08T12:55:00+05:30,12.7,12.8,12.55,12.8,5525,469495
2026-09-08T13:00:00+05:30,12.8,13.25,12.65,13.15,1755,469105
2026-09-08T13:05:00+05:30,13.4,13.6,13.1,13.35,7345,468455
2026-09-08T13:10:00+05:30,13.35,13.55,13.0,13.2,9100,471250
2026-09-08T13:15:00+05:30,13.05,13.4,12.95,13.3,8710,472745
2026-09-08T13:20:00+05:30,13.4,13.4,13.1,13.2,13260,480545
2026-09-08T13:25:00+05:30,13.2,13.5,13.15,13.5,22360,484835
2026-09-08T13:30:00+05:30,13.5,14.3,13.5,14.1,13520,484055
2026-09-08T13:35:00+05:30,13.9,13.95,13.45,13.9,5200,485095
2026-09-08T13:40:00+05:30,13.9,14.25,13.85,14.0,26520,488345
2026-09-08T13:45:00+05:30,14.0,14.3,13.6,13.6,8125,488670
2026-09-09T09:15:00+05:30,16.85,25.25,16.85,24.45,1902160,968045
2026-09-09T09:20:00+05:30,24.4,24.8,23,23.4,599430,1089985
2026-09-09T09:25:00+05:30,23.5,23.95,22.25,23.85,370630,1153490
2026-09-09T09:30:00+05:30,23.5,23.65,22.15,22.2,436540,1337180
2026-09-09T09:35:00+05:30,22.25,23.4,20.8,20.8,421460,1407965
2026-09-09T09:40:00+05:30,21.15,21.65,20.5,21.25,280540,1444430
2026-09-09T09:45:00+05:30,21.25,23.3,21.25,23.25,330850,1437930
2026-09-09T09:50:00+05:30,23.3,23.95,22.7,23.15,360360,1479725
2026-09-09T09:55:00+05:30,23.1,24.45,23.1,23.75,326560,1479010
2026-09-09T10:00:00+05:30,24.35,25.6,24.3,25.15,591110,1522105
2026-09-09T10:05:00+05:30,24.75,26,24.65,25.55,311935,1497080
2026-09-09T10:10:00+05:30,25.35,26.6,24.05,24.7,464295,1538160
2026-09-09T10:15:00+05:30,24.4,24.75,21.2,21.2,459875,1581970
2026-09-09T10:20:00+05:30,21.5,21.5,19.15,19.8,712725,1721980
2026-09-09T10:25:00+05:30,19.85,20.7,19.65,20.2,416780,1677390
2026-09-09T10:30:00+05:30,19.85,21.45,19.35,21.45,359905,1675960
2026-09-09T10:35:00+05:30,21.4,22.25,21.2,22.1,344630,1665170
2026-09-09T10:40:00+05:30,22,22.6,21.6,21.6,265070,1659840
2026-09-09T10:45:00+05:30,21.6,21.6,20.6,20.7,168805,1653015
2026-09-09T10:50:00+05:30,20.85,21.65,20.6,20.6,255450,1673360
2026-09-09T10:55:00+05:30,20.4,20.55,19.7,19.7,154050,1696890
2026-09-09T11:00:00+05:30,19.75,19.95,19.15,19.8,257660,1716390
2026-09-09T11:05:00+05:30,20.1,20.35,20,20.1,145600,1719185
2026-09-09T11:10:00+05:30,20,20.55,20,20.55,120380,1726270
2026-09-09T11:15:00+05:30,20.15,20.55,19.7,19.7,133120,1733160
2026-09-09T11:20:00+05:30,19.6,20.7,19.4,20.15,175695,1743040
2026-09-09T11:25:00+05:30,20,20.3,19.65,19.95,135330,1739270
2026-09-09T11:30:00+05:30,20.1,20.1,19.5,20,135395,1746225
2026-09-09T11:35:00+05:30,19.85,20,19.25,19.7,91780,1751360
2026-09-09T11:40:00+05:30,19.65,19.65,18.5,18.65,159185,1738035
2026-09-09T11:45:00+05:30,18.65,19.45,18.65,19.45,199225,1762670
2026-09-09T11:50:00+05:30,19.5,21.25,19.5,21.2,279630,1748500
2026-09-09T11:55:00+05:30,21.15,22.6,21.1,22.6,361855,1707940
2026-09-09T12:00:00+05:30,22.15,23.65,22.15,23.4,1089140,1912235
2026-09-09T12:05:00+05:30,23.1,23.85,22.85,23.5,325845,1902810
2026-09-09T12:10:00+05:30,23.4,23.45,21.55,22.1,245440,1914315
2026-09-09T12:15:00+05:30,21.85,23.25,21.85,23.25,213655,1917890
2026-09-09T12:20:00+05:30,23.15,23.65,22.05,22.05,171730,1929200
2026-09-09T12:25:00+05:30,22.35,22.35,19.6,19.65,403325,1928745
2026-09-09T12:30:00+05:30,19.45,19.5,17,17.55,1194050,1698515
2026-09-09T12:35:00+05:30,17.05,17.45,16.6,17.1,657865,1738815
2026-09-09T12:40:00+05:30,17.05,17.5,16.9,17,370760,1801020
2026-09-09T12:45:00+05:30,17.05,17.6,17.05,17.5,257530,1792635
2026-09-09T12:50:00+05:30,17.55,17.9,17.45,17.9,123370,1792570
2026-09-09T12:55:00+05:30,18,18.2,17.1,17.1,355420,1884155
2026-09-09T13:00:00+05:30,17.15,17.75,17.15,17.7,264420,1860365
2026-09-09T13:05:00+05:30,17.65,17.7,17.15,17.55,163540,1856595
2026-09-09T13:10:00+05:30,17.6,18.05,17.55,17.9,136305,1855945
2026-09-09T13:15:00+05:30,17.8,18.05,17.5,17.5,116805,1869400
2026-09-09T13:20:00+05:30,17.55,17.6,16.85,17.55,227370,1879280
2026-09-09T13:25:00+05:30,17.5,17.5,16.75,16.8,136695,1859000
2026-09-09T13:30:00+05:30,16.8,17.45,16.8,17.3,75270,1847885
2026-09-09T13:35:00+05:30,17.45,17.45,17,17.05,127595,1868490
2026-09-09T13:40:00+05:30,17.05,17.2,16.85,17.2,91260,1874340
2026-09-09T13:45:00+05:30,17.2,17.45,17.2,17.2,51480,1852370
2026-09-09T13:50:00+05:30,17.15,17.55,16.9,17.55,62725,1859065
2026-09-09T13:55:00+05:30,17.55,17.7,16.9,16.9,124605,1862315
2026-09-09T14:00:00+05:30,16.95,17.1,16.55,16.9,177645,1860040
2026-09-09T14:05:00+05:30,16.95,17,16.6,17,109265,1865825
2026-09-09T14:10:00+05:30,17.2,17.55,16.75,17.25,377065,1796340
2026-09-09T14:15:00+05:30,17.35,17.6,17.15,17.4,131300,1784770
2026-09-09T14:20:00+05:30,17.45,17.45,16.8,17.2,181350,1781520
2026-09-09T14:25:00+05:30,17.15,17.55,17.15,17.5,135720,1769560
2026-09-09T14:30:00+05:30,17.45,19.1,17.45,19.1,506545,1718340
2026-09-09T14:35:00+05:30,18.7,20.55,18.7,20.05,773305,1698580
2026-09-09T14:40:00+05:30,20.2,21,20,20.95,340925,1660100
2026-09-09T14:45:00+05:30,20.85,21.6,20.45,20.55,1028365,1851785
2026-09-09T14:50:00+05:30,20.9,20.9,19.95,20.7,385385,1828645
2026-09-09T14:55:00+05:30,20.55,21.05,20.55,20.8,195000,1817010
2026-09-09T15:00:00+05:30,21.05,23.05,20.85,23.05,506675,1799200
2026-09-09T15:05:00+05:30,24.8,27,22.7,23.1,1127165,1752335
2026-09-09T15:10:00+05:30,23.15,24.6,23.1,24.05,329745,1715805
2026-09-09T15:15:00+05:30,24.3,24.4,23.65,24.2,315185,1704105
2026-09-09T15:20:00+05:30,24.65,25.55,24,25.25,813410,1493765
2026-09-09T15:25:00+05:30,25.05,26.35,24.7,26,466635,1338675
2026-09-09T15:30:00+05:30,25.9,30.95,25.75,29.15,572390,1277185
2026-09-09T15:35:00+05:30,29.25,32.65,29.0,32.15,560300,1206660
2026-09-10T09:15:00+05:30,28.65,28.65,22.3,23.75,2691585,1825590
2026-09-10T09:20:00+05:30,23.4,26.85,22,25.45,1895790,1660035
2026-09-10T09:25:00+05:30,26.1,27.25,23.2,24.4,1010685,1655680
2026-09-10T09:30:00+05:30,24.05,26.15,23.85,25,636025,1957215
2026-09-10T09:35:00+05:30,24.9,26.3,24.75,26,418145,1947205
2026-09-10T09:40:00+05:30,25.95,26.25,23.45,25.15,400075,1977625
2026-09-10T09:45:00+05:30,24.5,25.1,23.3,23.6,414115,1984710
2026-09-10T09:50:00+05:30,22.95,23.3,21.95,23.3,407420,2014415
2026-09-10T09:55:00+05:30,22.95,24.9,22.75,24.1,370760,2057380
2026-09-10T10:00:00+05:30,24.45,25.95,24.2,24.55,437255,2053610
2026-09-10T10:05:00+05:30,24.35,26.25,23.5,25.15,384345,2059980
2026-09-10T10:10:00+05:30,25.05,26.4,25.05,25.75,240370,2053935
2026-09-10T10:15:00+05:30,25.15,25.15,22.15,23.1,378300,2064140
2026-09-10T10:20:00+05:30,23.15,24.85,22.5,23.7,305500,2084160
2026-09-10T10:25:00+05:30,23.85,24.5,23.15,23.35,167700,2089295
2026-09-10T10:30:00+05:30,23.5,24.05,22.95,23.4,189540,2091245
2026-09-10T10:35:00+05:30,23.45,23.45,22.4,22.4,144170,2108535
2026-09-10T10:40:00+05:30,22.35,22.6,21.45,21.45,254085,2137460
2026-09-10T10:45:00+05:30,21.2,23.4,21.1,23.35,281905,2156960
2026-09-10T10:50:00+05:30,23.45,24.7,23.05,24.7,344695,2127775
2026-09-10T10:55:00+05:30,24.65,25.75,24.4,24.75,414050,2087150
2026-09-10T11:00:00+05:30,24.5,24.5,23.15,23.15,239395,2093780
2026-09-10T11:05:00+05:30,23.65,24.3,23.1,23.6,187655,2101255
2026-09-10T11:10:00+05:30,22.7,22.8,20.8,20.8,430495,2145585
2026-09-10T11:15:00+05:30,20.8,21.7,19.95,21.7,515645,2189395
2026-09-10T11:20:00+05:30,22.4,22.65,21.4,21.7,276900,2165410
2026-09-10T11:25:00+05:30,21.9,22.7,21.7,22.5,131495,2137590
2026-09-10T11:30:00+05:30,22.5,23,21.4,23,230620,2133040
2026-09-10T11:35:00+05:30,22.65,22.85,21.85,22.5,197600,2132325
2026-09-10T11:40:00+05:30,22.5,24.1,22.3,22.3,330525,2084290
2026-09-10T11:45:00+05:30,22.4,22.4,21.15,21.15,158665,2104375
2026-09-10T11:50:00+05:30,21.35,21.35,20.85,21.15,322465,2139540
2026-09-10T11:55:00+05:30,21.4,21.7,20.6,20.6,215150,2149680
2026-09-10T12:00:00+05:30,20.5,20.8,20.05,20.5,159445,2186210
2026-09-10T12:05:00+05:30,20.65,21.35,20.55,21.35,316160,2258945
2026-09-10T12:10:00+05:30,21.05,21.05,19.15,19.75,580645,2183870
2026-09-10T12:15:00+05:30,19.25,20.2,19.25,19.8,289770,2173990
2026-09-10T12:20:00+05:30,19.65,20,18.8,20,650520,2189070
2026-09-10T12:25:00+05:30,19.8,20,19.35,19.75,183820,2212795
2026-09-10T12:30:00+05:30,19.95,20.2,19.6,20.2,195390,2219880
2026-09-10T12:35:00+05:30,19.95,20.5,19.75,19.8,226850,2191800
2026-09-10T12:40:00+05:30,19.6,20.2,19.4,19.4,204165,2183545
2026-09-10T12:45:00+05:30,18.9,20.1,18.75,19.3,228475,2184715
2026-09-10T12:50:00+05:30,19.5,20,19.15,19.95,124475,2195960
2026-09-10T12:55:00+05:30,19.95,20.6,19.8,20.6,208585,2182830
2026-09-10T13:00:00+05:30,20.8,22.05,20.8,21.75,401375,2132520
2026-09-10T13:05:00+05:30,21.55,23.25,21,21.6,707720,2250885
2026-09-10T13:10:00+05:30,21.25,21.55,20,20,219635,2257710
2026-09-10T13:15:00+05:30,20.1,21.4,20.1,21.4,146835,2267980
2026-09-10T13:20:00+05:30,21.2,21.55,20.65,21.1,152750,2280850
2026-09-10T13:25:00+05:30,21.05,22.05,20.75,22.05,137475,2273700
2026-09-10T13:30:00+05:30,22.05,22.75,21.65,22.2,355615,2265900
2026-09-10T13:35:00+05:30,21.95,22.4,20.9,21.1,332670,2356835
2026-09-10T13:40:00+05:30,21.1,21.25,20.6,21.05,108225,2362685
2026-09-10T13:45:00+05:30,21.2,22.35,21.2,21.35,178360,2352220
2026-09-10T13:50:00+05:30,21.2,21.7,20.55,21.25,116675,2351375
2026-09-10T13:55:00+05:30,21.55,22.5,21.3,21.95,213005,2329015
2026-09-10T14:00:00+05:30,21.7,22.8,21.45,22.8,574925,2296450
2026-09-10T14:05:00+05:30,23.6,23.6,21.95,22.8,327145,2265250
2026-09-10T14:10:00+05:30,22.75,23.55,22.6,23.1,253890,2262715
2026-09-10T14:15:00+05:30,23.15,24.15,22.95,23.7,294320,2351895
2026-09-10T14:20:00+05:30,23.65,23.65,22,22.5,208065,2374450
2026-09-10T14:25:00+05:30,22.15,23.85,22.15,23.05,228540,2367690
2026-09-10T14:30:00+05:30,22.7,23.65,22.7,23.45,159055,2361060
2026-09-10T14:35:00+05:30,23.5,24.3,23.5,24.3,707200,2141360
2026-09-10T14:40:00+05:30,24.4,25.2,22.8,22.8,386100,2076360
2026-09-10T14:45:00+05:30,22.85,22.85,21.45,21.45,332345,2086955
2026-09-10T14:50:00+05:30,21.15,22.4,21.15,22.05,383500,2051010
2026-09-10T14:55:00+05:30,22.05,23.35,21.85,23.35,276120,2033850
2026-09-10T15:00:00+05:30,24,27.85,24,25.85,1247740,2100865
2026-09-10T15:05:00+05:30,26.25,26.75,25.4,25.4,747110,1990040
2026-09-10T15:10:00+05:30,26.15,27.8,26,27.25,732355,1869010
2026-09-10T15:15:00+05:30,26.85,27.2,26.2,27.05,500305,1828450
2026-09-10T15:20:00+05:30,27.15,27.15,21.5,22.3,956475,1706120
2026-09-10T15:25:00+05:30,21.95,22.85,20.65,20.65,361855,1683045
2026-09-10T15:30:00+05:30,20.6,22.45,19.35,22.4,583635,1729390
2026-09-10T15:35:00+05:30,22.35,22.35,20.6,20.85,920270,1960530
2026-09-11T09:15:00+05:30,64.65,67.3,59.75,59.75,5395325,3128515
2026-09-11T09:20:00+05:30,61.8,63.2,59.25,59.7,2698020,4203420
2026-09-11T09:25:00+05:30,60.35,61.9,58.8,59.8,1771055,4695080
2026-09-11T09:30:00+05:30,60.65,61.6,56.85,58.4,2459275,5093660
2026-09-11T09:35:00+05:30,58.75,58.75,56,57.55,1812200,5543590
2026-09-11T09:40:00+05:30,59.35,61.8,58.5,60.2,2341625,5503290
2026-09-11T09:45:00+05:30,59.6,61.65,59.6,60.55,1268020,5544695
2026-09-11T09:50:00+05:30,60.15,61.75,58.45,60,1324895,5655065
2026-09-11T09:55:00+05:30,60.7,60.7,55.9,56.6,1440920,5879835
2026-09-11T10:00:00+05:30,56.7,57.7,52.45,53.15,1880190,6171750
2026-09-11T10:05:00+05:30,53.25,54.45,50.6,51.3,1564550,6462495
2026-09-11T10:10:00+05:30,51.1,52.3,49.6,49.95,1763515,6304350
2026-09-11T10:15:00+05:30,50.35,51.8,50.25,50.5,1214915,6413550
2026-09-11T10:20:00+05:30,50.05,50.75,47.05,49.3,2022475,6389175
2026-09-11T10:25:00+05:30,49.4,52.85,49.4,52.8,1812200,6643975
2026-09-11T10:30:00+05:30,53.3,53.3,49.45,50.25,1562990,6748950
2026-09-11T10:35:00+05:30,50.55,50.55,48.1,49.85,896805,6770335
2026-09-11T10:40:00+05:30,49.3,50.55,48,48,771420,6793150
2026-09-11T10:45:00+05:30,47.05,49.35,45.95,48.55,1610570,6819930
2026-09-11T10:50:00+05:30,48.65,50.75,48.65,50.5,1010490,6903195
2026-09-11T10:55:00+05:30,50.7,51.5,49.25,51.2,1126515,6849245
2026-09-11T11:00:00+05:30,49.6,49.8,47.5,49.5,1136460,6840275
2026-09-11T11:05:00+05:30,49,49.1,45.95,45.95,925340,6950385
2026-09-11T11:10:00+05:30,46.15,46.3,37.8,38.9,3116165,6862700
2026-09-11T11:15:00+05:30,38.7,41.8,38.7,40.7,2622295,6823635
2026-09-11T11:20:00+05:30,40,41.75,39,39,1450150,6843915
2026-09-11T11:25:00+05:30,39.2,40.9,39.15,40.85,863200,6814600
2026-09-11T11:30:00+05:30,40.95,41.5,39.35,40.2,914680,6840080
2026-09-11T11:35:00+05:30,40.45,41,38.75,40.25,691665,6901180
2026-09-11T11:40:00+05:30,40.2,40.2,37.75,37.85,942955,6971380
2026-09-11T11:45:00+05:30,37.5,40.25,37.4,40.25,1110460,6872060
2026-09-11T11:50:00+05:30,39.65,40.2,38.9,38.9,854035,6971055
2026-09-11T11:55:00+05:30,38.65,39.05,37.5,37.5,729040,6986915
2026-09-11T12:00:00+05:30,37.9,38.6,37.45,38.6,470665,7053215
2026-09-11T12:05:00+05:30,37.9,38.3,37.55,38.15,546780,7061600
2026-09-11T12:10:00+05:30,38.1,41,38.1,39.85,1642160,7137455
2026-09-11T12:15:00+05:30,39.05,41.2,38,38.75,1100645,7345195
2026-09-11T12:20:00+05:30,38.9,40.15,38,38,730795,7412015
2026-09-11T12:25:00+05:30,37.85,39.3,37.85,39.1,338585,7399990
2026-09-11T12:30:00+05:30,39.3,39.3,37.2,37.7,668070,7398040
2026-09-11T12:35:00+05:30,37.15,38,36.7,37.5,844870,7377240
2026-09-11T12:40:00+05:30,37.4,37.85,34.8,36.65,1184105,7190235
2026-09-11T12:45:00+05:30,36.6,37.65,36.05,37.1,746655,7191210
2026-09-11T12:50:00+05:30,36.9,38.5,35.8,35.8,836745,7194460
2026-09-11T12:55:00+05:30,36.3,36.55,34.7,35.45,675545,7240545
2026-09-11T13:00:00+05:30,35.65,38.75,35.65,38.75,978445,7229495
2026-09-11T13:05:00+05:30,39.3,40,38.05,39.85,1256580,7123415
2026-09-11T13:10:00+05:30,39.6,41.05,37.85,38,1171105,7169825
2026-09-11T13:15:00+05:30,38.25,39.7,37.95,39.45,617825,7159685
2026-09-11T13:20:00+05:30,39.2,40.2,36.9,37.3,883675,7212140
2026-09-11T13:25:00+05:30,37.6,38,35.2,35.3,1080755,7220460
2026-09-11T13:30:00+05:30,35,36.65,34.5,36.1,1233115,7106840
2026-09-11T13:35:00+05:30,36.85,37.45,36.25,37.15,773305,7062120
2026-09-11T13:40:00+05:30,37.3,41.05,36.35,37.5,2717260,6946420
2026-09-11T13:45:00+05:30,37.25,39.25,36.4,36.9,1383980,6895720
2026-09-11T13:50:00+05:30,36.5,36.5,32.25,33.1,3553485,6852235
2026-09-11T13:55:00+05:30,33.8,33.8,29,29.65,2909270,6664320
2026-09-11T14:00:00+05:30,30.4,30.4,25.85,27.05,5267340,5933460
2026-09-11T14:05:00+05:30,27.65,29.6,27.65,28.65,2282865,6197815
2026-09-11T14:10:00+05:30,29.25,29.25,27.5,27.5,994565,6085495
2026-09-11T14:15:00+05:30,27.65,28.8,27.65,27.85,959205,6178835
2026-09-11T14:20:00+05:30,28.05,28.55,26.95,27.15,694070,6076785
2026-09-11T14:25:00+05:30,27.1,27.25,26.45,26.55,753090,5942755
2026-09-11T14:30:00+05:30,26.6,26.9,25.25,26.75,1739010,5992415
2026-09-11T14:35:00+05:30,26.25,27.3,25.9,26.25,879840,5938725
2026-09-11T14:40:00+05:30,26,26.55,25.15,25.3,732225,5898555
2026-09-11T14:45:00+05:30,26.1,27.55,26.1,27.5,863070,5860205
2026-09-11T14:50:00+05:30,27.25,28.25,27.25,28.1,740675,5845710
2026-09-11T14:55:00+05:30,28,28,26.65,26.65,603850,5841615
2026-09-11T15:00:00+05:30,27.4,30.7,27.2,30.7,1526915,5847595
2026-09-11T15:05:00+05:30,31.05,33.45,29.05,29.65,3241355,5149560
2026-09-11T15:10:00+05:30,30.25,30.25,27.35,27.5,1940835,5108480
2026-09-11T15:15:00+05:30,27.4,27.4,23.8,25.6,2731430,5359770
2026-09-11T15:20:00+05:30,22.4,26.25,22.25,25.7,3065465,4888130
2026-09-11T15:25:00+05:30,26.7,27.35,23.9,25,2133690,4929665
2026-09-11T15:30:00+05:30,26.25,27.15,22.9,24.35,2263560,4782310
2026-09-11T15:35:00+05:30,25.6,26.25,23,23,2156960,4458220
2026-09-15T09:15:00+05:30,2.85,3.25,2.35,2.75,13465335,4698785
2026-09-15T09:20:00+05:30,2.75,2.95,2.5,2.9,7117435,5709405
2026-09-15T09:25:00+05:30,3.3,3.8,3.15,3.45,6908005,6130215
2026-09-15T09:30:00+05:30,3.45,3.9,3.3,3.45,3882905,6386770
2026-09-15T09:35:00+05:30,3.35,3.55,3,3,3352830,6905210
2026-09-15T09:40:00+05:30,2.9,3.15,2.7,3,2746575,7243015
2026-09-15T09:45:00+05:30,3.2,4.6,3.05,4.6,5077020,7341945
2026-09-15T09:50:00+05:30,4.4,5.25,3.9,5.15,6808945,7694960
2026-09-15T09:55:00+05:30,5.55,9.2,5.35,6.65,12893660,7537790
2026-09-15T10:00:00+05:30,6.7,8.05,6.65,7.4,2690935,7753330
2026-09-15T10:05:00+05:30,7.5,7.65,6.8,7.65,3447925,8238035
2026-09-15T10:10:00+05:30,7.6,7.85,5.6,6.55,4389840,8316165
2026-09-15T10:15:00+05:30,6.65,7,5.85,6.05,3613220,8478080
2026-09-15T10:20:00+05:30,5.8,6.7,5.8,6,2624245,8532355
2026-09-15T10:25:00+05:30,6.35,6.95,6,6.95,2677285,8624525
2026-09-15T10:30:00+05:30,6.95,7.4,6.35,6.8,4798170,8858785
2026-09-15T10:35:00+05:30,6.75,6.75,5.85,6.1,2937155,8918845
2026-09-15T10:40:00+05:30,6.05,7.55,6.05,7.35,3393325,8979425
2026-09-15T10:45:00+05:30,6.85,8.15,6.7,7.45,6960915,10108995
2026-09-15T10:50:00+05:30,7.4,8.8,7.15,8.45,6419075,9987120
2026-09-15T10:55:00+05:30,8.6,8.9,7.75,7.85,6386900,10349040
2026-09-15T11:00:00+05:30,7.75,7.9,6.05,6.05,5086575,10323820
2026-09-15T11:05:00+05:30,6.2,7.6,6.2,7.6,3271710,10700755
2026-09-15T11:10:00+05:30,7.8,8.3,6.35,6.55,4721990,10904270
2026-09-15T11:15:00+05:30,6.4,7.95,6.05,7.85,3444285,10477675
2026-09-15T11:20:00+05:30,7.85,8.2,6.65,7.05,5833295,10240945
2026-09-15T11:25:00+05:30,6.95,8.1,6.95,7.75,3609710,10376860
2026-09-15T11:30:00+05:30,7.45,7.95,7,7.4,3712800,10448750
2026-09-15T11:35:00+05:30,7.45,7.45,6.05,6.1,3894020,10361715
2026-09-15T11:40:00+05:30,6.05,6.85,6,6.15,2950285,10657075
2026-09-15T11:45:00+05:30,6.25,6.5,6,6.45,1630655,10870275
2026-09-15T11:50:00+05:30,6.5,6.95,6.25,6.8,2597660,11010415
2026-09-15T11:55:00+05:30,6.75,6.8,5.75,6.05,2916745,11101350
2026-09-15T12:00:00+05:30,5.95,6.15,5.25,5.45,3142100,10967775
2026-09-15T12:05:00+05:30,5.1,5.6,4.75,5.15,4660370,10616125
2026-09-15T12:10:00+05:30,5.25,5.6,4.95,5.1,2778685,10605465
2026-09-15T12:15:00+05:30,5.2,5.65,5,5.6,2785055,10621325
2026-09-15T12:20:00+05:30,5.55,5.75,4.85,4.85,3009890,10764520
2026-09-15T12:25:00+05:30,5.15,5.7,4.75,4.75,3109600,10770825
2026-09-15T12:30:00+05:30,5.2,6.35,5.2,5.8,6975215,10801440
2026-09-15T12:35:00+05:30,5.9,5.9,4.75,5.5,4367415,11216985
2026-09-15T12:40:00+05:30,5.25,5.65,5.05,5.65,2753985,11236615
2026-09-15T12:45:00+05:30,6,6,4.95,4.95,4770025,11496940
2026-09-15T12:50:00+05:30,4.95,5,4.25,4.8,4474990,11386115
2026-09-15T12:55:00+05:30,4.9,6.1,4.85,5.95,5680220,11343410
2026-09-15T13:00:00+05:30,5.8,6.55,5.45,5.8,6738225,11877515
2026-09-15T13:05:00+05:30,5.75,6.1,5.35,6,4147195,12161825
2026-09-15T13:10:00+05:30,6.1,7.45,5.7,6,11984440,12915435
2026-09-15T13:15:00+05:30,6.55,7.5,6.05,6.6,12874810,12845625
2026-09-15T13:20:00+05:30,6.65,7.6,6.6,7,7495020,12668760
2026-09-15T13:25:00+05:30,7.15,7.4,6.2,7,6025175,13082160
2026-09-15T13:30:00+05:30,7.05,10,7.05,8.6,19666920,12554425
2026-09-15T13:35:00+05:30,8.3,8.95,7.5,8.7,11787425,13337545
2026-09-15T13:40:00+05:30,8.8,10.6,8.8,9.4,16069755,14063660
2026-09-15T13:45:00+05:30,9.25,9.7,8.65,8.65,8719100,14035385
2026-09-15T13:50:00+05:30,8.8,9.2,8.25,9.2,7396805,13715065
2026-09-15T13:55:00+05:30,9.35,9.7,8.9,8.9,6500975,13624910
2026-09-15T14:00:00+05:30,9.45,9.5,8.75,9.4,6028100,14046955
2026-09-15T14:05:00+05:30,9.35,10.3,8.95,10.25,9711585,14139970
2026-09-15T14:10:00+05:30,10.3,15.4,10.3,15.4,27055990,13414440
2026-09-15T14:15:00+05:30,17.2,27.6,17.2,26.95,43207190,12369045
2026-09-15T14:20:00+05:30,27.05,27.05,22.6,25.95,20539415,13595920
2026-09-15T14:25:00+05:30,24.95,27.1,24.3,26,16899610,14617850
2026-09-15T14:30:00+05:30,26,27,24.05,25.35,15710370,14300455
2026-09-15T14:35:00+05:30,25.85,25.85,20.5,23.55,14999855,14470105
2026-09-15T14:40:00+05:30,24.25,24.25,20.5,23.05,13832000,15020135
2026-09-15T14:45:00+05:30,23.4,41.85,23.4,38.2,57468515,13461630
2026-09-15T14:50:00+05:30,37.95,37.95,29.2,32.8,31980455,16909555
2026-09-15T14:55:00+05:30,32.9,33.9,29.5,33.3,19919120,17644380
2026-09-15T15:00:00+05:30,33.6,34.9,27.7,28.5,29590275,17346290
2026-09-15T15:05:00+05:30,29.4,33.05,28.85,30.75,22054955,18056350
2026-09-15T15:10:00+05:30,30.6,31.3,25.4,29.05,23334610,18386420
2026-09-15T15:15:00+05:30,32.95,32.95,21.55,28.7,43073420,19025500
2026-09-15T15:20:00+05:30,26.5,59.5,26.5,28.6,77738700,11447475
2026-09-15T15:25:00+05:30,27.85,39.45,21.1,31.5,66406275,13644540
2026-09-15T15:30:00+05:30,31.5,31.5,31.25,31.3,7234305,7947420
2026-09-15T15:35:00+05:30,31.35,31.35,31.25,31.35,1921855,7455110
