date,ce_leader_open,pe_leader_open,num_candles,num_rolls,total_pnl
2026-08-05,24600,24500,68,0,1001.0
2026-08-06,25000,24500,71,0,-35.75
2026-08-07,25000,24500,72,0,1183.0
2026-08-10,25000,24500,72,0,1179.75
2026-08-11,24500,24500,72,1,364.0
2026-08-12,25000,24000,72,1,1810.25
2026-08-13,25000,23700,72,1,139.75
2026-08-14,25000,24000,72,0,0.0
2026-08-17,25000,24000,72,0,0.0
2026-08-18,25000,24000,72,1,-29.25
2026-08-19,25000,24000,72,0,4114.5
2026-08-20,25000,24000,72,1,185.25
2026-08-21,25000,24100,72,1,126.75
2026-08-24,25000,24000,72,0,-370.5
2026-08-25,25000,24000,72,0,29.25
2026-08-26,25000,24300,72,0,-328.25
2026-08-27,24500,24300,72,0,0.0
2026-08-28,24500,24000,72,2,659.75
2026-08-31,24500,24000,72,1,796.25
2026-09-01,24200,24000,72,0,-500.5
2026-09-02,24000,23800,72,0,1582.75
2026-09-03,24000,24000,72,0,-390.0
2026-09-04,24000,23900,72,0,-198.25
