date,action,strike,time,price,hedge_strike,hedge_price,pnl
2026-08-05,ENTRY_CE,24600,2026-08-05 10:55:00+05:30,395.0,24800,,
2026-08-05,EOD_EXIT_CE,24600,2026-08-05 15:10:00+05:30,379.6,24800,,1001.0
2026-08-06,ENTRY_CE,25000,2026-08-06 11:00:00+05:30,223.3,25050,,
2026-08-06,ENTRY_PE,24600,2026-08-06 14:05:00+05:30,239.3,24350,,
2026-08-06,EOD_EXIT_CE,25000,2026-08-06 15:10:00+05:30,219.15,25050,,269.75
2026-08-06,EOD_EXIT_PE,24600,2026-08-06 15:10:00+05:30,244.0,24350,,-305.5
2026-08-07,ENTRY_CE,25000,2026-08-07 09:45:00+05:30,204.2,25050,,
2026-08-07,EOD_EXIT_CE,25000,2026-08-07 15:10:00+05:30,186.0,25050,,1183.0
2026-08-10,ENTRY_PE,24500,2026-08-10 09:25:00+05:30,235.0,24300,,
2026-08-10,EOD_EXIT_PE,24500,2026-08-10 15:10:00+05:30,216.85,24300,150.0,1179.75
2026-08-11,ENTRY_CE,24600,2026-08-11 09:20:00+05:30,326.75,24800,,
2026-08-11,ROLL_EXIT_CE,24600,2026-08-11 09:30:00+05:30,321.15,24800,234.15,364.0
2026-08-12,ENTRY_CE,25000,2026-08-12 09:30:00+05:30,124.75,25050,,
2026-08-12,ENTRY_PE,24100,2026-08-12 09:50:00+05:30,123.05,23900,,
2026-08-12,ROLL_EXIT_PE,24100,2026-08-12 10:20:00+05:30,141.0,23900,,-1166.75
2026-08-12,ENTRY_PE,24000,2026-08-12 14:30:00+05:30,126.15,23800,,
2026-08-12,EOD_EXIT_CE,25000,2026-08-12 15:10:00+05:30,99.65,25050,,1631.5
2026-08-12,EOD_EXIT_PE,24000,2026-08-12 15:10:00+05:30,105.45,23800,,1345.5
2026-08-13,ENTRY_PE,24000,2026-08-13 12:00:00+05:30,101.0,23800,,
2026-08-13,ROLL_EXIT_PE,24000,2026-08-13 13:00:00+05:30,97.9,23800,,201.5
2026-08-13,ENTRY_CE,25000,2026-08-13 13:00:00+05:30,88.65,25050,,
2026-08-13,EOD_EXIT_CE,25000,2026-08-13 15:10:00+05:30,89.6,25050,,-61.75
2026-08-18,ENTRY_CE,24600,2026-08-18 11:50:00+05:30,115.0,24800,65.0,
2026-08-18,ROLL_EXIT_CE,24600,2026-08-18 14:00:00+05:30,114.25,24800,63.8,-29.25
2026-08-19,ENTRY_PE,23900,2026-08-19 09:20:00+05:30,181.1,23700,71.45,
2026-08-19,EOD_EXIT_PE,23900,2026-08-19 15:10:00+05:30,119.3,23700,72.95,4114.5
2026-08-20,ENTRY_PE,24500,2026-08-20 12:45:00+05:30,277.0,24300,168.4,
2026-08-20,ROLL_EXIT_PE,24500,2026-08-20 14:40:00+05:30,282.05,24300,175.65,143.0
2026-08-20,ENTRY_PE,23600,2026-08-20 14:40:00+05:30,27.95,23400,,
2026-08-20,EOD_EXIT_PE,23600,2026-08-20 15:10:00+05:30,27.3,23400,,42.25
2026-08-21,ENTRY_PE,23600,2026-08-21 09:40:00+05:30,27.35,23400,,
2026-08-21,ROLL_EXIT_PE,23600,2026-08-21 09:55:00+05:30,25.4,23400,,126.75
2026-08-24,ENTRY_PE,23700,2026-08-24 09:45:00+05:30,22.65,23450,11.25,
2026-08-24,EOD_EXIT_PE,23700,2026-08-24 15:10:00+05:30,34.3,23450,17.2,-370.5
2026-08-25,ENTRY_PE,23600,2026-08-25 14:55:00+05:30,14.45,23400,9.25,
2026-08-25,EOD_EXIT_PE,23600,2026-08-25 15:10:00+05:30,14.4,23400,9.65,29.25
2026-08-26,ENTRY_PE,23900,2026-08-26 09:40:00+05:30,20.9,23700,12.0,
2026-08-26,EOD_EXIT_PE,23900,2026-08-26 15:10:00+05:30,29.25,23700,15.3,-328.25
2026-08-27,ENTRY_PE,24100,2026-08-27 10:45:00+05:30,97.15,23900,46.95,
2026-08-27,EOD_EXIT_PE,24100,2026-08-27 15:10:00+05:30,102.15,23900,51.95,0.0
2026-08-28,ENTRY_PE,23800,2026-08-28 09:20:00+05:30,41.25,23600,19.2,
2026-08-28,ENTRY_CE,24600,2026-08-28 09:25:00+05:30,44.3,24800,16.65,
2026-08-28,ROLL_EXIT_PE,23800,2026-08-28 11:15:00+05:30,31.25,23600,16.0,442.0
2026-08-28,ENTRY_PE,23800,2026-08-28 13:40:00+05:30,37.95,23600,19.55,
2026-08-28,ROLL_EXIT_CE,24600,2026-08-28 15:10:00+05:30,37.9,24800,14.0,243.75
2026-08-28,ENTRY_CE,24500,2026-08-28 15:10:00+05:30,55.05,24750,17.95,
2026-08-28,EOD_EXIT_CE,24500,2026-08-28 15:10:00+05:30,59.45,24750,17.95,-286.0
2026-08-28,EOD_EXIT_PE,23800,2026-08-28 15:10:00+05:30,31.2,23600,16.8,260.0
2026-08-31,ENTRY_PE,23800,2026-08-31 11:50:00+05:30,46.65,23600,18.2,
2026-08-31,ROLL_EXIT_PE,23800,2026-08-31 12:00:00+05:30,38.95,23600,18.65,529.75
2026-08-31,ENTRY_PE,23800,2026-08-31 14:05:00+05:30,45.0,23600,20.95,
2026-08-31,EOD_EXIT_PE,23800,2026-08-31 15:10:00+05:30,39.6,23600,19.65,266.5
2026-09-01,ENTRY_CE,24200,2026-09-01 09:25:00+05:30,95.0,24400,34.45,
2026-09-01,ENTRY_PE,24100,2026-09-01 11:00:00+05:30,114.95,23900,51.4,
2026-09-01,EOD_EXIT_CE,24200,2026-09-01 15:10:00+05:30,58.9,24400,22.7,1582.75
2026-09-01,EOD_EXIT_PE,24100,2026-09-01 15:10:00+05:30,184.6,23900,89.0,-2083.25
2026-09-02,ENTRY_PE,23800,2026-09-02 10:20:00+05:30,96.3,23600,39.1,
2026-09-02,ENTRY_CE,24000,2026-09-02 14:30:00+05:30,113.0,24200,41.3,
2026-09-02,EOD_EXIT_CE,24000,2026-09-02 15:10:00+05:30,92.85,24200,33.9,828.75
2026-09-02,EOD_EXIT_PE,23800,2026-09-02 15:10:00+05:30,77.85,23600,32.25,754.0
2026-09-03,ENTRY_PE,24100,2026-09-03 09:35:00+05:30,135.0,23900,52.8,
2026-09-03,ENTRY_CE,23900,2026-09-03 10:30:00+05:30,183.5,24100,70.7,
2026-09-03,EOD_EXIT_CE,23900,2026-09-03 15:10:00+05:30,134.15,24100,48.45,1761.5
2026-09-03,EOD_EXIT_PE,24100,2026-09-03 15:10:00+05:30,198.3,23900,83.0,-2151.5
2026-09-04,ENTRY_CE,24000,2026-09-04 10:10:00+05:30,90.3,24200,23.35,
2026-09-04,ENTRY_PE,24000,2026-09-04 11:35:00+05:30,87.85,23800,29.95,
2026-09-04,EOD_EXIT_CE,24000,2026-09-04 15:10:00+05:30,76.4,24200,17.8,542.75
2026-09-04,EOD_EXIT_PE,24000,2026-09-04 15:10:00+05:30,101.05,23800,31.75,-741.0
