min_session_coverage,edge_minutes_required,min_window_fraction,measure,window_sessions,sessions_valid_intraday,windows,windows_with_value,share_with_value,share_complete,median_abs_diff_vs_strict_volpts,max_abs_diff_vs_strict_volpts
1.0,15,1.0,close_to_close,5,1237,1241,1236,0.996,0.996,0.0,0.0
1.0,15,1.0,close_to_close,10,1237,1241,1231,0.9919,0.9919,0.0,0.0
1.0,15,1.0,close_to_close,20,1237,1241,1221,0.9839,0.9839,0.0,0.0
1.0,15,1.0,hybrid,5,1237,1241,1216,0.9799,0.9799,0.0,0.0
1.0,15,1.0,hybrid,10,1237,1241,1191,0.9597,0.9597,0.0,0.0
1.0,15,1.0,hybrid,20,1237,1241,1141,0.9194,0.9194,0.0,0.0
1.0,15,1.0,intraday,5,1237,1241,1217,0.9807,0.9807,0.0,0.0
1.0,15,1.0,intraday,10,1237,1241,1192,0.9605,0.9605,0.0,0.0
1.0,15,1.0,intraday,20,1237,1241,1142,0.9202,0.9202,0.0,0.0
1.0,15,0.8,close_to_close,5,1237,1241,1237,0.9968,0.996,0.0,0.0
1.0,15,0.8,close_to_close,10,1237,1241,1232,0.9927,0.9919,0.0,0.0
1.0,15,0.8,close_to_close,20,1237,1241,1222,0.9847,0.9839,0.0,0.0
1.0,15,0.8,hybrid,5,1237,1241,1237,0.9968,0.9799,0.0,0.0
1.0,15,0.8,hybrid,10,1237,1241,1232,0.9927,0.9597,0.0,0.0
1.0,15,0.8,hybrid,20,1237,1241,1222,0.9847,0.9194,0.0,0.0
1.0,15,0.8,intraday,5,1237,1241,1237,0.9968,0.9807,0.0,0.0
1.0,15,0.8,intraday,10,1237,1241,1232,0.9927,0.9605,0.0,0.0
1.0,15,0.8,intraday,20,1237,1241,1222,0.9847,0.9202,0.0,0.0
1.0,0,1.0,close_to_close,5,1237,1241,1236,0.996,0.996,0.0,0.0
1.0,0,1.0,close_to_close,10,1237,1241,1231,0.9919,0.9919,0.0,0.0
1.0,0,1.0,close_to_close,20,1237,1241,1221,0.9839,0.9839,0.0,0.0
1.0,0,1.0,hybrid,5,1237,1241,1216,0.9799,0.9799,0.0,0.0
1.0,0,1.0,hybrid,10,1237,1241,1191,0.9597,0.9597,0.0,0.0
1.0,0,1.0,hybrid,20,1237,1241,1141,0.9194,0.9194,0.0,0.0
1.0,0,1.0,intraday,5,1237,1241,1217,0.9807,0.9807,0.0,0.0
1.0,0,1.0,intraday,10,1237,1241,1192,0.9605,0.9605,0.0,0.0
1.0,0,1.0,intraday,20,1237,1241,1142,0.9202,0.9202,0.0,0.0
1.0,0,0.8,close_to_close,5,1237,1241,1237,0.9968,0.996,0.0,0.0
1.0,0,0.8,close_to_close,10,1237,1241,1232,0.9927,0.9919,0.0,0.0
1.0,0,0.8,close_to_close,20,1237,1241,1222,0.9847,0.9839,0.0,0.0
1.0,0,0.8,hybrid,5,1237,1241,1237,0.9968,0.9799,0.0,0.0
1.0,0,0.8,hybrid,10,1237,1241,1232,0.9927,0.9597,0.0,0.0
1.0,0,0.8,hybrid,20,1237,1241,1222,0.9847,0.9194,0.0,0.0
1.0,0,0.8,intraday,5,1237,1241,1237,0.9968,0.9807,0.0,0.0
1.0,0,0.8,intraday,10,1237,1241,1232,0.9927,0.9605,0.0,0.0
1.0,0,0.8,intraday,20,1237,1241,1222,0.9847,0.9202,0.0,0.0
0.99,15,1.0,close_to_close,5,1238,1241,1236,0.996,0.996,0.0,0.0
0.99,15,1.0,close_to_close,10,1238,1241,1231,0.9919,0.9919,0.0,0.0
0.99,15,1.0,close_to_close,20,1238,1241,1221,0.9839,0.9839,0.0,0.0
0.99,15,1.0,hybrid,5,1238,1241,1221,0.9839,0.9839,0.0,0.0
0.99,15,1.0,hybrid,10,1238,1241,1201,0.9678,0.9678,0.0,0.0
0.99,15,1.0,hybrid,20,1238,1241,1161,0.9355,0.9355,0.0,0.0
0.99,15,1.0,intraday,5,1238,1241,1222,0.9847,0.9847,0.0,0.0
0.99,15,1.0,intraday,10,1238,1241,1202,0.9686,0.9686,0.0,0.0
0.99,15,1.0,intraday,20,1238,1241,1162,0.9363,0.9363,0.0,0.0
0.99,15,0.8,close_to_close,5,1238,1241,1237,0.9968,0.996,0.0,0.0
0.99,15,0.8,close_to_close,10,1238,1241,1232,0.9927,0.9919,0.0,0.0
0.99,15,0.8,close_to_close,20,1238,1241,1222,0.9847,0.9839,0.0,0.0
0.99,15,0.8,hybrid,5,1238,1241,1237,0.9968,0.9839,0.0,0.0
0.99,15,0.8,hybrid,10,1238,1241,1232,0.9927,0.9678,0.0,0.0
0.99,15,0.8,hybrid,20,1238,1241,1222,0.9847,0.9355,0.0,0.0
0.99,15,0.8,intraday,5,1238,1241,1237,0.9968,0.9847,0.0,0.0
0.99,15,0.8,intraday,10,1238,1241,1232,0.9927,0.9686,0.0,0.0
0.99,15,0.8,intraday,20,1238,1241,1222,0.9847,0.9363,0.0,0.0
0.99,0,1.0,close_to_close,5,1239,1241,1236,0.996,0.996,0.0,0.0
0.99,0,1.0,close_to_close,10,1239,1241,1231,0.9919,0.9919,0.0,0.0
0.99,0,1.0,close_to_close,20,1239,1241,1221,0.9839,0.9839,0.0,0.0
0.99,0,1.0,hybrid,5,1239,1241,1221,0.9839,0.9839,0.0,0.0
0.99,0,1.0,hybrid,10,1239,1241,1201,0.9678,0.9678,0.0,0.0
0.99,0,1.0,hybrid,20,1239,1241,1161,0.9355,0.9355,0.0,0.0
0.99,0,1.0,intraday,5,1239,1241,1227,0.9887,0.9887,0.0,0.0
0.99,0,1.0,intraday,10,1239,1241,1212,0.9766,0.9766,0.0,0.0
0.99,0,1.0,intraday,20,1239,1241,1182,0.9525,0.9525,0.0,0.0
0.99,0,0.8,close_to_close,5,1239,1241,1237,0.9968,0.996,0.0,0.0
0.99,0,0.8,close_to_close,10,1239,1241,1232,0.9927,0.9919,0.0,0.0
0.99,0,0.8,close_to_close,20,1239,1241,1222,0.9847,0.9839,0.0,0.0
0.99,0,0.8,hybrid,5,1239,1241,1237,0.9968,0.9839,0.0,0.0
0.99,0,0.8,hybrid,10,1239,1241,1232,0.9927,0.9678,0.0,0.0
0.99,0,0.8,hybrid,20,1239,1241,1222,0.9847,0.9355,0.0,0.0
0.99,0,0.8,intraday,5,1239,1241,1237,0.9968,0.9887,0.0,0.0
0.99,0,0.8,intraday,10,1239,1241,1232,0.9927,0.9766,0.0,0.0
0.99,0,0.8,intraday,20,1239,1241,1222,0.9847,0.9525,0.0,0.0
0.98,15,1.0,close_to_close,5,1239,1241,1236,0.996,0.996,0.0,0.0
0.98,15,1.0,close_to_close,10,1239,1241,1231,0.9919,0.9919,0.0,0.0
0.98,15,1.0,close_to_close,20,1239,1241,1221,0.9839,0.9839,0.0,0.0
0.98,15,1.0,hybrid,5,1239,1241,1226,0.9879,0.9879,0.0,0.0
0.98,15,1.0,hybrid,10,1239,1241,1211,0.9758,0.9758,0.0,0.0
0.98,15,1.0,hybrid,20,1239,1241,1181,0.9517,0.9517,0.0,0.0
0.98,15,1.0,intraday,5,1239,1241,1227,0.9887,0.9887,0.0,0.0
0.98,15,1.0,intraday,10,1239,1241,1212,0.9766,0.9766,0.0,0.0
0.98,15,1.0,intraday,20,1239,1241,1182,0.9525,0.9525,0.0,0.0
0.98,15,0.8,close_to_close,5,1239,1241,1237,0.9968,0.996,0.0,0.0
0.98,15,0.8,close_to_close,10,1239,1241,1232,0.9927,0.9919,0.0,0.0
0.98,15,0.8,close_to_close,20,1239,1241,1222,0.9847,0.9839,0.0,0.0
0.98,15,0.8,hybrid,5,1239,1241,1237,0.9968,0.9879,0.0,0.0
0.98,15,0.8,hybrid,10,1239,1241,1232,0.9927,0.9758,0.0,0.0
0.98,15,0.8,hybrid,20,1239,1241,1222,0.9847,0.9517,0.0,0.0
0.98,15,0.8,intraday,5,1239,1241,1237,0.9968,0.9887,0.0,0.0
0.98,15,0.8,intraday,10,1239,1241,1232,0.9927,0.9766,0.0,0.0
0.98,15,0.8,intraday,20,1239,1241,1222,0.9847,0.9525,0.0,0.0
0.98,0,1.0,close_to_close,5,1241,1241,1236,0.996,0.996,0.0,0.0
0.98,0,1.0,close_to_close,10,1241,1241,1231,0.9919,0.9919,0.0,0.0
0.98,0,1.0,close_to_close,20,1241,1241,1221,0.9839,0.9839,0.0,0.0
0.98,0,1.0,hybrid,5,1241,1241,1226,0.9879,0.9879,0.0,0.0
0.98,0,1.0,hybrid,10,1241,1241,1211,0.9758,0.9758,0.0,0.0
0.98,0,1.0,hybrid,20,1241,1241,1181,0.9517,0.9517,0.0,0.0
0.98,0,1.0,intraday,5,1241,1241,1237,0.9968,0.9968,0.0,0.0
0.98,0,1.0,intraday,10,1241,1241,1232,0.9927,0.9927,0.0,0.0
0.98,0,1.0,intraday,20,1241,1241,1222,0.9847,0.9847,0.0,0.0
0.98,0,0.8,close_to_close,5,1241,1241,1237,0.9968,0.996,0.0,0.0
0.98,0,0.8,close_to_close,10,1241,1241,1232,0.9927,0.9919,0.0,0.0
0.98,0,0.8,close_to_close,20,1241,1241,1222,0.9847,0.9839,0.0,0.0
0.98,0,0.8,hybrid,5,1241,1241,1237,0.9968,0.9879,0.0,0.0
0.98,0,0.8,hybrid,10,1241,1241,1232,0.9927,0.9758,0.0,0.0
0.98,0,0.8,hybrid,20,1241,1241,1222,0.9847,0.9517,0.0,0.0
0.98,0,0.8,intraday,5,1241,1241,1237,0.9968,0.9968,0.0,0.0
0.98,0,0.8,intraday,10,1241,1241,1232,0.9927,0.9927,0.0,0.0
0.98,0,0.8,intraday,20,1241,1241,1222,0.9847,0.9847,0.0,0.0
0.95,15,1.0,close_to_close,5,1239,1241,1236,0.996,0.996,0.0,0.0
0.95,15,1.0,close_to_close,10,1239,1241,1231,0.9919,0.9919,0.0,0.0
0.95,15,1.0,close_to_close,20,1239,1241,1221,0.9839,0.9839,0.0,0.0
0.95,15,1.0,hybrid,5,1239,1241,1226,0.9879,0.9879,0.0,0.0
0.95,15,1.0,hybrid,10,1239,1241,1211,0.9758,0.9758,0.0,0.0
0.95,15,1.0,hybrid,20,1239,1241,1181,0.9517,0.9517,0.0,0.0
0.95,15,1.0,intraday,5,1239,1241,1227,0.9887,0.9887,0.0,0.0
0.95,15,1.0,intraday,10,1239,1241,1212,0.9766,0.9766,0.0,0.0
0.95,15,1.0,intraday,20,1239,1241,1182,0.9525,0.9525,0.0,0.0
0.95,15,0.8,close_to_close,5,1239,1241,1237,0.9968,0.996,0.0,0.0
0.95,15,0.8,close_to_close,10,1239,1241,1232,0.9927,0.9919,0.0,0.0
0.95,15,0.8,close_to_close,20,1239,1241,1222,0.9847,0.9839,0.0,0.0
0.95,15,0.8,hybrid,5,1239,1241,1237,0.9968,0.9879,0.0,0.0
0.95,15,0.8,hybrid,10,1239,1241,1232,0.9927,0.9758,0.0,0.0
0.95,15,0.8,hybrid,20,1239,1241,1222,0.9847,0.9517,0.0,0.0
0.95,15,0.8,intraday,5,1239,1241,1237,0.9968,0.9887,0.0,0.0
0.95,15,0.8,intraday,10,1239,1241,1232,0.9927,0.9766,0.0,0.0
0.95,15,0.8,intraday,20,1239,1241,1222,0.9847,0.9525,0.0,0.0
0.95,0,1.0,close_to_close,5,1241,1241,1236,0.996,0.996,0.0,0.0
0.95,0,1.0,close_to_close,10,1241,1241,1231,0.9919,0.9919,0.0,0.0
0.95,0,1.0,close_to_close,20,1241,1241,1221,0.9839,0.9839,0.0,0.0
0.95,0,1.0,hybrid,5,1241,1241,1226,0.9879,0.9879,0.0,0.0
0.95,0,1.0,hybrid,10,1241,1241,1211,0.9758,0.9758,0.0,0.0
0.95,0,1.0,hybrid,20,1241,1241,1181,0.9517,0.9517,0.0,0.0
0.95,0,1.0,intraday,5,1241,1241,1237,0.9968,0.9968,0.0,0.0
0.95,0,1.0,intraday,10,1241,1241,1232,0.9927,0.9927,0.0,0.0
0.95,0,1.0,intraday,20,1241,1241,1222,0.9847,0.9847,0.0,0.0
0.95,0,0.8,close_to_close,5,1241,1241,1237,0.9968,0.996,0.0,0.0
0.95,0,0.8,close_to_close,10,1241,1241,1232,0.9927,0.9919,0.0,0.0
0.95,0,0.8,close_to_close,20,1241,1241,1222,0.9847,0.9839,0.0,0.0
0.95,0,0.8,hybrid,5,1241,1241,1237,0.9968,0.9879,0.0,0.0
0.95,0,0.8,hybrid,10,1241,1241,1232,0.9927,0.9758,0.0,0.0
0.95,0,0.8,hybrid,20,1241,1241,1222,0.9847,0.9517,0.0,0.0
0.95,0,0.8,intraday,5,1241,1241,1237,0.9968,0.9968,0.0,0.0
0.95,0,0.8,intraday,10,1241,1241,1232,0.9927,0.9927,0.0,0.0
0.95,0,0.8,intraday,20,1241,1241,1222,0.9847,0.9847,0.0,0.0
0.9,15,1.0,close_to_close,5,1239,1241,1236,0.996,0.996,0.0,0.0
0.9,15,1.0,close_to_close,10,1239,1241,1231,0.9919,0.9919,0.0,0.0
0.9,15,1.0,close_to_close,20,1239,1241,1221,0.9839,0.9839,0.0,0.0
0.9,15,1.0,hybrid,5,1239,1241,1226,0.9879,0.9879,0.0,0.0
0.9,15,1.0,hybrid,10,1239,1241,1211,0.9758,0.9758,0.0,0.0
0.9,15,1.0,hybrid,20,1239,1241,1181,0.9517,0.9517,0.0,0.0
0.9,15,1.0,intraday,5,1239,1241,1227,0.9887,0.9887,0.0,0.0
0.9,15,1.0,intraday,10,1239,1241,1212,0.9766,0.9766,0.0,0.0
0.9,15,1.0,intraday,20,1239,1241,1182,0.9525,0.9525,0.0,0.0
0.9,15,0.8,close_to_close,5,1239,1241,1237,0.9968,0.996,0.0,0.0
0.9,15,0.8,close_to_close,10,1239,1241,1232,0.9927,0.9919,0.0,0.0
0.9,15,0.8,close_to_close,20,1239,1241,1222,0.9847,0.9839,0.0,0.0
0.9,15,0.8,hybrid,5,1239,1241,1237,0.9968,0.9879,0.0,0.0
0.9,15,0.8,hybrid,10,1239,1241,1232,0.9927,0.9758,0.0,0.0
0.9,15,0.8,hybrid,20,1239,1241,1222,0.9847,0.9517,0.0,0.0
0.9,15,0.8,intraday,5,1239,1241,1237,0.9968,0.9887,0.0,0.0
0.9,15,0.8,intraday,10,1239,1241,1232,0.9927,0.9766,0.0,0.0
0.9,15,0.8,intraday,20,1239,1241,1222,0.9847,0.9525,0.0,0.0
0.9,0,1.0,close_to_close,5,1241,1241,1236,0.996,0.996,0.0,0.0
0.9,0,1.0,close_to_close,10,1241,1241,1231,0.9919,0.9919,0.0,0.0
0.9,0,1.0,close_to_close,20,1241,1241,1221,0.9839,0.9839,0.0,0.0
0.9,0,1.0,hybrid,5,1241,1241,1226,0.9879,0.9879,0.0,0.0
0.9,0,1.0,hybrid,10,1241,1241,1211,0.9758,0.9758,0.0,0.0
0.9,0,1.0,hybrid,20,1241,1241,1181,0.9517,0.9517,0.0,0.0
0.9,0,1.0,intraday,5,1241,1241,1237,0.9968,0.9968,0.0,0.0
0.9,0,1.0,intraday,10,1241,1241,1232,0.9927,0.9927,0.0,0.0
0.9,0,1.0,intraday,20,1241,1241,1222,0.9847,0.9847,0.0,0.0
0.9,0,0.8,close_to_close,5,1241,1241,1237,0.9968,0.996,0.0,0.0
0.9,0,0.8,close_to_close,10,1241,1241,1232,0.9927,0.9919,0.0,0.0
0.9,0,0.8,close_to_close,20,1241,1241,1222,0.9847,0.9839,0.0,0.0
0.9,0,0.8,hybrid,5,1241,1241,1237,0.9968,0.9879,0.0,0.0
0.9,0,0.8,hybrid,10,1241,1241,1232,0.9927,0.9758,0.0,0.0
0.9,0,0.8,hybrid,20,1241,1241,1222,0.9847,0.9517,0.0,0.0
0.9,0,0.8,intraday,5,1241,1241,1237,0.9968,0.9968,0.0,0.0
0.9,0,0.8,intraday,10,1241,1241,1232,0.9927,0.9927,0.0,0.0
0.9,0,0.8,intraday,20,1241,1241,1222,0.9847,0.9847,0.0,0.0
0.8,15,1.0,close_to_close,5,1239,1241,1236,0.996,0.996,0.0,0.0
0.8,15,1.0,close_to_close,10,1239,1241,1231,0.9919,0.9919,0.0,0.0
0.8,15,1.0,close_to_close,20,1239,1241,1221,0.9839,0.9839,0.0,0.0
0.8,15,1.0,hybrid,5,1239,1241,1226,0.9879,0.9879,0.0,0.0
0.8,15,1.0,hybrid,10,1239,1241,1211,0.9758,0.9758,0.0,0.0
0.8,15,1.0,hybrid,20,1239,1241,1181,0.9517,0.9517,0.0,0.0
0.8,15,1.0,intraday,5,1239,1241,1227,0.9887,0.9887,0.0,0.0
0.8,15,1.0,intraday,10,1239,1241,1212,0.9766,0.9766,0.0,0.0
0.8,15,1.0,intraday,20,1239,1241,1182,0.9525,0.9525,0.0,0.0
0.8,15,0.8,close_to_close,5,1239,1241,1237,0.9968,0.996,0.0,0.0
0.8,15,0.8,close_to_close,10,1239,1241,1232,0.9927,0.9919,0.0,0.0
0.8,15,0.8,close_to_close,20,1239,1241,1222,0.9847,0.9839,0.0,0.0
0.8,15,0.8,hybrid,5,1239,1241,1237,0.9968,0.9879,0.0,0.0
0.8,15,0.8,hybrid,10,1239,1241,1232,0.9927,0.9758,0.0,0.0
0.8,15,0.8,hybrid,20,1239,1241,1222,0.9847,0.9517,0.0,0.0
0.8,15,0.8,intraday,5,1239,1241,1237,0.9968,0.9887,0.0,0.0
0.8,15,0.8,intraday,10,1239,1241,1232,0.9927,0.9766,0.0,0.0
0.8,15,0.8,intraday,20,1239,1241,1222,0.9847,0.9525,0.0,0.0
0.8,0,1.0,close_to_close,5,1241,1241,1236,0.996,0.996,0.0,0.0
0.8,0,1.0,close_to_close,10,1241,1241,1231,0.9919,0.9919,0.0,0.0
0.8,0,1.0,close_to_close,20,1241,1241,1221,0.9839,0.9839,0.0,0.0
0.8,0,1.0,hybrid,5,1241,1241,1226,0.9879,0.9879,0.0,0.0
0.8,0,1.0,hybrid,10,1241,1241,1211,0.9758,0.9758,0.0,0.0
0.8,0,1.0,hybrid,20,1241,1241,1181,0.9517,0.9517,0.0,0.0
0.8,0,1.0,intraday,5,1241,1241,1237,0.9968,0.9968,0.0,0.0
0.8,0,1.0,intraday,10,1241,1241,1232,0.9927,0.9927,0.0,0.0
0.8,0,1.0,intraday,20,1241,1241,1222,0.9847,0.9847,0.0,0.0
0.8,0,0.8,close_to_close,5,1241,1241,1237,0.9968,0.996,0.0,0.0
0.8,0,0.8,close_to_close,10,1241,1241,1232,0.9927,0.9919,0.0,0.0
0.8,0,0.8,close_to_close,20,1241,1241,1222,0.9847,0.9839,0.0,0.0
0.8,0,0.8,hybrid,5,1241,1241,1237,0.9968,0.9879,0.0,0.0
0.8,0,0.8,hybrid,10,1241,1241,1232,0.9927,0.9758,0.0,0.0
0.8,0,0.8,hybrid,20,1241,1241,1222,0.9847,0.9517,0.0,0.0
0.8,0,0.8,intraday,5,1241,1241,1237,0.9968,0.9968,0.0,0.0
0.8,0,0.8,intraday,10,1241,1241,1232,0.9927,0.9927,0.0,0.0
0.8,0,0.8,intraday,20,1241,1241,1222,0.9847,0.9847,0.0,0.0
