series,lag,acf,approx_95_band
median_spread_session,1,0.2323548210333824,0.12155403989742429
median_spread_session,2,0.06426451005133302,0.12155403989742429
median_spread_session,3,0.08446710339036445,0.12155403989742429
median_spread_session,4,0.09623672853289965,0.12155403989742429
median_spread_session,5,0.14078630523681324,0.12155403989742429
median_spread_session,6,0.004509167626399452,0.12155403989742429
median_spread_session,7,-0.010794903203411015,0.12155403989742429
median_spread_session,8,0.0018290314837185917,0.12155403989742429
median_spread_session,9,-0.06092503539705018,0.12155403989742429
median_spread_session,10,-0.0068097889349952355,0.12155403989742429
median_spread_session,11,0.047493652766565406,0.12155403989742429
median_spread_session,12,0.009195880801498475,0.12155403989742429
median_spread_calendar,1,0.12833353512443924,0.12155403989742429
median_spread_calendar,2,0.008222186024978055,0.12155403989742429
median_spread_calendar,3,0.04400536555955003,0.12155403989742429
median_spread_calendar,4,0.02402177386378412,0.12155403989742429
median_spread_calendar,5,0.10112151179074601,0.12155403989742429
median_spread_calendar,6,-0.05827543492079998,0.12155403989742429
median_spread_calendar,7,-0.05442649537809033,0.12155403989742429
median_spread_calendar,8,-0.06601975373868232,0.12155403989742429
median_spread_calendar,9,-0.11332313523736012,0.12155403989742429
median_spread_calendar,10,-0.0392371003381234,0.12155403989742429
median_spread_calendar,11,0.0028824326493199224,0.12155403989742429
median_spread_calendar,12,-0.03081497256989825,0.12155403989742429
mean_log_ratio,1,0.2292892358130094,0.12155403989742429
mean_log_ratio,2,-0.006326685586443956,0.12155403989742429
mean_log_ratio,3,0.12323270742710483,0.12155403989742429
mean_log_ratio,4,0.05324773684393536,0.12155403989742429
mean_log_ratio,5,0.05357582179132677,0.12155403989742429
mean_log_ratio,6,-0.022879456867686266,0.12155403989742429
mean_log_ratio,7,-0.11243740706631314,0.12155403989742429
mean_log_ratio,8,-0.03576612466331155,0.12155403989742429
mean_log_ratio,9,-0.11703731123918744,0.12155403989742429
mean_log_ratio,10,-0.1498104195558458,0.12155403989742429
mean_log_ratio,11,-0.015487182214499904,0.12155403989742429
mean_log_ratio,12,-0.09707644288630095,0.12155403989742429
