estimand,method,scheme,block,reps,n_clusters,estimate,ci_lo,ci_hi,width,boot_se,null_value,null_inside_interval
S1_session_all_obs_median,row_iid_NAIVE_reference,iid,,5000,6490,2.6510147677979665,2.5615389872438508,2.7377383528576376,0.1761993656137868,0.04515355023814067,0.0,False
S2_session_median_of_expiry_medians,row_iid_NAIVE_reference,iid,,5000,6490,2.5232862494189847,,,,,0.0,
S1_calendar_all_obs_median,row_iid_NAIVE_reference,iid,,5000,6490,1.8049028316989457,1.7419972170153297,1.8706870494402086,0.12868983242487886,0.03284894816393791,0.0,False
S2_calendar_median_of_expiry_medians,row_iid_NAIVE_reference,iid,,5000,6490,1.8599927046751916,,,,,0.0,
R1_geometric_mean_all_obs,row_iid_NAIVE_reference,iid,,5000,6490,1.2910872241164104,1.2752058125644765,1.3066779593993547,0.0314721468348782,0.007930819970129089,1.0,False
R1e_geometric_mean_expiry_weighted,row_iid_NAIVE_reference,iid,,5000,6490,1.289940920536275,,,,,1.0,
R2_median_ratio_all_obs,row_iid_NAIVE_reference,iid,,5000,6490,1.370507256862478,1.3562281908307445,1.384703944642032,0.02847575381128742,0.007415217839326087,1.0,False
R2e_median_of_expiry_median_ratios,row_iid_NAIVE_reference,iid,,5000,6490,1.3828414725866178,,,,,1.0,
R3_ratio_of_summed_total_variance,row_iid_NAIVE_reference,iid,,5000,6490,1.1159573338732487,1.0874799283217988,1.145978653749818,0.05849872542801915,0.014830355562062775,1.0,False
S1_session_all_obs_median,date_block_stage2c_method,moving_block,10.0,5000,1224,2.6510147677979665,2.3410170582641783,2.964368497935167,0.6233514396709889,0.15783570201106825,0.0,False
S2_session_median_of_expiry_medians,date_block_stage2c_method,moving_block,10.0,5000,1224,2.5232862494189847,,,,,0.0,
S1_calendar_all_obs_median,date_block_stage2c_method,moving_block,10.0,5000,1224,1.8049028316989457,1.5737441683948894,2.0808481636155616,0.5071039952206722,0.13093697707019045,0.0,False
S2_calendar_median_of_expiry_medians,date_block_stage2c_method,moving_block,10.0,5000,1224,1.8599927046751916,,,,,0.0,
R1_geometric_mean_all_obs,date_block_stage2c_method,moving_block,10.0,5000,1224,1.2910872241164104,1.2243388975350677,1.3563162486735443,0.13197735113847653,0.03371580508492754,1.0,False
R1e_geometric_mean_expiry_weighted,date_block_stage2c_method,moving_block,10.0,5000,1224,1.289940920536275,,,,,1.0,
R2_median_ratio_all_obs,date_block_stage2c_method,moving_block,10.0,5000,1224,1.370507256862478,1.3073847988804355,1.429903223718911,0.12251842483847564,0.03108692297490846,1.0,False
R2e_median_of_expiry_median_ratios,date_block_stage2c_method,moving_block,10.0,5000,1224,1.3828414725866178,,,,,1.0,
R3_ratio_of_summed_total_variance,date_block_stage2c_method,moving_block,10.0,5000,1224,1.1159573338732487,0.9899937872438607,1.2477725514731715,0.2577787642293108,0.06606650157392015,1.0,True
S1_session_all_obs_median,expiry_iid_cluster,iid,,5000,260,2.6510147677979665,2.4066181056345943,2.914169645145045,0.5075515395104508,0.13468257251706173,0.0,False
S2_session_median_of_expiry_medians,expiry_iid_cluster,iid,,5000,260,2.5232862494189847,2.273395928137791,2.6928225370082366,0.4194266088704457,0.11563122542065273,0.0,False
S1_calendar_all_obs_median,expiry_iid_cluster,iid,,5000,260,1.8049028316989457,1.604838808273554,2.0525940201237423,0.4477552118501882,0.11326204649291007,0.0,False
S2_calendar_median_of_expiry_medians,expiry_iid_cluster,iid,,5000,260,1.8599927046751916,1.5575868073290486,2.1210114173778765,0.5634246100488278,0.16096201017063336,0.0,False
R1_geometric_mean_all_obs,expiry_iid_cluster,iid,,5000,260,1.2910872241164104,1.228516096891253,1.3519827735335592,0.12346667664230626,0.031237350301910702,1.0,False
R1e_geometric_mean_expiry_weighted,expiry_iid_cluster,iid,,5000,260,1.289940920536275,1.2281696510742128,1.3505139299505418,0.12234427887632893,0.031082745039753664,1.0,False
R2_median_ratio_all_obs,expiry_iid_cluster,iid,,5000,260,1.370507256862478,1.3099158596295843,1.4247022255457737,0.1147863659161894,0.028345330661946944,1.0,False
R2e_median_of_expiry_median_ratios,expiry_iid_cluster,iid,,5000,260,1.3828414725866178,1.3091051663057207,1.4368548646701833,0.1277496983644626,0.026145986065058725,1.0,False
R3_ratio_of_summed_total_variance,expiry_iid_cluster,iid,,5000,260,1.1159573338732487,1.0021951407694676,1.235739049672435,0.2335439089029674,0.06071324247719173,1.0,False
S1_session_all_obs_median,expiry_moving_block_b5,moving_block,5.0,5000,260,2.6510147677979665,2.259548077486956,3.057165139499406,0.7976170620124501,0.20045772853773458,0.0,False
S2_session_median_of_expiry_medians,expiry_moving_block_b5,moving_block,5.0,5000,260,2.5232862494189847,2.2281230943589785,2.878628789876538,0.6505056955175594,0.1605718903695616,0.0,False
S1_calendar_all_obs_median,expiry_moving_block_b5,moving_block,5.0,5000,260,1.8049028316989457,1.5436314563217408,2.1600735836256706,0.6164421273039298,0.15351310634611984,0.0,False
S2_calendar_median_of_expiry_medians,expiry_moving_block_b5,moving_block,5.0,5000,260,1.8599927046751916,1.5330300983902476,2.2197356630434193,0.6867055646531717,0.19297493205733923,0.0,False
R1_geometric_mean_all_obs,expiry_moving_block_b5,moving_block,5.0,5000,260,1.2910872241164104,1.2146794862890267,1.3686747857283559,0.15399529943932921,0.0385804842037242,1.0,False
R1e_geometric_mean_expiry_weighted,expiry_moving_block_b5,moving_block,5.0,5000,260,1.289940920536275,1.2141532979979521,1.366726577679869,0.1525732796819168,0.038286190158754695,1.0,False
R2_median_ratio_all_obs,expiry_moving_block_b5,moving_block,5.0,5000,260,1.370507256862478,1.3006952764507356,1.4365421698991672,0.1358468934484316,0.03361003479665395,1.0,False
R2e_median_of_expiry_median_ratios,expiry_moving_block_b5,moving_block,5.0,5000,260,1.3828414725866178,1.3044398589835047,1.4417437749667528,0.1373039159832481,0.030114699632241487,1.0,False
R3_ratio_of_summed_total_variance,expiry_moving_block_b5,moving_block,5.0,5000,260,1.1159573338732487,0.9778000474107955,1.2684373833992941,0.2906373359884986,0.07413014474102951,1.0,True
S1_session_all_obs_median,expiry_stationary_mean_b5,stationary,5.0,5000,260,2.6510147677979665,2.2307098822328597,3.101270312502981,0.8705604302701211,0.2201498497072433,0.0,False
S2_session_median_of_expiry_medians,expiry_stationary_mean_b5,stationary,5.0,5000,260,2.5232862494189847,2.2093403048667715,2.887184727616786,0.6778444227500144,0.17078145301865488,0.0,False
S1_calendar_all_obs_median,expiry_stationary_mean_b5,stationary,5.0,5000,260,1.8049028316989457,1.544096306653719,2.17773038364467,0.6336340769909512,0.15705327352398207,0.0,False
S2_calendar_median_of_expiry_medians,expiry_stationary_mean_b5,stationary,5.0,5000,260,1.8599927046751916,1.5248286400217357,2.2168494511642267,0.692020811142491,0.19926128978714674,0.0,False
R1_geometric_mean_all_obs,expiry_stationary_mean_b5,stationary,5.0,5000,260,1.2910872241164104,1.2163259942395326,1.3617276997595553,0.14540170552002274,0.03720080718439384,1.0,False
R1e_geometric_mean_expiry_weighted,expiry_stationary_mean_b5,stationary,5.0,5000,260,1.289940920536275,1.2171129808143084,1.3598226835974354,0.142709702783127,0.03678377528830949,1.0,False
R2_median_ratio_all_obs,expiry_stationary_mean_b5,stationary,5.0,5000,260,1.370507256862478,1.303031487519041,1.4314118224035288,0.12838033488448786,0.031700943972778034,1.0,False
R2e_median_of_expiry_median_ratios,expiry_stationary_mean_b5,stationary,5.0,5000,260,1.3828414725866178,1.3083248320184904,1.4393355379436017,0.13101070592511133,0.027687138562149664,1.0,False
R3_ratio_of_summed_total_variance,expiry_stationary_mean_b5,stationary,5.0,5000,260,1.1159573338732487,0.9797536161101459,1.2582970095621253,0.2785433934519794,0.07240908186185577,1.0,True
