estimand,method,scheme,block,reps,n_clusters,estimate,ci_lo,ci_hi,width,boot_se,n_rows,full_sample_estimate
S1_session_all_obs_median,expiry_iid_cluster,iid,,5000,259,4.51173428764522,3.987060177070932,4.848606473874749,0.8615462968038172,0.2207964044611086,259,2.6510147677979665
S2_session_median_of_expiry_medians,expiry_iid_cluster,iid,,5000,259,4.51173428764522,3.987060177070932,4.848606473874749,0.8615462968038172,0.2207964044611086,259,2.5232862494189847
S1_calendar_all_obs_median,expiry_iid_cluster,iid,,5000,259,2.015318212383084,1.6566917832195234,2.3192292509352885,0.6625374677157652,0.16867629541600945,259,1.8049028316989457
S2_calendar_median_of_expiry_medians,expiry_iid_cluster,iid,,5000,259,2.015318212383084,1.6566917832195234,2.3192292509352885,0.6625374677157652,0.16867629541600945,259,1.8599927046751916
R1_geometric_mean_all_obs,expiry_iid_cluster,iid,,5000,259,1.3077200254743464,1.2288496350485885,1.3882251196137634,0.15937548456517492,0.0400561279676129,259,1.2910872241164104
R1e_geometric_mean_expiry_weighted,expiry_iid_cluster,iid,,5000,259,1.3077200254743464,1.2288496350485885,1.3882251196137634,0.15937548456517492,0.0400561279676129,259,1.289940920536275
R2_median_ratio_all_obs,expiry_iid_cluster,iid,,5000,259,1.3586987503760846,1.3011768693346868,1.4496959659964643,0.14851909666177754,0.04046032194219372,259,1.370507256862478
R2e_median_of_expiry_median_ratios,expiry_iid_cluster,iid,,5000,259,1.3586987503760846,1.3011768693346868,1.4496959659964643,0.14851909666177754,0.04046032194219372,259,1.3828414725866178
R3_ratio_of_summed_total_variance,expiry_iid_cluster,iid,,5000,259,1.105467575760924,0.9321498715562965,1.3071631766082414,0.37501330505194497,0.09565457238876472,259,1.1159573338732487
S1_session_all_obs_median,expiry_moving_block_b5,moving_block,5.0,5000,259,4.51173428764522,3.882122157145666,5.072613618056742,1.1904914609110762,0.2963424270689147,259,2.6510147677979665
S2_session_median_of_expiry_medians,expiry_moving_block_b5,moving_block,5.0,5000,259,4.51173428764522,3.882122157145666,5.072613618056742,1.1904914609110762,0.2963424270689147,259,2.5232862494189847
S1_calendar_all_obs_median,expiry_moving_block_b5,moving_block,5.0,5000,259,2.015318212383084,1.6376746761708851,2.413918870142128,0.7762441939712428,0.18826485901656362,259,1.8049028316989457
S2_calendar_median_of_expiry_medians,expiry_moving_block_b5,moving_block,5.0,5000,259,2.015318212383084,1.6376746761708851,2.413918870142128,0.7762441939712428,0.18826485901656362,259,1.8599927046751916
R1_geometric_mean_all_obs,expiry_moving_block_b5,moving_block,5.0,5000,259,1.3077200254743464,1.2227807667603623,1.3897096509379483,0.166928884177586,0.04258178240890941,259,1.2910872241164104
R1e_geometric_mean_expiry_weighted,expiry_moving_block_b5,moving_block,5.0,5000,259,1.3077200254743464,1.2227807667603623,1.3897096509379483,0.166928884177586,0.04258178240890941,259,1.289940920536275
R2_median_ratio_all_obs,expiry_moving_block_b5,moving_block,5.0,5000,259,1.3586987503760846,1.2751161180698343,1.4510519871030763,0.175935869033242,0.04205550782206986,259,1.370507256862478
R2e_median_of_expiry_median_ratios,expiry_moving_block_b5,moving_block,5.0,5000,259,1.3586987503760846,1.2751161180698343,1.4510519871030763,0.175935869033242,0.04205550782206986,259,1.3828414725866178
R3_ratio_of_summed_total_variance,expiry_moving_block_b5,moving_block,5.0,5000,259,1.105467575760924,0.9250063116898878,1.287580608473346,0.3625742967834583,0.09429890213056355,259,1.1159573338732487
