expiry,day,time,T_days,target_start_ts,target_end_ts
2021-09-30,2021-09-27,10:00,3.2284722222222224,2021-09-27T10:01:00+05:30,2021-09-30T15:30:00+05:30
2021-10-07,2021-10-04,10:00,3.2284722222222224,2021-10-04T10:01:00+05:30,2021-10-07T15:30:00+05:30
2021-10-14,2021-10-11,10:00,3.2284722222222224,2021-10-11T10:01:00+05:30,2021-10-14T15:30:00+05:30
2021-10-21,2021-10-18,10:00,3.2284722222222224,2021-10-18T10:01:00+05:30,2021-10-21T15:30:00+05:30
2021-10-28,2021-10-25,10:00,3.2284722222222224,2021-10-25T10:01:00+05:30,2021-10-28T15:30:00+05:30
2021-11-03,2021-11-02,10:00,1.2284722222222222,2021-11-02T10:01:00+05:30,2021-11-03T15:30:00+05:30
2021-11-11,2021-11-08,10:00,3.2284722222222224,2021-11-08T10:01:00+05:30,2021-11-11T15:30:00+05:30
2021-11-18,2021-11-15,10:00,3.2284722222222224,2021-11-15T10:01:00+05:30,2021-11-18T15:30:00+05:30
2021-11-25,2021-11-22,10:00,3.2284722222222224,2021-11-22T10:01:00+05:30,2021-11-25T15:30:00+05:30
2021-12-02,2021-11-29,10:00,3.2284722222222224,2021-11-29T10:01:00+05:30,2021-12-02T15:30:00+05:30
2021-12-09,2021-12-06,10:00,3.2284722222222224,2021-12-06T10:01:00+05:30,2021-12-09T15:30:00+05:30
2021-12-16,2021-12-13,10:00,3.2284722222222224,2021-12-13T10:01:00+05:30,2021-12-16T15:30:00+05:30
2021-12-23,2021-12-20,10:00,3.2284722222222224,2021-12-20T10:01:00+05:30,2021-12-23T15:30:00+05:30
2021-12-30,2021-12-27,10:00,3.2284722222222224,2021-12-27T10:01:00+05:30,2021-12-30T15:30:00+05:30
2022-01-06,2022-01-03,10:00,3.2284722222222224,2022-01-03T10:01:00+05:30,2022-01-06T15:30:00+05:30
2022-01-13,2022-01-10,10:00,3.2284722222222224,2022-01-10T10:01:00+05:30,2022-01-13T15:30:00+05:30
2022-01-20,2022-01-17,10:00,3.2284722222222224,2022-01-17T10:01:00+05:30,2022-01-20T15:30:00+05:30
2022-01-27,2022-01-24,10:00,3.2284722222222224,2022-01-24T10:01:00+05:30,2022-01-27T15:30:00+05:30
2022-02-03,2022-01-31,10:00,3.2284722222222224,2022-01-31T10:01:00+05:30,2022-02-03T15:30:00+05:30
2022-02-10,2022-02-07,10:00,3.2284722222222224,2022-02-07T10:01:00+05:30,2022-02-10T15:30:00+05:30
2022-02-17,2022-02-14,10:00,3.2284722222222224,2022-02-14T10:01:00+05:30,2022-02-17T15:30:00+05:30
2022-02-24,2022-02-21,10:00,3.2284722222222224,2022-02-21T10:01:00+05:30,2022-02-24T15:30:00+05:30
2022-03-03,2022-02-28,10:00,3.2284722222222224,2022-02-28T10:01:00+05:30,2022-03-03T15:30:00+05:30
2022-03-10,2022-03-08,10:00,2.2284722222222224,2022-03-08T10:01:00+05:30,2022-03-10T15:30:00+05:30
2022-03-17,2022-03-14,10:00,3.2284722222222224,2022-03-14T10:01:00+05:30,2022-03-17T15:30:00+05:30
2022-03-24,2022-03-21,10:00,3.2284722222222224,2022-03-21T10:01:00+05:30,2022-03-24T15:30:00+05:30
2022-03-31,2022-03-28,10:00,3.2284722222222224,2022-03-28T10:01:00+05:30,2022-03-31T15:30:00+05:30
2022-04-07,2022-04-04,10:00,3.2284722222222224,2022-04-04T10:01:00+05:30,2022-04-07T15:30:00+05:30
2022-04-13,2022-04-08,10:00,5.228472222222222,2022-04-08T10:01:00+05:30,2022-04-13T15:30:00+05:30
2022-04-21,2022-04-18,10:00,3.2284722222222224,2022-04-18T10:01:00+05:30,2022-04-21T15:30:00+05:30
2022-04-28,2022-04-25,10:00,3.2284722222222224,2022-04-25T10:01:00+05:30,2022-04-28T15:30:00+05:30
2022-05-05,2022-05-02,10:00,3.2284722222222224,2022-05-02T10:01:00+05:30,2022-05-05T15:30:00+05:30
2022-05-12,2022-05-09,10:00,3.2284722222222224,2022-05-09T10:01:00+05:30,2022-05-12T15:30:00+05:30
2022-05-19,2022-05-16,10:00,3.2284722222222224,2022-05-16T10:01:00+05:30,2022-05-19T15:30:00+05:30
2022-05-26,2022-05-23,10:00,3.2284722222222224,2022-05-23T10:01:00+05:30,2022-05-26T15:30:00+05:30
2022-06-02,2022-05-30,10:00,3.2284722222222224,2022-05-30T10:01:00+05:30,2022-06-02T15:30:00+05:30
2022-06-09,2022-06-06,10:00,3.2284722222222224,2022-06-06T10:01:00+05:30,2022-06-09T15:30:00+05:30
2022-06-16,2022-06-13,10:00,3.2284722222222224,2022-06-13T10:01:00+05:30,2022-06-16T15:30:00+05:30
2022-06-23,2022-06-20,10:00,3.2284722222222224,2022-06-20T10:01:00+05:30,2022-06-23T15:30:00+05:30
2022-06-30,2022-06-27,10:00,3.2284722222222224,2022-06-27T10:01:00+05:30,2022-06-30T15:30:00+05:30
2022-07-07,2022-07-04,10:00,3.2284722222222224,2022-07-04T10:01:00+05:30,2022-07-07T15:30:00+05:30
2022-07-14,2022-07-11,10:00,3.2284722222222224,2022-07-11T10:01:00+05:30,2022-07-14T15:30:00+05:30
2022-07-21,2022-07-18,10:00,3.2284722222222224,2022-07-18T10:01:00+05:30,2022-07-21T15:30:00+05:30
2022-07-28,2022-07-25,10:00,3.2284722222222224,2022-07-25T10:01:00+05:30,2022-07-28T15:30:00+05:30
2022-08-04,2022-08-01,10:00,3.2284722222222224,2022-08-01T10:01:00+05:30,2022-08-04T15:30:00+05:30
2022-08-11,2022-08-08,10:00,3.2284722222222224,2022-08-08T10:01:00+05:30,2022-08-11T15:30:00+05:30
2022-08-18,2022-08-16,10:00,2.2284722222222224,2022-08-16T10:01:00+05:30,2022-08-18T15:30:00+05:30
2022-08-25,2022-08-22,10:00,3.2284722222222224,2022-08-22T10:01:00+05:30,2022-08-25T15:30:00+05:30
2022-09-01,2022-08-29,10:00,3.2284722222222224,2022-08-29T10:01:00+05:30,2022-09-01T15:30:00+05:30
2022-09-08,2022-09-05,10:00,3.2284722222222224,2022-09-05T10:01:00+05:30,2022-09-08T15:30:00+05:30
2022-09-15,2022-09-12,10:00,3.2284722222222224,2022-09-12T10:01:00+05:30,2022-09-15T15:30:00+05:30
2022-09-22,2022-09-19,10:00,3.2284722222222224,2022-09-19T10:01:00+05:30,2022-09-22T15:30:00+05:30
2022-09-29,2022-09-26,10:00,3.2284722222222224,2022-09-26T10:01:00+05:30,2022-09-29T15:30:00+05:30
2022-10-06,2022-10-03,10:00,3.2284722222222224,2022-10-03T10:01:00+05:30,2022-10-06T15:30:00+05:30
2022-10-13,2022-10-10,10:00,3.2284722222222224,2022-10-10T10:01:00+05:30,2022-10-13T15:30:00+05:30
2022-10-20,2022-10-17,10:00,3.2284722222222224,2022-10-17T10:01:00+05:30,2022-10-20T15:30:00+05:30
2022-10-27,2022-10-25,10:00,2.2284722222222224,2022-10-25T10:01:00+05:30,2022-10-27T15:30:00+05:30
2022-11-03,2022-10-31,10:00,3.2284722222222224,2022-10-31T10:01:00+05:30,2022-11-03T15:30:00+05:30
2022-11-10,2022-11-07,10:00,3.2284722222222224,2022-11-07T10:01:00+05:30,2022-11-10T15:30:00+05:30
2022-11-17,2022-11-14,10:00,3.2284722222222224,2022-11-14T10:01:00+05:30,2022-11-17T15:30:00+05:30
2022-11-24,2022-11-21,10:00,3.2284722222222224,2022-11-21T10:01:00+05:30,2022-11-24T15:30:00+05:30
2022-12-01,2022-11-28,10:00,3.2284722222222224,2022-11-28T10:01:00+05:30,2022-12-01T15:30:00+05:30
2022-12-08,2022-12-05,10:00,3.2284722222222224,2022-12-05T10:01:00+05:30,2022-12-08T15:30:00+05:30
2022-12-15,2022-12-12,10:00,3.2284722222222224,2022-12-12T10:01:00+05:30,2022-12-15T15:30:00+05:30
2022-12-22,2022-12-19,10:00,3.2284722222222224,2022-12-19T10:01:00+05:30,2022-12-22T15:30:00+05:30
2022-12-29,2022-12-26,10:00,3.2284722222222224,2022-12-26T10:01:00+05:30,2022-12-29T15:30:00+05:30
2023-01-05,2023-01-02,10:00,3.2284722222222224,2023-01-02T10:01:00+05:30,2023-01-05T15:30:00+05:30
2023-01-12,2023-01-09,10:00,3.2284722222222224,2023-01-09T10:01:00+05:30,2023-01-12T15:30:00+05:30
2023-01-19,2023-01-16,10:00,3.2284722222222224,2023-01-16T10:01:00+05:30,2023-01-19T15:30:00+05:30
2023-01-25,2023-01-20,10:00,5.228472222222222,2023-01-20T10:01:00+05:30,2023-01-25T15:30:00+05:30
2023-02-02,2023-01-30,10:00,3.2284722222222224,2023-01-30T10:01:00+05:30,2023-02-02T15:30:00+05:30
2023-02-09,2023-02-06,10:00,3.2284722222222224,2023-02-06T10:01:00+05:30,2023-02-09T15:30:00+05:30
2023-02-16,2023-02-13,10:00,3.2284722222222224,2023-02-13T10:01:00+05:30,2023-02-16T15:30:00+05:30
2023-02-23,2023-02-20,10:00,3.2284722222222224,2023-02-20T10:01:00+05:30,2023-02-23T15:30:00+05:30
2023-03-02,2023-02-27,10:00,3.2284722222222224,2023-02-27T10:01:00+05:30,2023-03-02T15:30:00+05:30
2023-03-09,2023-03-06,10:00,3.2284722222222224,2023-03-06T10:01:00+05:30,2023-03-09T15:30:00+05:30
2023-03-16,2023-03-13,10:00,3.2284722222222224,2023-03-13T10:01:00+05:30,2023-03-16T15:30:00+05:30
2023-03-23,2023-03-20,10:00,3.2284722222222224,2023-03-20T10:01:00+05:30,2023-03-23T15:30:00+05:30
2023-03-29,2023-03-24,10:00,5.228472222222222,2023-03-24T10:01:00+05:30,2023-03-29T15:30:00+05:30
2023-04-06,2023-04-03,10:00,3.2284722222222224,2023-04-03T10:01:00+05:30,2023-04-06T15:30:00+05:30
2023-04-13,2023-04-10,10:00,3.2284722222222224,2023-04-10T10:01:00+05:30,2023-04-13T15:30:00+05:30
2023-04-20,2023-04-17,10:00,3.2284722222222224,2023-04-17T10:01:00+05:30,2023-04-20T15:30:00+05:30
2023-04-27,2023-04-24,10:00,3.2284722222222224,2023-04-24T10:01:00+05:30,2023-04-27T15:30:00+05:30
2023-05-04,2023-05-02,10:00,2.2284722222222224,2023-05-02T10:01:00+05:30,2023-05-04T15:30:00+05:30
2023-05-11,2023-05-08,10:00,3.2284722222222224,2023-05-08T10:01:00+05:30,2023-05-11T15:30:00+05:30
2023-05-18,2023-05-15,10:00,3.2284722222222224,2023-05-15T10:01:00+05:30,2023-05-18T15:30:00+05:30
2023-05-25,2023-05-22,10:00,3.2284722222222224,2023-05-22T10:01:00+05:30,2023-05-25T15:30:00+05:30
2023-06-01,2023-05-29,10:00,3.2284722222222224,2023-05-29T10:01:00+05:30,2023-06-01T15:30:00+05:30
2023-06-08,2023-06-05,10:00,3.2284722222222224,2023-06-05T10:01:00+05:30,2023-06-08T15:30:00+05:30
2023-06-15,2023-06-12,10:00,3.2284722222222224,2023-06-12T10:01:00+05:30,2023-06-15T15:30:00+05:30
2023-06-22,2023-06-19,10:00,3.2284722222222224,2023-06-19T10:01:00+05:30,2023-06-22T15:30:00+05:30
2023-07-06,2023-07-03,10:00,3.2284722222222224,2023-07-03T10:01:00+05:30,2023-07-06T15:30:00+05:30
2023-07-13,2023-07-10,10:00,3.2284722222222224,2023-07-10T10:01:00+05:30,2023-07-13T15:30:00+05:30
2023-07-20,2023-07-17,10:00,3.2284722222222224,2023-07-17T10:01:00+05:30,2023-07-20T15:30:00+05:30
2023-07-27,2023-07-24,10:00,3.2284722222222224,2023-07-24T10:01:00+05:30,2023-07-27T15:30:00+05:30
2023-08-03,2023-07-31,10:00,3.2284722222222224,2023-07-31T10:01:00+05:30,2023-08-03T15:30:00+05:30
2023-08-10,2023-08-07,10:00,3.2284722222222224,2023-08-07T10:01:00+05:30,2023-08-10T15:30:00+05:30
2023-08-17,2023-08-14,10:00,3.2284722222222224,2023-08-14T10:01:00+05:30,2023-08-17T15:30:00+05:30
2023-08-24,2023-08-21,10:00,3.2284722222222224,2023-08-21T10:01:00+05:30,2023-08-24T15:30:00+05:30
2023-08-31,2023-08-28,10:00,3.2284722222222224,2023-08-28T10:01:00+05:30,2023-08-31T15:30:00+05:30
2023-09-07,2023-09-04,10:00,3.2284722222222224,2023-09-04T10:01:00+05:30,2023-09-07T15:30:00+05:30
2023-09-14,2023-09-11,10:00,3.2284722222222224,2023-09-11T10:01:00+05:30,2023-09-14T15:30:00+05:30
2023-09-28,2023-09-25,10:00,3.2284722222222224,2023-09-25T10:01:00+05:30,2023-09-28T15:30:00+05:30
2023-10-05,2023-10-03,10:00,2.2284722222222224,2023-10-03T10:01:00+05:30,2023-10-05T15:30:00+05:30
2023-10-12,2023-10-09,10:00,3.2284722222222224,2023-10-09T10:01:00+05:30,2023-10-12T15:30:00+05:30
2023-10-19,2023-10-16,10:00,3.2284722222222224,2023-10-16T10:01:00+05:30,2023-10-19T15:30:00+05:30
2023-10-26,2023-10-23,10:00,3.2284722222222224,2023-10-23T10:01:00+05:30,2023-10-26T15:30:00+05:30
2023-11-02,2023-10-30,10:00,3.2284722222222224,2023-10-30T10:01:00+05:30,2023-11-02T15:30:00+05:30
2023-11-09,2023-11-06,10:00,3.2284722222222224,2023-11-06T10:01:00+05:30,2023-11-09T15:30:00+05:30
2023-11-16,2023-11-13,10:00,3.2284722222222224,2023-11-13T10:01:00+05:30,2023-11-16T15:30:00+05:30
2023-11-23,2023-11-20,10:00,3.2284722222222224,2023-11-20T10:01:00+05:30,2023-11-23T15:30:00+05:30
2023-11-30,2023-11-28,10:00,2.2284722222222224,2023-11-28T10:01:00+05:30,2023-11-30T15:30:00+05:30
2023-12-07,2023-12-04,10:00,3.2284722222222224,2023-12-04T10:01:00+05:30,2023-12-07T15:30:00+05:30
2023-12-14,2023-12-11,10:00,3.2284722222222224,2023-12-11T10:01:00+05:30,2023-12-14T15:30:00+05:30
2023-12-21,2023-12-18,10:00,3.2284722222222224,2023-12-18T10:01:00+05:30,2023-12-21T15:30:00+05:30
2023-12-28,2023-12-26,10:00,2.2284722222222224,2023-12-26T10:01:00+05:30,2023-12-28T15:30:00+05:30
2024-01-04,2024-01-01,10:00,3.2284722222222224,2024-01-01T10:01:00+05:30,2024-01-04T15:30:00+05:30
2024-01-11,2024-01-08,10:00,3.2284722222222224,2024-01-08T10:01:00+05:30,2024-01-11T15:30:00+05:30
2024-01-18,2024-01-15,10:00,3.2284722222222224,2024-01-15T10:01:00+05:30,2024-01-18T15:30:00+05:30
2024-01-25,2024-01-23,10:00,2.2284722222222224,2024-01-23T10:01:00+05:30,2024-01-25T15:30:00+05:30
2024-02-01,2024-01-29,10:00,3.2284722222222224,2024-01-29T10:01:00+05:30,2024-02-01T15:30:00+05:30
2024-02-08,2024-02-05,10:00,3.2284722222222224,2024-02-05T10:01:00+05:30,2024-02-08T15:30:00+05:30
2024-02-15,2024-02-12,10:00,3.2284722222222224,2024-02-12T10:01:00+05:30,2024-02-15T15:30:00+05:30
2024-02-22,2024-02-19,10:00,3.2284722222222224,2024-02-19T10:01:00+05:30,2024-02-22T15:30:00+05:30
2024-02-29,2024-02-26,10:00,3.2284722222222224,2024-02-26T10:01:00+05:30,2024-02-29T15:30:00+05:30
2024-03-07,2024-03-04,10:00,3.2284722222222224,2024-03-04T10:01:00+05:30,2024-03-07T15:30:00+05:30
2024-03-14,2024-03-11,10:00,3.2284722222222224,2024-03-11T10:01:00+05:30,2024-03-14T15:30:00+05:30
2024-03-21,2024-03-18,10:00,3.2284722222222224,2024-03-18T10:01:00+05:30,2024-03-21T15:30:00+05:30
2024-03-28,2024-03-26,10:00,2.2284722222222224,2024-03-26T10:01:00+05:30,2024-03-28T15:30:00+05:30
2024-04-04,2024-04-01,10:00,3.2284722222222224,2024-04-01T10:01:00+05:30,2024-04-04T15:30:00+05:30
2024-04-10,2024-04-05,10:00,5.228472222222222,2024-04-05T10:01:00+05:30,2024-04-10T15:30:00+05:30
2024-04-18,2024-04-15,10:00,3.2284722222222224,2024-04-15T10:01:00+05:30,2024-04-18T15:30:00+05:30
2024-04-25,2024-04-22,10:00,3.2284722222222224,2024-04-22T10:01:00+05:30,2024-04-25T15:30:00+05:30
2024-05-02,2024-04-29,10:00,3.2284722222222224,2024-04-29T10:01:00+05:30,2024-05-02T15:30:00+05:30
2024-05-09,2024-05-06,10:00,3.2284722222222224,2024-05-06T10:01:00+05:30,2024-05-09T15:30:00+05:30
2024-05-16,2024-05-13,10:00,3.2284722222222224,2024-05-13T10:01:00+05:30,2024-05-16T15:30:00+05:30
2024-05-23,2024-05-21,10:00,2.2284722222222224,2024-05-21T10:01:00+05:30,2024-05-23T15:30:00+05:30
2024-05-30,2024-05-27,10:00,3.2284722222222224,2024-05-27T10:01:00+05:30,2024-05-30T15:30:00+05:30
2024-06-06,2024-06-03,10:00,3.2284722222222224,2024-06-03T10:01:00+05:30,2024-06-06T15:30:00+05:30
2024-06-13,2024-06-10,10:00,3.2284722222222224,2024-06-10T10:01:00+05:30,2024-06-13T15:30:00+05:30
2024-06-20,2024-06-18,10:00,2.2284722222222224,2024-06-18T10:01:00+05:30,2024-06-20T15:30:00+05:30
2024-06-27,2024-06-24,10:00,3.2284722222222224,2024-06-24T10:01:00+05:30,2024-06-27T15:30:00+05:30
2024-07-04,2024-07-01,10:00,3.2284722222222224,2024-07-01T10:01:00+05:30,2024-07-04T15:30:00+05:30
2024-07-11,2024-07-08,10:00,3.2284722222222224,2024-07-08T10:01:00+05:30,2024-07-11T15:30:00+05:30
2024-07-18,2024-07-15,10:00,3.2284722222222224,2024-07-15T10:01:00+05:30,2024-07-18T15:30:00+05:30
2024-07-25,2024-07-22,10:00,3.2284722222222224,2024-07-22T10:01:00+05:30,2024-07-25T15:30:00+05:30
2024-08-01,2024-07-29,10:00,3.2284722222222224,2024-07-29T10:01:00+05:30,2024-08-01T15:30:00+05:30
2024-08-08,2024-08-05,10:00,3.2284722222222224,2024-08-05T10:01:00+05:30,2024-08-08T15:30:00+05:30
2024-08-14,2024-08-09,10:00,5.228472222222222,2024-08-09T10:01:00+05:30,2024-08-14T15:30:00+05:30
2024-08-22,2024-08-19,10:00,3.2284722222222224,2024-08-19T10:01:00+05:30,2024-08-22T15:30:00+05:30
2024-08-29,2024-08-26,10:00,3.2284722222222224,2024-08-26T10:01:00+05:30,2024-08-29T15:30:00+05:30
2024-09-05,2024-09-02,10:00,3.2284722222222224,2024-09-02T10:01:00+05:30,2024-09-05T15:30:00+05:30
2024-09-12,2024-09-09,10:00,3.2284722222222224,2024-09-09T10:01:00+05:30,2024-09-12T15:30:00+05:30
2024-09-19,2024-09-16,10:00,3.2284722222222224,2024-09-16T10:01:00+05:30,2024-09-19T15:30:00+05:30
2024-09-26,2024-09-23,10:00,3.2284722222222224,2024-09-23T10:01:00+05:30,2024-09-26T15:30:00+05:30
2024-10-03,2024-09-30,10:00,3.2284722222222224,2024-09-30T10:01:00+05:30,2024-10-03T15:30:00+05:30
2024-10-10,2024-10-07,10:00,3.2284722222222224,2024-10-07T10:01:00+05:30,2024-10-10T15:30:00+05:30
2024-10-17,2024-10-14,10:00,3.2284722222222224,2024-10-14T10:01:00+05:30,2024-10-17T15:30:00+05:30
2024-10-24,2024-10-21,10:00,3.2284722222222224,2024-10-21T10:01:00+05:30,2024-10-24T15:30:00+05:30
2024-10-31,2024-10-28,10:00,3.2284722222222224,2024-10-28T10:01:00+05:30,2024-10-31T15:30:00+05:30
2024-11-07,2024-11-04,10:00,3.2284722222222224,2024-11-04T10:01:00+05:30,2024-11-07T15:30:00+05:30
2024-11-14,2024-11-11,10:00,3.2284722222222224,2024-11-11T10:01:00+05:30,2024-11-14T15:30:00+05:30
2024-11-21,2024-11-18,10:00,3.2284722222222224,2024-11-18T10:01:00+05:30,2024-11-21T15:30:00+05:30
2024-11-28,2024-11-25,10:00,3.2284722222222224,2024-11-25T10:01:00+05:30,2024-11-28T15:30:00+05:30
2024-12-05,2024-12-02,10:00,3.2284722222222224,2024-12-02T10:01:00+05:30,2024-12-05T15:30:00+05:30
2024-12-12,2024-12-09,10:00,3.2284722222222224,2024-12-09T10:01:00+05:30,2024-12-12T15:30:00+05:30
2024-12-19,2024-12-16,10:00,3.2284722222222224,2024-12-16T10:01:00+05:30,2024-12-19T15:30:00+05:30
2024-12-26,2024-12-23,10:00,3.2284722222222224,2024-12-23T10:01:00+05:30,2024-12-26T15:30:00+05:30
2025-01-02,2024-12-30,10:00,3.2284722222222224,2024-12-30T10:01:00+05:30,2025-01-02T15:30:00+05:30
2025-01-09,2025-01-06,10:00,3.2284722222222224,2025-01-06T10:01:00+05:30,2025-01-09T15:30:00+05:30
2025-01-16,2025-01-13,10:00,3.2284722222222224,2025-01-13T10:01:00+05:30,2025-01-16T15:30:00+05:30
2025-01-23,2025-01-20,10:00,3.2284722222222224,2025-01-20T10:01:00+05:30,2025-01-23T15:30:00+05:30
2025-01-30,2025-01-27,10:00,3.2284722222222224,2025-01-27T10:01:00+05:30,2025-01-30T15:30:00+05:30
2025-02-06,2025-02-03,10:00,3.2284722222222224,2025-02-03T10:01:00+05:30,2025-02-06T15:30:00+05:30
2025-02-13,2025-02-10,10:00,3.2284722222222224,2025-02-10T10:01:00+05:30,2025-02-13T15:30:00+05:30
2025-02-20,2025-02-17,10:00,3.2284722222222224,2025-02-17T10:01:00+05:30,2025-02-20T15:30:00+05:30
2025-02-27,2025-02-24,10:00,3.2284722222222224,2025-02-24T10:01:00+05:30,2025-02-27T15:30:00+05:30
2025-03-06,2025-03-03,10:00,3.2284722222222224,2025-03-03T10:01:00+05:30,2025-03-06T15:30:00+05:30
2025-03-13,2025-03-10,10:00,3.2284722222222224,2025-03-10T10:01:00+05:30,2025-03-13T15:30:00+05:30
2025-03-20,2025-03-17,10:00,3.2284722222222224,2025-03-17T10:01:00+05:30,2025-03-20T15:30:00+05:30
2025-03-27,2025-03-24,10:00,3.2284722222222224,2025-03-24T10:01:00+05:30,2025-03-27T15:30:00+05:30
2025-04-03,2025-04-01,10:00,2.2284722222222224,2025-04-01T10:01:00+05:30,2025-04-03T15:30:00+05:30
2025-04-09,2025-04-04,10:00,5.228472222222222,2025-04-04T10:01:00+05:30,2025-04-09T15:30:00+05:30
2025-04-17,2025-04-15,10:00,2.2284722222222224,2025-04-15T10:01:00+05:30,2025-04-17T15:30:00+05:30
2025-04-24,2025-04-21,10:00,3.2284722222222224,2025-04-21T10:01:00+05:30,2025-04-24T15:30:00+05:30
2025-04-30,2025-04-25,10:00,5.228472222222222,2025-04-25T10:01:00+05:30,2025-04-30T15:30:00+05:30
2025-05-08,2025-05-05,10:00,3.2284722222222224,2025-05-05T10:01:00+05:30,2025-05-08T15:30:00+05:30
2025-05-15,2025-05-12,10:00,3.2284722222222224,2025-05-12T10:01:00+05:30,2025-05-15T15:30:00+05:30
2025-05-22,2025-05-19,10:00,3.2284722222222224,2025-05-19T10:01:00+05:30,2025-05-22T15:30:00+05:30
2025-05-29,2025-05-26,10:00,3.2284722222222224,2025-05-26T10:01:00+05:30,2025-05-29T15:30:00+05:30
2025-06-05,2025-06-02,10:00,3.2284722222222224,2025-06-02T10:01:00+05:30,2025-06-05T15:30:00+05:30
2025-06-12,2025-06-09,10:00,3.2284722222222224,2025-06-09T10:01:00+05:30,2025-06-12T15:30:00+05:30
2025-06-19,2025-06-16,10:00,3.2284722222222224,2025-06-16T10:01:00+05:30,2025-06-19T15:30:00+05:30
2025-06-26,2025-06-23,10:00,3.2284722222222224,2025-06-23T10:01:00+05:30,2025-06-26T15:30:00+05:30
2025-07-03,2025-06-30,10:00,3.2284722222222224,2025-06-30T10:01:00+05:30,2025-07-03T15:30:00+05:30
2025-07-10,2025-07-07,10:00,3.2284722222222224,2025-07-07T10:01:00+05:30,2025-07-10T15:30:00+05:30
2025-07-17,2025-07-14,10:00,3.2284722222222224,2025-07-14T10:01:00+05:30,2025-07-17T15:30:00+05:30
2025-07-24,2025-07-21,10:00,3.2284722222222224,2025-07-21T10:01:00+05:30,2025-07-24T15:30:00+05:30
2025-07-31,2025-07-28,10:00,3.2284722222222224,2025-07-28T10:01:00+05:30,2025-07-31T15:30:00+05:30
2025-08-07,2025-08-04,10:00,3.2284722222222224,2025-08-04T10:01:00+05:30,2025-08-07T15:30:00+05:30
2025-08-14,2025-08-11,10:00,3.2284722222222224,2025-08-11T10:01:00+05:30,2025-08-14T15:30:00+05:30
2025-08-21,2025-08-18,10:00,3.2284722222222224,2025-08-18T10:01:00+05:30,2025-08-21T15:30:00+05:30
2025-08-28,2025-08-25,10:00,3.2284722222222224,2025-08-25T10:01:00+05:30,2025-08-28T15:30:00+05:30
2025-09-09,2025-09-04,10:00,5.228472222222222,2025-09-04T10:01:00+05:30,2025-09-09T15:30:00+05:30
2025-09-16,2025-09-11,10:00,5.228472222222222,2025-09-11T10:01:00+05:30,2025-09-16T15:30:00+05:30
2025-09-23,2025-09-18,10:00,5.228472222222222,2025-09-18T10:01:00+05:30,2025-09-23T15:30:00+05:30
2025-09-30,2025-09-25,10:00,5.228472222222222,2025-09-25T10:01:00+05:30,2025-09-30T15:30:00+05:30
2025-10-07,2025-10-03,10:00,4.228472222222222,2025-10-03T10:01:00+05:30,2025-10-07T15:30:00+05:30
2025-10-14,2025-10-09,10:00,5.228472222222222,2025-10-09T10:01:00+05:30,2025-10-14T15:30:00+05:30
2025-10-20,2025-10-15,10:00,5.228472222222222,2025-10-15T10:01:00+05:30,2025-10-20T15:30:00+05:30
2025-10-28,2025-10-23,10:00,5.228472222222222,2025-10-23T10:01:00+05:30,2025-10-28T15:30:00+05:30
2025-11-04,2025-10-30,10:00,5.228472222222222,2025-10-30T10:01:00+05:30,2025-11-04T15:30:00+05:30
2025-11-11,2025-11-06,10:00,5.228472222222222,2025-11-06T10:01:00+05:30,2025-11-11T15:30:00+05:30
2025-11-18,2025-11-13,10:00,5.228472222222222,2025-11-13T10:01:00+05:30,2025-11-18T15:30:00+05:30
2025-11-25,2025-11-20,10:00,5.228472222222222,2025-11-20T10:01:00+05:30,2025-11-25T15:30:00+05:30
2025-12-02,2025-11-27,10:00,5.228472222222222,2025-11-27T10:01:00+05:30,2025-12-02T15:30:00+05:30
2025-12-09,2025-12-04,10:00,5.228472222222222,2025-12-04T10:01:00+05:30,2025-12-09T15:30:00+05:30
2025-12-16,2025-12-11,10:00,5.228472222222222,2025-12-11T10:01:00+05:30,2025-12-16T15:30:00+05:30
2025-12-23,2025-12-18,10:00,5.228472222222222,2025-12-18T10:01:00+05:30,2025-12-23T15:30:00+05:30
2025-12-30,2025-12-26,10:00,4.228472222222222,2025-12-26T10:01:00+05:30,2025-12-30T15:30:00+05:30
2026-01-06,2026-01-01,10:00,5.228472222222222,2026-01-01T10:01:00+05:30,2026-01-06T15:30:00+05:30
2026-01-13,2026-01-08,10:00,5.228472222222222,2026-01-08T10:01:00+05:30,2026-01-13T15:30:00+05:30
2026-01-20,2026-01-16,10:00,4.228472222222222,2026-01-16T10:01:00+05:30,2026-01-20T15:30:00+05:30
2026-01-27,2026-01-22,10:00,5.228472222222222,2026-01-22T10:01:00+05:30,2026-01-27T15:30:00+05:30
2026-02-03,2026-01-29,10:00,5.228472222222222,2026-01-29T10:01:00+05:30,2026-02-03T15:30:00+05:30
2026-02-10,2026-02-05,10:00,5.228472222222222,2026-02-05T10:01:00+05:30,2026-02-10T15:30:00+05:30
2026-02-17,2026-02-12,10:00,5.228472222222222,2026-02-12T10:01:00+05:30,2026-02-17T15:30:00+05:30
2026-02-24,2026-02-19,10:00,5.228472222222222,2026-02-19T10:01:00+05:30,2026-02-24T15:30:00+05:30
2026-03-02,2026-02-25,10:00,5.228472222222222,2026-02-25T10:01:00+05:30,2026-03-02T15:30:00+05:30
2026-03-10,2026-03-05,10:00,5.228472222222222,2026-03-05T10:01:00+05:30,2026-03-10T15:30:00+05:30
2026-03-17,2026-03-12,10:00,5.228472222222222,2026-03-12T10:01:00+05:30,2026-03-17T15:30:00+05:30
2026-03-24,2026-03-19,10:00,5.228472222222222,2026-03-19T10:01:00+05:30,2026-03-24T15:30:00+05:30
2026-03-30,2026-03-25,10:00,5.228472222222222,2026-03-25T10:01:00+05:30,2026-03-30T15:30:00+05:30
2026-04-07,2026-04-02,10:00,5.228472222222222,2026-04-02T10:01:00+05:30,2026-04-07T15:30:00+05:30
2026-04-13,2026-04-08,10:00,5.228472222222222,2026-04-08T10:01:00+05:30,2026-04-13T15:30:00+05:30
2026-04-21,2026-04-16,10:00,5.228472222222222,2026-04-16T10:01:00+05:30,2026-04-21T15:30:00+05:30
2026-04-28,2026-04-23,10:00,5.228472222222222,2026-04-23T10:01:00+05:30,2026-04-28T15:30:00+05:30
2026-05-05,2026-04-30,10:00,5.228472222222222,2026-04-30T10:01:00+05:30,2026-05-05T15:30:00+05:30
2026-05-12,2026-05-07,10:00,5.228472222222222,2026-05-07T10:01:00+05:30,2026-05-12T15:30:00+05:30
2026-05-19,2026-05-14,10:00,5.228472222222222,2026-05-14T10:01:00+05:30,2026-05-19T15:30:00+05:30
2026-05-26,2026-05-21,10:00,5.228472222222222,2026-05-21T10:01:00+05:30,2026-05-26T15:30:00+05:30
2026-06-02,2026-05-29,10:00,4.228472222222222,2026-05-29T10:01:00+05:30,2026-06-02T15:30:00+05:30
2026-06-09,2026-06-04,10:00,5.228472222222222,2026-06-04T10:01:00+05:30,2026-06-09T15:30:00+05:30
2026-06-16,2026-06-11,10:00,5.228472222222222,2026-06-11T10:01:00+05:30,2026-06-16T15:30:00+05:30
2026-06-23,2026-06-18,10:00,5.228472222222222,2026-06-18T10:01:00+05:30,2026-06-23T15:30:00+05:30
2026-06-30,2026-06-25,10:00,5.228472222222222,2026-06-25T10:01:00+05:30,2026-06-30T15:30:00+05:30
2026-07-07,2026-07-02,10:00,5.228472222222222,2026-07-02T10:01:00+05:30,2026-07-07T15:30:00+05:30
2026-07-14,2026-07-09,10:00,5.228472222222222,2026-07-09T10:01:00+05:30,2026-07-14T15:30:00+05:30
2026-07-21,2026-07-16,10:00,5.228472222222222,2026-07-16T10:01:00+05:30,2026-07-21T15:30:00+05:30
2026-07-28,2026-07-23,10:00,5.228472222222222,2026-07-23T10:01:00+05:30,2026-07-28T15:30:00+05:30
2026-08-04,2026-07-30,10:00,5.235416666666667,2026-07-30T10:01:00+05:30,2026-08-04T15:30:00+05:30
2026-08-11,2026-08-06,10:00,5.235416666666667,2026-08-06T10:01:00+05:30,2026-08-11T15:30:00+05:30
2026-08-18,2026-08-13,10:00,5.235416666666667,2026-08-13T10:01:00+05:30,2026-08-18T15:30:00+05:30
2026-08-25,2026-08-20,10:00,5.235416666666667,2026-08-20T10:01:00+05:30,2026-08-25T15:30:00+05:30
2026-09-01,2026-08-27,10:00,5.235416666666667,2026-08-27T10:01:00+05:30,2026-09-01T15:30:00+05:30
2026-09-08,2026-09-03,10:00,5.235416666666667,2026-09-03T10:01:00+05:30,2026-09-08T15:30:00+05:30
2026-09-15,2026-09-10,10:00,5.235416666666667,2026-09-10T10:01:00+05:30,2026-09-15T15:30:00+05:30
2026-09-22,2026-09-17,10:00,5.235416666666667,2026-09-17T10:01:00+05:30,2026-09-22T15:30:00+05:30
2026-09-29,2026-09-24,10:00,5.235416666666667,2026-09-24T10:01:00+05:30,2026-09-29T15:30:00+05:30
