k_removed,estimand,full_estimate,after_removing_top_k_influential,change,random_k_p05,random_k_p50,random_k_p95
1,S1_session_all_obs_median,2.6510147677979665,2.671850206589804,0.02083543879183747,2.642788716159611,2.653538449532127,2.6703902789246787
1,S2_session_median_of_expiry_medians,2.5232862494189847,2.530792298545263,0.007506049126278391,2.5157802002927063,2.530792298545263,2.530792298545263
1,S1_calendar_all_obs_median,1.8049028316989457,1.7950632850945532,-0.009839546604392568,1.796234312265698,1.8057911470776968,1.8140380943359644
1,S2_calendar_median_of_expiry_medians,1.8599927046751916,1.8674278828851332,0.007435178209941551,1.85255752646525,1.8674278828851332,1.8674278828851332
1,R1_geometric_mean_all_obs,1.2910872241164104,1.3016871021010055,0.010599877984595052,1.2885685914706955,1.2907828013816387,1.295119482735664
1,R1e_geometric_mean_expiry_weighted,1.289940920536275,1.300954675425598,0.01101375488932299,1.2873024404332487,1.2896319305946882,1.2941141610394387
1,R2_median_ratio_all_obs,1.370507256862478,1.3732594010197168,0.0027521441572386784,1.3681463276230126,1.370507256862478,1.3732594010197168
1,R2e_median_of_expiry_median_ratios,1.3828414725866178,1.3834056355705227,0.0005641629839048257,1.382277309602713,1.3834056355705227,1.3834056355705227
1,R3_ratio_of_summed_total_variance,1.1159573338732487,1.149929249249104,0.03397191537585531,1.112511490932501,1.1155268050481189,1.1220068285816516
5,S1_session_all_obs_median,2.6510147677979665,2.7296693794238718,0.07865461162590526,2.619922831645785,2.6500164013255105,2.6816879330371504
5,S2_session_median_of_expiry_medians,2.5232862494189847,2.530792298545263,0.007506049126278391,2.514500558026856,2.5157802002927063,2.543706719535016
5,S1_calendar_all_obs_median,1.8049028316989457,1.7485811699006018,-0.05632166179834397,1.781007416493315,1.801669603666964,1.833328912651336
5,S2_calendar_median_of_expiry_medians,1.8599927046751916,1.869181148705716,0.009188444030524323,1.8435007720706145,1.85255752646525,1.869181148705716
5,R1_geometric_mean_all_obs,1.2910872241164104,1.330238660166261,0.03915143604985061,1.2847448879540788,1.2905393957352418,1.2993438210829322
5,R1e_geometric_mean_expiry_weighted,1.289940920536275,1.3282814792339581,0.03834055869768305,1.2832983375611093,1.2891938234847269,1.297614564222884
5,R2_median_ratio_all_obs,1.370507256862478,1.3824459777203315,0.011938720857853413,1.3648559737294501,1.3703418244865948,1.376672092277615
5,R2e_median_of_expiry_median_ratios,1.3828414725866178,1.3871317438167887,0.0042902712301708945,1.3817484988507989,1.382277309602713,1.3871317438167887
5,R3_ratio_of_summed_total_variance,1.1159573338732487,1.2439455718217944,0.12798823794854575,1.10849587852336,1.1139151430476635,1.13346112399774
10,S1_session_all_obs_median,2.6510147677979665,2.795414770344434,0.14440000254646757,2.613475154373429,2.6505315356291694,2.6944915652538026
10,S2_session_median_of_expiry_medians,2.5232862494189847,2.5232862494189847,0.0,2.5096752177618216,2.5232862494189847,2.5498491880424403
10,S1_calendar_all_obs_median,1.8049028316989457,1.703054295597633,-0.10184853610131261,1.7717401867432434,1.8052939482152188,1.8426383340229735
10,S2_calendar_median_of_expiry_medians,1.8599927046751916,1.8683045157954246,0.008311811120232937,1.829066420044216,1.8599927046751916,1.9035047332263764
10,R1_geometric_mean_all_obs,1.2910872241164104,1.3545527150550158,0.06346549093860543,1.2820791682395634,1.2905451413694622,1.30226123637503
10,R1e_geometric_mean_expiry_weighted,1.289940920536275,1.343529634533781,0.05358871399750598,1.2811678074408144,1.2895240713122784,1.3008303175012437
10,R2_median_ratio_all_obs,1.370507256862478,1.397565194830432,0.02705793796795386,1.3632909579853243,1.370519030394204,1.3792213175823824
10,R2e_median_of_expiry_median_ratios,1.3828414725866178,1.3852686896936557,0.00242721710703786,1.3774539677440907,1.3828414725866178,1.3892340939748098
10,R3_ratio_of_summed_total_variance,1.1159573338732487,1.2640055250896867,0.14804819121643797,1.1038462301614744,1.1128918132094865,1.1446635607604747
20,S1_session_all_obs_median,2.6510147677979665,2.9206631038478026,0.26964833604983607,2.5800718319051805,2.6489527148431993,2.716183010938707
20,S2_session_median_of_expiry_medians,2.5232862494189847,2.457670532988148,-0.06561571643083663,2.457670532988148,2.5232862494189847,2.5741457564703145
20,S1_calendar_all_obs_median,1.8049028316989457,1.8057911470776968,0.0008883153787511144,1.7506097924522717,1.8025448449436825,1.8509699379191125
20,S2_calendar_median_of_expiry_medians,1.8599927046751916,1.8420473978004472,-0.017945306874744382,1.8156514266606365,1.8599927046751916,1.9035755670068646
20,R1_geometric_mean_all_obs,1.2910872241164104,1.3565553023853953,0.06546807826898493,1.276922785851538,1.2903808191020292,1.3077395339389373
20,R1e_geometric_mean_expiry_weighted,1.289940920536275,1.353703202894435,0.06376228235815984,1.2759409057109348,1.2890605978377827,1.306175437830266
20,R2_median_ratio_all_obs,1.370507256862478,1.423167189389767,0.052659932527288955,1.3585468993763512,1.370495483330752,1.3808087056682006
20,R2e_median_of_expiry_median_ratios,1.3828414725866178,1.382012904226756,-0.000828568359861892,1.3750147642691717,1.3828414725866178,1.3933439082375265
20,R3_ratio_of_summed_total_variance,1.1159573338732487,1.266529700626296,0.15057236675304742,1.0948581828930217,1.1114545605663844,1.150774407992562
